Unity Editor version:    6000.0.36f1 (9fe3b5f71dbb)
Branch:                  6000.0/staging
Build type:              Release
Batch mode:              YES
macOS version:           Version 15.3.2 (Build 24D81)
Darwin version:          24.3.0
Architecture:            arm64
Running under Rosetta:   NO
Available memory:        16384 MB
Using pre-set license
Pro License: YES

COMMAND LINE ARGUMENTS:
/Applications/Unity/Hub/Editor/6000.0.36f1/Unity.app/Contents/MacOS/Unity
-adb2
-batchMode
-noUpm
-name
AssetImportWorker0
-projectPath
/Users/zachcollins/Documents/GitHub/GameDev3/Area 1 (grass land) copy 2
-logFile
Logs/AssetImportWorker0.log
-srvPort
51005
-job-worker-count
3
-background-job-worker-count
8
-gc-helper-count
1
Successfully changed project path to: /Users/zachcollins/Documents/GitHub/GameDev3/Area 1 (grass land) copy 2
/Users/zachcollins/Documents/GitHub/GameDev3/Area 1 (grass land) copy 2
[UnityMemory] Configuration Parameters - Can be set up in boot.config
    "memorysetup-bucket-allocator-granularity=16"
    "memorysetup-bucket-allocator-bucket-count=8"
    "memorysetup-bucket-allocator-block-size=33554432"
    "memorysetup-bucket-allocator-block-count=8"
    "memorysetup-main-allocator-block-size=16777216"
    "memorysetup-thread-allocator-block-size=16777216"
    "memorysetup-gfx-main-allocator-block-size=16777216"
    "memorysetup-gfx-thread-allocator-block-size=16777216"
    "memorysetup-cache-allocator-block-size=4194304"
    "memorysetup-typetree-allocator-block-size=2097152"
    "memorysetup-profiler-bucket-allocator-granularity=16"
    "memorysetup-profiler-bucket-allocator-bucket-count=8"
    "memorysetup-profiler-bucket-allocator-block-size=33554432"
    "memorysetup-profiler-bucket-allocator-block-count=8"
    "memorysetup-profiler-allocator-block-size=16777216"
    "memorysetup-profiler-editor-allocator-block-size=1048576"
    "memorysetup-temp-allocator-size-main=16777216"
    "memorysetup-job-temp-allocator-block-size=2097152"
    "memorysetup-job-temp-allocator-block-size-background=1048576"
    "memorysetup-job-temp-allocator-reduction-small-platforms=262144"
    "memorysetup-allocator-temp-initial-block-size-main=262144"
    "memorysetup-allocator-temp-initial-block-size-worker=262144"
    "memorysetup-temp-allocator-size-background-worker=32768"
    "memorysetup-temp-allocator-size-job-worker=262144"
    "memorysetup-temp-allocator-size-preload-manager=33554432"
    "memorysetup-temp-allocator-size-nav-mesh-worker=65536"
    "memorysetup-temp-allocator-size-audio-worker=65536"
    "memorysetup-temp-allocator-size-cloud-worker=32768"
    "memorysetup-temp-allocator-size-gi-baking-worker=262144"
    "memorysetup-temp-allocator-size-gi-baking-worker=262144"
    "memorysetup-temp-allocator-size-gi-baking-worker=262144"
    "memorysetup-temp-allocator-size-gi-baking-worker=262144"
    "memorysetup-temp-allocator-size-gi-baking-worker=262144"
    "memorysetup-temp-allocator-size-gfx=262144"
Player connection [8393066560]  Target information:

Player connection [8393066560]  * "[IP] 192.168.1.11 [Port] 0 [Flags] 2 [Guid] 3944491395 [EditorId] 3944491395 [Version] 1048832 [Id] OSXEditor(0,Zachs-Laptop-3.local) [Debug] 1 [PackageName] OSXEditor [ProjectName] Editor" 

Player connection [8393066560] Host joined multi-casting on [225.0.0.222:54997]...
Player connection [8393066560] Host joined alternative multi-casting on [225.0.0.222:34997]...
JobSystem: Creating JobQueue using job-worker-count value 3
Input System module state changed to: Initialized.
[Physics::Module] Initialized fallback backend.
[Physics::Module] Id: 0xdecafbad
Library Redirect Path: Library/
[Physics::Module] Selected backend.
[Physics::Module] Name: PhysX
[Physics::Module] Id: 0xf2b8ea05
[Physics::Module] SDK Version: 4.1.2
[Physics::Module] Integration Version: 1.0.0
[Physics::Module] Threading Mode: Multi-Threaded
Refreshing native plugins compatible for Editor in 1.91 ms, found 3 plugins.
Preloading 0 native plugins for Editor in 0.00 ms.
Initialize engine version: 6000.0.36f1 (9fe3b5f71dbb)
[Subsystems] Discovering subsystems at path /Applications/Unity/Hub/Editor/6000.0.36f1/Unity.app/Contents/Resources/UnitySubsystems
[Subsystems] Discovering subsystems at path /Users/zachcollins/Documents/GitHub/GameDev3/Area 1 (grass land) copy 2/Assets
GfxDevice: creating device client; kGfxThreadingModeNonThreaded
 preferred device: Apple M3 (high power)
Metal devices available: 1
0: Apple M3 (high power)
Using device Apple M3 (high power)
Initializing Metal device caps: Apple M3
Initialize mono
Mono path[0] = '/Applications/Unity/Hub/Editor/6000.0.36f1/Unity.app/Contents/Managed'
Mono path[1] = '/Applications/Unity/Hub/Editor/6000.0.36f1/Unity.app/Contents/MonoBleedingEdge/lib/mono/unityjit-macos'
Mono config path = '/Applications/Unity/Hub/Editor/6000.0.36f1/Unity.app/Contents/MonoBleedingEdge/etc'
Using monoOptions --debugger-agent=transport=dt_socket,embedding=1,server=y,suspend=n,address=127.0.0.1:56267
Begin MonoManager ReloadAssembly
Registering precompiled unity dll's ...
Register platform support module: /Applications/Unity/Hub/Editor/6000.0.36f1/PlaybackEngines/WebGLSupport/UnityEditor.WebGL.Extensions.dll
Register platform support module: /Applications/Unity/Hub/Editor/6000.0.36f1/Unity.app/Contents/PlaybackEngines/MacStandaloneSupport/UnityEditor.OSXStandalone.Extensions.dll
Registered in 0.001414 seconds.
- Loaded All Assemblies, in  0.263 seconds
Native extension for OSXStandalone target not found
Native extension for WebGL target not found
Mono: successfully reloaded assembly
- Finished resetting the current domain, in  0.218 seconds
Domain Reload Profiling: 482ms
	BeginReloadAssembly (102ms)
		ExecutionOrderSort (0ms)
		DisableScriptedObjects (0ms)
		BackupInstance (0ms)
		ReleaseScriptingObjects (0ms)
		CreateAndSetChildDomain (0ms)
	RebuildCommonClasses (23ms)
	RebuildNativeTypeToScriptingClass (8ms)
	initialDomainReloadingComplete (25ms)
	LoadAllAssembliesAndSetupDomain (105ms)
		LoadAssemblies (102ms)
		RebuildTransferFunctionScriptingTraits (0ms)
		AnalyzeDomain (103ms)
			TypeCache.Refresh (102ms)
				TypeCache.ScanAssembly (94ms)
			BuildScriptInfoCaches (0ms)
			ResolveRequiredComponents (0ms)
	FinalizeReload (219ms)
		ReleaseScriptCaches (0ms)
		RebuildScriptCaches (0ms)
		SetupLoadedEditorAssemblies (192ms)
			LogAssemblyErrors (0ms)
			InitializePlatformSupportModulesInManaged (23ms)
			SetLoadedEditorAssemblies (2ms)
			BeforeProcessingInitializeOnLoad (34ms)
			ProcessInitializeOnLoadAttributes (76ms)
			ProcessInitializeOnLoadMethodAttributes (57ms)
			AfterProcessingInitializeOnLoad (0ms)
			EditorAssembliesLoaded (0ms)
		ExecutionOrderSort2 (0ms)
		AwakeInstancesAfterBackupRestoration (0ms)
========================================================================
Worker process is ready to serve import requests
Import Worker Mode flag is 0x00
Begin MonoManager ReloadAssembly
- Loaded All Assemblies, in  0.463 seconds
Refreshing native plugins compatible for Editor in 0.44 ms, found 3 plugins.
Native extension for OSXStandalone target not found
Native extension for WebGL target not found
Mono: successfully reloaded assembly
- Finished resetting the current domain, in  0.406 seconds
Domain Reload Profiling: 869ms
	BeginReloadAssembly (77ms)
		ExecutionOrderSort (0ms)
		DisableScriptedObjects (4ms)
		BackupInstance (0ms)
		ReleaseScriptingObjects (0ms)
		CreateAndSetChildDomain (24ms)
	RebuildCommonClasses (24ms)
	RebuildNativeTypeToScriptingClass (8ms)
	initialDomainReloadingComplete (19ms)
	LoadAllAssembliesAndSetupDomain (334ms)
		LoadAssemblies (231ms)
		RebuildTransferFunctionScriptingTraits (0ms)
		AnalyzeDomain (135ms)
			TypeCache.Refresh (108ms)
				TypeCache.ScanAssembly (97ms)
			BuildScriptInfoCaches (22ms)
			ResolveRequiredComponents (3ms)
	FinalizeReload (406ms)
		ReleaseScriptCaches (0ms)
		RebuildScriptCaches (0ms)
		SetupLoadedEditorAssemblies (345ms)
			LogAssemblyErrors (0ms)
			InitializePlatformSupportModulesInManaged (2ms)
			SetLoadedEditorAssemblies (3ms)
			BeforeProcessingInitializeOnLoad (63ms)
			ProcessInitializeOnLoadAttributes (253ms)
			ProcessInitializeOnLoadMethodAttributes (24ms)
			AfterProcessingInitializeOnLoad (1ms)
			EditorAssembliesLoaded (0ms)
		ExecutionOrderSort2 (0ms)
		AwakeInstancesAfterBackupRestoration (2ms)
Launching external process: /Applications/Unity/Hub/Editor/6000.0.36f1/Unity.app/Contents/Tools/UnityShaderCompiler
Launched and connected shader compiler UnityShaderCompiler after 0.03 seconds
Refreshing native plugins compatible for Editor in 0.56 ms, found 3 plugins.
Preloading 0 native plugins for Editor in 0.00 ms.
Unloading 14 Unused Serialized files (Serialized files now loaded: 0)
Unloading 4746 unused Assets / (1.0 MB). Loaded Objects now: 5218.
Memory consumption went from 104.9 MB to 103.8 MB.
Total: 4.977000 ms (FindLiveObjects: 0.424083 ms CreateObjectMapping: 0.116333 ms MarkObjects: 3.582834 ms  DeleteObjects: 0.853250 ms)

========================================================================
Received Import Request.
  Time since last request: 8670.147311 seconds.
  path: Assets/topDown_baseTiles_1.asset
  artifactKey: Guid(5d2ddb9537d514ae4b076404f9595a87) Importer(815301076,1909f56bfc062723c751e8b465ee728b)
Start importing Assets/topDown_baseTiles_1.asset using Guid(5d2ddb9537d514ae4b076404f9595a87) Importer(815301076,1909f56bfc062723c751e8b465ee728b) (PreviewImporter) -> (artifact id: 'f83358b68b231fe543fc927ed07031c0') in 0.097253541 seconds
Number of updated asset objects reloaded before import = 0Number of asset objects unloaded after import = 3

========================================================================
Received Import Request.
  Time since last request: 0.000074 seconds.
  path: Assets/topDown_baseTiles_13.asset
  artifactKey: Guid(5593e68d37aa7469d9ecad0d678fead9) Importer(815301076,1909f56bfc062723c751e8b465ee728b)
Start importing Assets/topDown_baseTiles_13.asset using Guid(5593e68d37aa7469d9ecad0d678fead9) Importer(815301076,1909f56bfc062723c751e8b465ee728b) (PreviewImporter) -> (artifact id: '36d7b7c87c2dfb78beb727c62ba61d4d') in 0.002939209 seconds
Number of updated asset objects reloaded before import = 0Number of asset objects unloaded after import = 3

========================================================================
Received Import Request.
  Time since last request: 0.000091 seconds.
  path: Assets/InputSystem_Actions.inputactions
  artifactKey: Guid(3590b91b4603b465dbb4216d601bff33) Importer(815301076,1909f56bfc062723c751e8b465ee728b)
Start importing Assets/InputSystem_Actions.inputactions using Guid(3590b91b4603b465dbb4216d601bff33) Importer(815301076,1909f56bfc062723c751e8b465ee728b) (PreviewImporter) -> (artifact id: '52978deca89b5547bfe7f2cc0d175ccc') in 0.0031945 seconds
Number of updated asset objects reloaded before import = 0Number of asset objects unloaded after import = 19

========================================================================
Received Import Request.
  Time since last request: 0.000267 seconds.
  path: Assets/topDown_baseTiles_11.asset
  artifactKey: Guid(1ed46ee7424d24f08a46a3c44ebe7200) Importer(815301076,1909f56bfc062723c751e8b465ee728b)
Start importing Assets/topDown_baseTiles_11.asset using Guid(1ed46ee7424d24f08a46a3c44ebe7200) Importer(815301076,1909f56bfc062723c751e8b465ee728b) (PreviewImporter) -> (artifact id: '059a7a8f3971a9050febafb2fafd0bff') in 0.003844833 seconds
Number of updated asset objects reloaded before import = 0Number of asset objects unloaded after import = 3

========================================================================
Received Import Request.
  Time since last request: 0.000055 seconds.
  path: Assets/Island_Music.mp3
  artifactKey: Guid(3cbaf724197cd39418e5c58c2657e632) Importer(815301076,1909f56bfc062723c751e8b465ee728b)
Start importing Assets/Island_Music.mp3 using Guid(3cbaf724197cd39418e5c58c2657e632) Importer(815301076,1909f56bfc062723c751e8b465ee728b) (PreviewImporter) -> (artifact id: '63f037d1acf1f825e8786ed74c606d99') in 0.027167667 seconds
Number of updated asset objects reloaded before import = 0Number of asset objects unloaded after import = 2

========================================================================
Received Import Request.
  Time since last request: 0.000039 seconds.
  path: Assets/Forest_Music.mp3
  artifactKey: Guid(efb1f14a454fa1544b499eb40053b15f) Importer(815301076,1909f56bfc062723c751e8b465ee728b)
Start importing Assets/Forest_Music.mp3 using Guid(efb1f14a454fa1544b499eb40053b15f) Importer(815301076,1909f56bfc062723c751e8b465ee728b) (PreviewImporter) -> (artifact id: '4611c0a186f941c332d618683f8f66e4') in 0.003189833 seconds
Number of updated asset objects reloaded before import = 0Number of asset objects unloaded after import = 2

========================================================================
Received Import Request.
  Time since last request: 0.000093 seconds.
  path: Assets/topDown_baseTiles_14.asset
  artifactKey: Guid(778828349256945668fa1036d0b26774) Importer(815301076,1909f56bfc062723c751e8b465ee728b)
Start importing Assets/topDown_baseTiles_14.asset using Guid(778828349256945668fa1036d0b26774) Importer(815301076,1909f56bfc062723c751e8b465ee728b) (PreviewImporter) -> (artifact id: '9ba7ca0aa6e7b7c2176c8148619a0b49') in 0.00255125 seconds
Number of updated asset objects reloaded before import = 0Number of asset objects unloaded after import = 3

========================================================================
Received Import Request.
  Time since last request: 0.000125 seconds.
  path: Assets/topDown_baseTiles_3.asset
  artifactKey: Guid(ec3d0122058f341ca80519f6242cf1b2) Importer(815301076,1909f56bfc062723c751e8b465ee728b)
Start importing Assets/topDown_baseTiles_3.asset using Guid(ec3d0122058f341ca80519f6242cf1b2) Importer(815301076,1909f56bfc062723c751e8b465ee728b) (PreviewImporter) -> (artifact id: '45771bf001eaea6bbd8b52a50344033b') in 0.002732625 seconds
Number of updated asset objects reloaded before import = 0Number of asset objects unloaded after import = 3

========================================================================
Received Import Request.
  Time since last request: 0.000114 seconds.
  path: Assets/topDown_baseTiles_17.asset
  artifactKey: Guid(45b34554f26b14acd9d89c3162ac258f) Importer(815301076,1909f56bfc062723c751e8b465ee728b)
Start importing Assets/topDown_baseTiles_17.asset using Guid(45b34554f26b14acd9d89c3162ac258f) Importer(815301076,1909f56bfc062723c751e8b465ee728b) (PreviewImporter) -> (artifact id: 'ecfbc55f4aaa196deefd4acce24ed387') in 0.003275042 seconds
Number of updated asset objects reloaded before import = 0Number of asset objects unloaded after import = 3

========================================================================
Received Import Request.
  Time since last request: 0.000053 seconds.
  path: Assets/topDown_baseTiles_10.asset
  artifactKey: Guid(f4e832a769e384226b65642fb6c0876e) Importer(815301076,1909f56bfc062723c751e8b465ee728b)
Start importing Assets/topDown_baseTiles_10.asset using Guid(f4e832a769e384226b65642fb6c0876e) Importer(815301076,1909f56bfc062723c751e8b465ee728b) (PreviewImporter) -> (artifact id: 'cafc96d81c73b2f315a38b15adcf7291') in 0.003207458 seconds
Number of updated asset objects reloaded before import = 0Number of asset objects unloaded after import = 3

========================================================================
Received Import Request.
  Time since last request: 0.000054 seconds.
  path: Assets/spr_structures_exterior_129.asset
  artifactKey: Guid(8e9df6eeb32ad4ce690f303d69f71b1b) Importer(815301076,1909f56bfc062723c751e8b465ee728b)
Start importing Assets/spr_structures_exterior_129.asset using Guid(8e9df6eeb32ad4ce690f303d69f71b1b) Importer(815301076,1909f56bfc062723c751e8b465ee728b) (PreviewImporter) -> (artifact id: '6da67a9de14e3c74645ebe09067ab4f7') in 0.003500042 seconds
Number of updated asset objects reloaded before import = 0Number of asset objects unloaded after import = 3

========================================================================
Received Import Request.
  Time since last request: 0.000408 seconds.
  path: Assets/topDown_baseTiles_12.asset
  artifactKey: Guid(923c215c77dd643d284aa9904ea1ff42) Importer(815301076,1909f56bfc062723c751e8b465ee728b)
Start importing Assets/topDown_baseTiles_12.asset using Guid(923c215c77dd643d284aa9904ea1ff42) Importer(815301076,1909f56bfc062723c751e8b465ee728b) (PreviewImporter) -> (artifact id: 'ad7b57f8c7bd5e714cff89f82f78a88f') in 0.00359275 seconds
Number of updated asset objects reloaded before import = 0Number of asset objects unloaded after import = 3

========================================================================
Received Import Request.
  Time since last request: 0.000044 seconds.
  path: Assets/topDown_baseTiles_4.asset
  artifactKey: Guid(488d88fa2faa1451b97330588d149547) Importer(815301076,1909f56bfc062723c751e8b465ee728b)
Start importing Assets/topDown_baseTiles_4.asset using Guid(488d88fa2faa1451b97330588d149547) Importer(815301076,1909f56bfc062723c751e8b465ee728b) (PreviewImporter) -> (artifact id: '218f049e28b1d09c4c43c50be311c97f') in 0.003986791 seconds
Number of updated asset objects reloaded before import = 0Number of asset objects unloaded after import = 3

========================================================================
Received Import Request.
  Time since last request: 0.000066 seconds.
  path: Assets/topDown_baseTiles_15.asset
  artifactKey: Guid(363d13e11e48249b48058eb8ca966a4c) Importer(815301076,1909f56bfc062723c751e8b465ee728b)
Start importing Assets/topDown_baseTiles_15.asset using Guid(363d13e11e48249b48058eb8ca966a4c) Importer(815301076,1909f56bfc062723c751e8b465ee728b) (PreviewImporter) -> (artifact id: '3f01e798da02dea3c3c01f1e4e4fc12d') in 0.00318975 seconds
Number of updated asset objects reloaded before import = 0Number of asset objects unloaded after import = 3

========================================================================
Received Import Request.
  Time since last request: 0.000116 seconds.
  path: Assets/topDown_baseTiles_18.asset
  artifactKey: Guid(dfb0e6ed16be54fe5bb4746119c59d28) Importer(815301076,1909f56bfc062723c751e8b465ee728b)
Start importing Assets/topDown_baseTiles_18.asset using Guid(dfb0e6ed16be54fe5bb4746119c59d28) Importer(815301076,1909f56bfc062723c751e8b465ee728b) (PreviewImporter) -> (artifact id: '60e4789419689acb365caec3df73c7ad') in 0.002504375 seconds
Number of updated asset objects reloaded before import = 0Number of asset objects unloaded after import = 3

========================================================================
Received Import Request.
  Time since last request: 0.000029 seconds.
  path: Assets/topDown_baseTiles_2.asset
  artifactKey: Guid(8ee63dde9df6447c09f3f533cc5602f5) Importer(815301076,1909f56bfc062723c751e8b465ee728b)
Start importing Assets/topDown_baseTiles_2.asset using Guid(8ee63dde9df6447c09f3f533cc5602f5) Importer(815301076,1909f56bfc062723c751e8b465ee728b) (PreviewImporter) -> (artifact id: '6a25aa3733cb313a545f3901bafe2619') in 0.003040417 seconds
Number of updated asset objects reloaded before import = 0Number of asset objects unloaded after import = 3

========================================================================
Received Import Request.
  Time since last request: 0.000051 seconds.
  path: Assets/topDown_baseTiles_6.asset
  artifactKey: Guid(e2c3fffc0dc2b4f6fa64598befb348c5) Importer(815301076,1909f56bfc062723c751e8b465ee728b)
Start importing Assets/topDown_baseTiles_6.asset using Guid(e2c3fffc0dc2b4f6fa64598befb348c5) Importer(815301076,1909f56bfc062723c751e8b465ee728b) (PreviewImporter) -> (artifact id: '8c894b5e6f485b56cf25f3002e1738e3') in 0.003358958 seconds
Number of updated asset objects reloaded before import = 0Number of asset objects unloaded after import = 3

========================================================================
Received Import Request.
  Time since last request: 0.000065 seconds.
  path: Assets/topDown_baseTiles_5.asset
  artifactKey: Guid(92844fbaee56a4b2983c65c9ff5da114) Importer(815301076,1909f56bfc062723c751e8b465ee728b)
Start importing Assets/topDown_baseTiles_5.asset using Guid(92844fbaee56a4b2983c65c9ff5da114) Importer(815301076,1909f56bfc062723c751e8b465ee728b) (PreviewImporter) -> (artifact id: '7279072c5cbaae79b8de0e53fb85bd97') in 0.004052916 seconds
Number of updated asset objects reloaded before import = 0Number of asset objects unloaded after import = 3

========================================================================
Received Import Request.
  Time since last request: 0.000098 seconds.
  path: Assets/topDown_baseTiles_19.asset
  artifactKey: Guid(8c78b04f4544a4330bd192a11cf73de8) Importer(815301076,1909f56bfc062723c751e8b465ee728b)
Start importing Assets/topDown_baseTiles_19.asset using Guid(8c78b04f4544a4330bd192a11cf73de8) Importer(815301076,1909f56bfc062723c751e8b465ee728b) (PreviewImporter) -> (artifact id: '6bace213f1a8405a1eb9e6fbcfee9c54') in 0.003275875 seconds
Number of updated asset objects reloaded before import = 0Number of asset objects unloaded after import = 3

========================================================================
Received Import Request.
  Time since last request: 0.000037 seconds.
  path: Assets/topDown_baseTiles_16.asset
  artifactKey: Guid(394548ed8980a42dc9e74c25c39ba4cd) Importer(815301076,1909f56bfc062723c751e8b465ee728b)
Start importing Assets/topDown_baseTiles_16.asset using Guid(394548ed8980a42dc9e74c25c39ba4cd) Importer(815301076,1909f56bfc062723c751e8b465ee728b) (PreviewImporter) -> (artifact id: 'a10c8cb7ee0884fde8e8236308e22c78') in 0.002987125 seconds
Number of updated asset objects reloaded before import = 0Number of asset objects unloaded after import = 3

========================================================================
Received Import Request.
  Time since last request: 0.000114 seconds.
  path: Assets/topDown_baseTiles_0.asset
  artifactKey: Guid(29665d4b9690242c8866d2d534811e06) Importer(815301076,1909f56bfc062723c751e8b465ee728b)
Start importing Assets/topDown_baseTiles_0.asset using Guid(29665d4b9690242c8866d2d534811e06) Importer(815301076,1909f56bfc062723c751e8b465ee728b) (PreviewImporter) -> (artifact id: '986c3396d75550187bb5041f712601b4') in 0.003353125 seconds
Number of updated asset objects reloaded before import = 0Number of asset objects unloaded after import = 3

========================================================================
Received Import Request.
  Time since last request: 0.000059 seconds.
  path: Assets/topDown_baseTiles_9.asset
  artifactKey: Guid(51832fbd6b7a148658970a7e3c431ec1) Importer(815301076,1909f56bfc062723c751e8b465ee728b)
Start importing Assets/topDown_baseTiles_9.asset using Guid(51832fbd6b7a148658970a7e3c431ec1) Importer(815301076,1909f56bfc062723c751e8b465ee728b) (PreviewImporter) -> (artifact id: '58f1a3409e62140e16253a5cf55d7711') in 0.002577916 seconds
Number of updated asset objects reloaded before import = 0Number of asset objects unloaded after import = 3

========================================================================
Received Import Request.
  Time since last request: 0.000022 seconds.
  path: Assets/topDown_baseTiles.png
  artifactKey: Guid(9fcc30c8b08fb49c2a5e88363eff76ba) Importer(815301076,1909f56bfc062723c751e8b465ee728b)
Start importing Assets/topDown_baseTiles.png using Guid(9fcc30c8b08fb49c2a5e88363eff76ba) Importer(815301076,1909f56bfc062723c751e8b465ee728b) (PreviewImporter) -> (artifact id: '247af44af83f7b153d90db384c0c3290') in 0.600138959 seconds
Number of updated asset objects reloaded before import = 0Number of asset objects unloaded after import = 614

========================================================================
Received Import Request.
  Time since last request: 15.529745 seconds.
  path: Assets/topDown_baseTiles_20.asset
  artifactKey: Guid(21fe63b20ab694b1a9911de977ee69cc) Importer(815301076,1909f56bfc062723c751e8b465ee728b)
Start importing Assets/topDown_baseTiles_20.asset using Guid(21fe63b20ab694b1a9911de977ee69cc) Importer(815301076,1909f56bfc062723c751e8b465ee728b) (PreviewImporter) -> (artifact id: 'ed33822503e5fbd3cc7d9f553748b12a') in 0.008685125 seconds
Number of updated asset objects reloaded before import = 0Number of asset objects unloaded after import = 3

========================================================================
Received Import Request.
  Time since last request: 0.000045 seconds.
  path: Assets/topDown_baseTiles_29.asset
  artifactKey: Guid(37088b43587124d5396aed151afc2e71) Importer(815301076,1909f56bfc062723c751e8b465ee728b)
Start importing Assets/topDown_baseTiles_29.asset using Guid(37088b43587124d5396aed151afc2e71) Importer(815301076,1909f56bfc062723c751e8b465ee728b) (PreviewImporter) -> (artifact id: '8b37d1183f14fd890c61b47b61d54d67') in 0.003091458 seconds
Number of updated asset objects reloaded before import = 0Number of asset objects unloaded after import = 3

========================================================================
Received Import Request.
  Time since last request: 0.000053 seconds.
  path: Assets/topDown_baseTiles_28.asset
  artifactKey: Guid(3e525ac9a857340f5baa30f91225a4ff) Importer(815301076,1909f56bfc062723c751e8b465ee728b)
Start importing Assets/topDown_baseTiles_28.asset using Guid(3e525ac9a857340f5baa30f91225a4ff) Importer(815301076,1909f56bfc062723c751e8b465ee728b) (PreviewImporter) -> (artifact id: '320be9d05f8840751d013e1d3945bd00') in 0.00333525 seconds
Number of updated asset objects reloaded before import = 0Number of asset objects unloaded after import = 3

========================================================================
Received Import Request.
  Time since last request: 0.000053 seconds.
  path: Assets/topDown_baseTiles_23.asset
  artifactKey: Guid(c9d695c1018c9494589ede055acc1cbc) Importer(815301076,1909f56bfc062723c751e8b465ee728b)
Start importing Assets/topDown_baseTiles_23.asset using Guid(c9d695c1018c9494589ede055acc1cbc) Importer(815301076,1909f56bfc062723c751e8b465ee728b) (PreviewImporter) -> (artifact id: 'af946831d324818030999de0f6cee12a') in 0.004036375 seconds
Number of updated asset objects reloaded before import = 0Number of asset objects unloaded after import = 3

========================================================================
Received Import Request.
  Time since last request: 0.000161 seconds.
  path: Assets/topDown_baseTiles_22.asset
  artifactKey: Guid(0ad824d39df064907b1d83b4cde6ef5d) Importer(815301076,1909f56bfc062723c751e8b465ee728b)
Start importing Assets/topDown_baseTiles_22.asset using Guid(0ad824d39df064907b1d83b4cde6ef5d) Importer(815301076,1909f56bfc062723c751e8b465ee728b) (PreviewImporter) -> (artifact id: 'c3fb618d923ded0e94f88636be295c0c') in 0.003246958 seconds
Number of updated asset objects reloaded before import = 0Number of asset objects unloaded after import = 3

========================================================================
Received Import Request.
  Time since last request: 0.120802 seconds.
  path: Assets/topDown_baseTiles_31.asset
  artifactKey: Guid(b43c72be8bc934572b69366dbed67934) Importer(815301076,1909f56bfc062723c751e8b465ee728b)
Start importing Assets/topDown_baseTiles_31.asset using Guid(b43c72be8bc934572b69366dbed67934) Importer(815301076,1909f56bfc062723c751e8b465ee728b) (PreviewImporter) -> (artifact id: '7436608290ed3046cd7180cd39e8bfa0') in 0.002539375 seconds
Number of updated asset objects reloaded before import = 0Number of asset objects unloaded after import = 3

========================================================================
Received Import Request.
  Time since last request: 0.000050 seconds.
  path: Assets/topDown_baseTiles_33.asset
  artifactKey: Guid(36ff7b57139cb40088685e8f3ffb0008) Importer(815301076,1909f56bfc062723c751e8b465ee728b)
Start importing Assets/topDown_baseTiles_33.asset using Guid(36ff7b57139cb40088685e8f3ffb0008) Importer(815301076,1909f56bfc062723c751e8b465ee728b) (PreviewImporter) -> (artifact id: '5f4f05e9169ffdf3791c65a8dece4570') in 0.003229 seconds
Number of updated asset objects reloaded before import = 0Number of asset objects unloaded after import = 3

========================================================================
Received Import Request.
  Time since last request: 0.000071 seconds.
  path: Assets/topDown_baseTiles_34.asset
  artifactKey: Guid(f4ccd83e98eb846b9b9ea757c8c08fda) Importer(815301076,1909f56bfc062723c751e8b465ee728b)
Start importing Assets/topDown_baseTiles_34.asset using Guid(f4ccd83e98eb846b9b9ea757c8c08fda) Importer(815301076,1909f56bfc062723c751e8b465ee728b) (PreviewImporter) -> (artifact id: '20eb3c4b6840d6dda811e81f0181e848') in 0.00338425 seconds
Number of updated asset objects reloaded before import = 0Number of asset objects unloaded after import = 3

========================================================================
Received Import Request.
  Time since last request: 0.000024 seconds.
  path: Assets/topDown_baseTiles_39.asset
  artifactKey: Guid(70567fc894ccb4e5096c8dd7a353b6b6) Importer(815301076,1909f56bfc062723c751e8b465ee728b)
Start importing Assets/topDown_baseTiles_39.asset using Guid(70567fc894ccb4e5096c8dd7a353b6b6) Importer(815301076,1909f56bfc062723c751e8b465ee728b) (PreviewImporter) -> (artifact id: 'f76395a1645bff1f3c95bb5cb25e4b1f') in 0.003416 seconds
Number of updated asset objects reloaded before import = 0Number of asset objects unloaded after import = 3

========================================================================
Received Import Request.
  Time since last request: 0.000048 seconds.
  path: Assets/topDown_baseTiles_40.asset
  artifactKey: Guid(c86642fac226e47799e9055753fdd892) Importer(815301076,1909f56bfc062723c751e8b465ee728b)
Start importing Assets/topDown_baseTiles_40.asset using Guid(c86642fac226e47799e9055753fdd892) Importer(815301076,1909f56bfc062723c751e8b465ee728b) (PreviewImporter) -> (artifact id: 'c2d91142c92166b285d212df871d0d3e') in 0.003345 seconds
Number of updated asset objects reloaded before import = 0Number of asset objects unloaded after import = 3

========================================================================
Received Import Request.
  Time since last request: 0.116697 seconds.
  path: Assets/topDown_baseTiles_42.asset
  artifactKey: Guid(72d94b06e578c4ca2b26b03694e3d277) Importer(815301076,1909f56bfc062723c751e8b465ee728b)
Start importing Assets/topDown_baseTiles_42.asset using Guid(72d94b06e578c4ca2b26b03694e3d277) Importer(815301076,1909f56bfc062723c751e8b465ee728b) (PreviewImporter) -> (artifact id: 'dfbcd5fe01f876d7ddabf866c65265bb') in 0.002489958 seconds
Number of updated asset objects reloaded before import = 0Number of asset objects unloaded after import = 3

========================================================================
Received Import Request.
  Time since last request: 0.000085 seconds.
  path: Assets/topDown_baseTiles_49.asset
  artifactKey: Guid(a6ce19db5dcc34dbe9ae9b2cfa3ea828) Importer(815301076,1909f56bfc062723c751e8b465ee728b)
Start importing Assets/topDown_baseTiles_49.asset using Guid(a6ce19db5dcc34dbe9ae9b2cfa3ea828) Importer(815301076,1909f56bfc062723c751e8b465ee728b) (PreviewImporter) -> (artifact id: '8d89233c2a738b3f00664c7832a132b6') in 0.002980417 seconds
Number of updated asset objects reloaded before import = 0Number of asset objects unloaded after import = 3

========================================================================
Received Import Request.
  Time since last request: 0.000095 seconds.
  path: Assets/topDown_baseTiles_52.asset
  artifactKey: Guid(893d68f1719bb4dd0a2ec0cb3b55e252) Importer(815301076,1909f56bfc062723c751e8b465ee728b)
Start importing Assets/topDown_baseTiles_52.asset using Guid(893d68f1719bb4dd0a2ec0cb3b55e252) Importer(815301076,1909f56bfc062723c751e8b465ee728b) (PreviewImporter) -> (artifact id: 'b13145ea7b3e38a420b58e201519d5b8') in 0.003393833 seconds
Number of updated asset objects reloaded before import = 0Number of asset objects unloaded after import = 3

========================================================================
Received Import Request.
  Time since last request: 0.000052 seconds.
  path: Assets/topDown_baseTiles_48.asset
  artifactKey: Guid(14c0affe943b848c6810c5fa1bcc85e1) Importer(815301076,1909f56bfc062723c751e8b465ee728b)
Start importing Assets/topDown_baseTiles_48.asset using Guid(14c0affe943b848c6810c5fa1bcc85e1) Importer(815301076,1909f56bfc062723c751e8b465ee728b) (PreviewImporter) -> (artifact id: 'bc2ac3e2f03a798e46b34994b75b2cb9') in 0.002964792 seconds
Number of updated asset objects reloaded before import = 0Number of asset objects unloaded after import = 3

========================================================================
Received Import Request.
  Time since last request: 0.000115 seconds.
  path: Assets/topDown_baseTiles_47.asset
  artifactKey: Guid(b03079b8f651e450b98877febab369e7) Importer(815301076,1909f56bfc062723c751e8b465ee728b)
Start importing Assets/topDown_baseTiles_47.asset using Guid(b03079b8f651e450b98877febab369e7) Importer(815301076,1909f56bfc062723c751e8b465ee728b) (PreviewImporter) -> (artifact id: '027e330b431689652df7419434b39fee') in 0.003445875 seconds
Number of updated asset objects reloaded before import = 0Number of asset objects unloaded after import = 3

========================================================================
Received Import Request.
  Time since last request: 0.249907 seconds.
  path: Assets/topDown_baseTiles_53.asset
  artifactKey: Guid(537870741a59b43969bea160d80bd087) Importer(815301076,1909f56bfc062723c751e8b465ee728b)
Start importing Assets/topDown_baseTiles_53.asset using Guid(537870741a59b43969bea160d80bd087) Importer(815301076,1909f56bfc062723c751e8b465ee728b) (PreviewImporter) -> (artifact id: '5f9eb1a7fdc1c5a40d994cefea16ed9a') in 0.002474666 seconds
Number of updated asset objects reloaded before import = 0Number of asset objects unloaded after import = 3

========================================================================
Received Import Request.
  Time since last request: 0.000049 seconds.
  path: Assets/topDown_baseTiles_59.asset
  artifactKey: Guid(2580674025267471a9f129797d69addc) Importer(815301076,1909f56bfc062723c751e8b465ee728b)
Start importing Assets/topDown_baseTiles_59.asset using Guid(2580674025267471a9f129797d69addc) Importer(815301076,1909f56bfc062723c751e8b465ee728b) (PreviewImporter) -> (artifact id: '39aa0bee51d939f316aeec43103be53b') in 0.00291225 seconds
Number of updated asset objects reloaded before import = 0Number of asset objects unloaded after import = 3

========================================================================
Received Import Request.
  Time since last request: 0.000067 seconds.
  path: Assets/topDown_baseTiles_63.asset
  artifactKey: Guid(02eafa307d09c46eba5c93253becffbc) Importer(815301076,1909f56bfc062723c751e8b465ee728b)
Start importing Assets/topDown_baseTiles_63.asset using Guid(02eafa307d09c46eba5c93253becffbc) Importer(815301076,1909f56bfc062723c751e8b465ee728b) (PreviewImporter) -> (artifact id: 'd87c35eb170b67b9ef06ac57fdd5f7e3') in 0.003831375 seconds
Number of updated asset objects reloaded before import = 0Number of asset objects unloaded after import = 3

========================================================================
Received Import Request.
  Time since last request: 0.000031 seconds.
  path: Assets/topDown_baseTiles_61.asset
  artifactKey: Guid(03fd244abe3384d5ba90d8284e0d6393) Importer(815301076,1909f56bfc062723c751e8b465ee728b)
Start importing Assets/topDown_baseTiles_61.asset using Guid(03fd244abe3384d5ba90d8284e0d6393) Importer(815301076,1909f56bfc062723c751e8b465ee728b) (PreviewImporter) -> (artifact id: '334f7251d43f448ac0a9053adb8d6bc5') in 0.002809792 seconds
Number of updated asset objects reloaded before import = 0Number of asset objects unloaded after import = 3

========================================================================
Received Import Request.
  Time since last request: 0.000053 seconds.
  path: Assets/topDown_baseTiles_55.asset
  artifactKey: Guid(207f76b9794164c3186c22040a405f3b) Importer(815301076,1909f56bfc062723c751e8b465ee728b)
Start importing Assets/topDown_baseTiles_55.asset using Guid(207f76b9794164c3186c22040a405f3b) Importer(815301076,1909f56bfc062723c751e8b465ee728b) (PreviewImporter) -> (artifact id: 'c9daefa73ed6c0402bae1f7a08e2822f') in 0.002803458 seconds
Number of updated asset objects reloaded before import = 0Number of asset objects unloaded after import = 3

========================================================================
Received Import Request.
  Time since last request: 0.000046 seconds.
  path: Assets/topDown_baseTiles_62.asset
  artifactKey: Guid(c41d206898c1b47fc9669813ec80076c) Importer(815301076,1909f56bfc062723c751e8b465ee728b)
Start importing Assets/topDown_baseTiles_62.asset using Guid(c41d206898c1b47fc9669813ec80076c) Importer(815301076,1909f56bfc062723c751e8b465ee728b) (PreviewImporter) -> (artifact id: 'bfbe7bf64dd4a3a05ee8f9ead99300b1') in 0.002276042 seconds
Number of updated asset objects reloaded before import = 0Number of asset objects unloaded after import = 3

========================================================================
Received Import Request.
  Time since last request: 0.015190 seconds.
  path: Assets/topDown_baseTiles_64.asset
  artifactKey: Guid(c500eb5aa56574119ae0a828f5deadf9) Importer(815301076,1909f56bfc062723c751e8b465ee728b)
Start importing Assets/topDown_baseTiles_64.asset using Guid(c500eb5aa56574119ae0a828f5deadf9) Importer(815301076,1909f56bfc062723c751e8b465ee728b) (PreviewImporter) -> (artifact id: '03f76e671e38814f7bbc885c7463731f') in 0.002560084 seconds
Number of updated asset objects reloaded before import = 0Number of asset objects unloaded after import = 3

========================================================================
Received Import Request.
  Time since last request: 0.000046 seconds.
  path: Assets/topDown_baseTiles_73.asset
  artifactKey: Guid(0ccdcc5aaa088462aadf7c5b634aa538) Importer(815301076,1909f56bfc062723c751e8b465ee728b)
Start importing Assets/topDown_baseTiles_73.asset using Guid(0ccdcc5aaa088462aadf7c5b634aa538) Importer(815301076,1909f56bfc062723c751e8b465ee728b) (PreviewImporter) -> (artifact id: 'e7d8d533dcf6d0276923e7ca0d99ebf9') in 0.003513542 seconds
Number of updated asset objects reloaded before import = 0Number of asset objects unloaded after import = 3

========================================================================
Received Import Request.
  Time since last request: 0.000039 seconds.
  path: Assets/topDown_baseTiles_72.asset
  artifactKey: Guid(c9bc5b232e3534bfd80bf1e4fe5f76aa) Importer(815301076,1909f56bfc062723c751e8b465ee728b)
Start importing Assets/topDown_baseTiles_72.asset using Guid(c9bc5b232e3534bfd80bf1e4fe5f76aa) Importer(815301076,1909f56bfc062723c751e8b465ee728b) (PreviewImporter) -> (artifact id: '3570e1f97044a82f0918d9d81a742967') in 0.002849917 seconds
Number of updated asset objects reloaded before import = 0Number of asset objects unloaded after import = 3

========================================================================
Received Import Request.
  Time since last request: 0.000031 seconds.
  path: Assets/topDown_baseTiles_67.asset
  artifactKey: Guid(2df9ebed3687d4c3492ddc6dbe2fb14d) Importer(815301076,1909f56bfc062723c751e8b465ee728b)
Start importing Assets/topDown_baseTiles_67.asset using Guid(2df9ebed3687d4c3492ddc6dbe2fb14d) Importer(815301076,1909f56bfc062723c751e8b465ee728b) (PreviewImporter) -> (artifact id: '79fb6a4c750906ad6295135e0e2f69b5') in 0.0025485 seconds
Number of updated asset objects reloaded before import = 0Number of asset objects unloaded after import = 3

========================================================================
Received Import Request.
  Time since last request: 0.000106 seconds.
  path: Assets/topDown_baseTiles_69.asset
  artifactKey: Guid(14942a136a2a14fe1bc1b57729d9316b) Importer(815301076,1909f56bfc062723c751e8b465ee728b)
Start importing Assets/topDown_baseTiles_69.asset using Guid(14942a136a2a14fe1bc1b57729d9316b) Importer(815301076,1909f56bfc062723c751e8b465ee728b) (PreviewImporter) -> (artifact id: 'bee2b55959822eb4db2793585a983f29') in 0.003207833 seconds
Number of updated asset objects reloaded before import = 0Number of asset objects unloaded after import = 3

========================================================================
Received Import Request.
  Time since last request: 0.015355 seconds.
  path: Assets/topDown_baseTiles_75.asset
  artifactKey: Guid(e3719544e951c4091a60c0f18cc39f35) Importer(815301076,1909f56bfc062723c751e8b465ee728b)
Start importing Assets/topDown_baseTiles_75.asset using Guid(e3719544e951c4091a60c0f18cc39f35) Importer(815301076,1909f56bfc062723c751e8b465ee728b) (PreviewImporter) -> (artifact id: '452dea371120712fa9b4592f43763d1a') in 0.002767334 seconds
Number of updated asset objects reloaded before import = 0Number of asset objects unloaded after import = 3

========================================================================
Received Import Request.
  Time since last request: 0.000034 seconds.
  path: Assets/topDown_baseTiles_78.asset
  artifactKey: Guid(ee7a6d70e17d747d584b697812f516c5) Importer(815301076,1909f56bfc062723c751e8b465ee728b)
Start importing Assets/topDown_baseTiles_78.asset using Guid(ee7a6d70e17d747d584b697812f516c5) Importer(815301076,1909f56bfc062723c751e8b465ee728b) (PreviewImporter) -> (artifact id: '82d5f6379c2d4ef5b852516cfbf0c210') in 0.00257775 seconds
Number of updated asset objects reloaded before import = 0Number of asset objects unloaded after import = 3

========================================================================
Received Import Request.
  Time since last request: 0.000025 seconds.
  path: Assets/topDown_baseTiles_84.asset
  artifactKey: Guid(03e1c88c596be419c82345c9c5efd86f) Importer(815301076,1909f56bfc062723c751e8b465ee728b)
Start importing Assets/topDown_baseTiles_84.asset using Guid(03e1c88c596be419c82345c9c5efd86f) Importer(815301076,1909f56bfc062723c751e8b465ee728b) (PreviewImporter) -> (artifact id: 'f6cf108347f1f532a8794d17b55d70fe') in 0.002490958 seconds
Number of updated asset objects reloaded before import = 0Number of asset objects unloaded after import = 3

========================================================================
Received Import Request.
  Time since last request: 0.000027 seconds.
  path: Assets/topDown_baseTiles_81.asset
  artifactKey: Guid(b6f68134e99c1467784fc0f0df1cf3d7) Importer(815301076,1909f56bfc062723c751e8b465ee728b)
Start importing Assets/topDown_baseTiles_81.asset using Guid(b6f68134e99c1467784fc0f0df1cf3d7) Importer(815301076,1909f56bfc062723c751e8b465ee728b) (PreviewImporter) -> (artifact id: '276c21a04f5f187686bbb033b584340b') in 0.003607958 seconds
Number of updated asset objects reloaded before import = 0Number of asset objects unloaded after import = 3

========================================================================
Received Import Request.
  Time since last request: 0.000044 seconds.
  path: Assets/topDown_baseTiles_83.asset
  artifactKey: Guid(b1b76cd2611024e6e8d57990eb7172ca) Importer(815301076,1909f56bfc062723c751e8b465ee728b)
Start importing Assets/topDown_baseTiles_83.asset using Guid(b1b76cd2611024e6e8d57990eb7172ca) Importer(815301076,1909f56bfc062723c751e8b465ee728b) (PreviewImporter) -> (artifact id: 'aa11234a766310cae755c8cdeeaef28d') in 0.002571125 seconds
Number of updated asset objects reloaded before import = 0Number of asset objects unloaded after import = 3

========================================================================
Received Import Request.
  Time since last request: 0.000072 seconds.
  path: Assets/topDown_baseTiles_80.asset
  artifactKey: Guid(cee3582ff41da434486c04a30b62c3a2) Importer(815301076,1909f56bfc062723c751e8b465ee728b)
Start importing Assets/topDown_baseTiles_80.asset using Guid(cee3582ff41da434486c04a30b62c3a2) Importer(815301076,1909f56bfc062723c751e8b465ee728b) (PreviewImporter) -> (artifact id: '811c8120aca79c72e281e6b598a6578a') in 0.00290525 seconds
Number of updated asset objects reloaded before import = 0Number of asset objects unloaded after import = 3

========================================================================
Received Import Request.
  Time since last request: 0.002878 seconds.
  path: Assets/topDown_baseTiles_86.asset
  artifactKey: Guid(0f2517a933ce44a329feafe0dd38dd29) Importer(815301076,1909f56bfc062723c751e8b465ee728b)
Start importing Assets/topDown_baseTiles_86.asset using Guid(0f2517a933ce44a329feafe0dd38dd29) Importer(815301076,1909f56bfc062723c751e8b465ee728b) (PreviewImporter) -> (artifact id: '7e4a161fd3e1f10aec02074560b76a22') in 0.003013458 seconds
Number of updated asset objects reloaded before import = 0Number of asset objects unloaded after import = 3

========================================================================
Received Import Request.
  Time since last request: 0.000126 seconds.
  path: Assets/topDown_baseTiles_90.asset
  artifactKey: Guid(278069c3311de4ce1af7a0687ed840b2) Importer(815301076,1909f56bfc062723c751e8b465ee728b)
Start importing Assets/topDown_baseTiles_90.asset using Guid(278069c3311de4ce1af7a0687ed840b2) Importer(815301076,1909f56bfc062723c751e8b465ee728b) (PreviewImporter) -> (artifact id: 'a93909c0472e775b0c32c9abf2d2d28c') in 0.00284075 seconds
Number of updated asset objects reloaded before import = 0Number of asset objects unloaded after import = 3

========================================================================
Received Import Request.
  Time since last request: 0.000026 seconds.
  path: Assets/topDown_baseTiles_91.asset
  artifactKey: Guid(be3a26998d66c4d4faf4494284535789) Importer(815301076,1909f56bfc062723c751e8b465ee728b)
Start importing Assets/topDown_baseTiles_91.asset using Guid(be3a26998d66c4d4faf4494284535789) Importer(815301076,1909f56bfc062723c751e8b465ee728b) (PreviewImporter) -> (artifact id: 'addb4f4f7cc0c58706a065ddb1b094e2') in 0.002825792 seconds
Number of updated asset objects reloaded before import = 0Number of asset objects unloaded after import = 3

========================================================================
Received Import Request.
  Time since last request: 0.000037 seconds.
  path: Assets/topDown_baseTiles_95.asset
  artifactKey: Guid(2e0d6067e4fff42628a0ed4942fc0e6a) Importer(815301076,1909f56bfc062723c751e8b465ee728b)
Start importing Assets/topDown_baseTiles_95.asset using Guid(2e0d6067e4fff42628a0ed4942fc0e6a) Importer(815301076,1909f56bfc062723c751e8b465ee728b) (PreviewImporter) -> (artifact id: '2b7c10f18e085ad5cda5de76ea975544') in 0.002838959 seconds
Number of updated asset objects reloaded before import = 0Number of asset objects unloaded after import = 3

========================================================================
Received Import Request.
  Time since last request: 0.000046 seconds.
  path: Assets/topDown_baseTiles_97.asset
  artifactKey: Guid(0f73da8e93af64087a97d73f66829299) Importer(815301076,1909f56bfc062723c751e8b465ee728b)
Start importing Assets/topDown_baseTiles_97.asset using Guid(0f73da8e93af64087a97d73f66829299) Importer(815301076,1909f56bfc062723c751e8b465ee728b) (PreviewImporter) -> (artifact id: '85e453137cba9c8754aa4314baa969ae') in 0.002669709 seconds
Number of updated asset objects reloaded before import = 0Number of asset objects unloaded after import = 3

========================================================================
Received Import Request.
  Time since last request: 0.000059 seconds.
  path: Assets/topDown_baseTiles_103.asset
  artifactKey: Guid(e2f66f46d0d234d158b4114a6c22cd96) Importer(815301076,1909f56bfc062723c751e8b465ee728b)
Start importing Assets/topDown_baseTiles_103.asset using Guid(e2f66f46d0d234d158b4114a6c22cd96) Importer(815301076,1909f56bfc062723c751e8b465ee728b) (PreviewImporter) -> (artifact id: '629cf83bb14e1dea38b692bea805ec08') in 0.002870792 seconds
Number of updated asset objects reloaded before import = 0Number of asset objects unloaded after import = 3

========================================================================
Received Import Request.
  Time since last request: 0.000043 seconds.
  path: Assets/topDown_baseTiles_102.asset
  artifactKey: Guid(597b8ed12f6cb4ef5a8fd13f2eeb4eda) Importer(815301076,1909f56bfc062723c751e8b465ee728b)
Start importing Assets/topDown_baseTiles_102.asset using Guid(597b8ed12f6cb4ef5a8fd13f2eeb4eda) Importer(815301076,1909f56bfc062723c751e8b465ee728b) (PreviewImporter) -> (artifact id: '7ef070b42d2df51c2da96317865075a0') in 0.00307375 seconds
Number of updated asset objects reloaded before import = 0Number of asset objects unloaded after import = 3

========================================================================
Received Import Request.
  Time since last request: 0.000078 seconds.
  path: Assets/topDown_baseTiles_101.asset
  artifactKey: Guid(61fdc984b31bf49aebf7f5f482380cb3) Importer(815301076,1909f56bfc062723c751e8b465ee728b)
Start importing Assets/topDown_baseTiles_101.asset using Guid(61fdc984b31bf49aebf7f5f482380cb3) Importer(815301076,1909f56bfc062723c751e8b465ee728b) (PreviewImporter) -> (artifact id: '941c1236e05372260a2b895eee3209ba') in 0.003912917 seconds
Number of updated asset objects reloaded before import = 0Number of asset objects unloaded after import = 3

========================================================================
Received Import Request.
  Time since last request: 0.000134 seconds.
  path: Assets/topDown_baseTiles_105.asset
  artifactKey: Guid(b9c750f0312f94b53b6b12746d5d478b) Importer(815301076,1909f56bfc062723c751e8b465ee728b)
Start importing Assets/topDown_baseTiles_105.asset using Guid(b9c750f0312f94b53b6b12746d5d478b) Importer(815301076,1909f56bfc062723c751e8b465ee728b) (PreviewImporter) -> (artifact id: '9a4dfb50ba821564e244ed9f37baccad') in 0.002956791 seconds
Number of updated asset objects reloaded before import = 0Number of asset objects unloaded after import = 3

========================================================================
Received Import Request.
  Time since last request: 0.000043 seconds.
  path: Assets/topDown_baseTiles_104.asset
  artifactKey: Guid(0c4efb09f7eff4c4b8ea8bdb200a9f40) Importer(815301076,1909f56bfc062723c751e8b465ee728b)
Start importing Assets/topDown_baseTiles_104.asset using Guid(0c4efb09f7eff4c4b8ea8bdb200a9f40) Importer(815301076,1909f56bfc062723c751e8b465ee728b) (PreviewImporter) -> (artifact id: '230c95f259f14de00f4847f83e498b91') in 0.002827875 seconds
Number of updated asset objects reloaded before import = 0Number of asset objects unloaded after import = 3

========================================================================
Received Import Request.
  Time since last request: 0.000066 seconds.
  path: Assets/topDown_baseTiles_108.asset
  artifactKey: Guid(daa3c4700b4f042fb860019d96c2de61) Importer(815301076,1909f56bfc062723c751e8b465ee728b)
Start importing Assets/topDown_baseTiles_108.asset using Guid(daa3c4700b4f042fb860019d96c2de61) Importer(815301076,1909f56bfc062723c751e8b465ee728b) (PreviewImporter) -> (artifact id: '4da40fb8596d2570c50742d8a70e4630') in 0.002733833 seconds
Number of updated asset objects reloaded before import = 0Number of asset objects unloaded after import = 3

========================================================================
Received Import Request.
  Time since last request: 0.000063 seconds.
  path: Assets/topDown_baseTiles_118.asset
  artifactKey: Guid(3f38d70206b4c44efa4697a97e3a0638) Importer(815301076,1909f56bfc062723c751e8b465ee728b)
Start importing Assets/topDown_baseTiles_118.asset using Guid(3f38d70206b4c44efa4697a97e3a0638) Importer(815301076,1909f56bfc062723c751e8b465ee728b) (PreviewImporter) -> (artifact id: '2e9d9eecb9d0f071ff269e18f36092a8') in 0.00268275 seconds
Number of updated asset objects reloaded before import = 0Number of asset objects unloaded after import = 3

========================================================================
Received Import Request.
  Time since last request: 0.000083 seconds.
  path: Assets/topDown_baseTiles_116.asset
  artifactKey: Guid(8ee5ad050a12946adb6c09976be75b3e) Importer(815301076,1909f56bfc062723c751e8b465ee728b)
Start importing Assets/topDown_baseTiles_116.asset using Guid(8ee5ad050a12946adb6c09976be75b3e) Importer(815301076,1909f56bfc062723c751e8b465ee728b) (PreviewImporter) -> (artifact id: '3af89a5fc2dc1f29db54e6cd7b8a955d') in 0.003991208 seconds
Number of updated asset objects reloaded before import = 0Number of asset objects unloaded after import = 3

========================================================================
Received Import Request.
  Time since last request: 0.000082 seconds.
  path: Assets/topDown_baseTiles_117.asset
  artifactKey: Guid(aa6c5bb2142ec4b289dacd241d330b59) Importer(815301076,1909f56bfc062723c751e8b465ee728b)
Start importing Assets/topDown_baseTiles_117.asset using Guid(aa6c5bb2142ec4b289dacd241d330b59) Importer(815301076,1909f56bfc062723c751e8b465ee728b) (PreviewImporter) -> (artifact id: '4d1a83fb432e354a9beda4e324e0dcaf') in 0.003196666 seconds
Number of updated asset objects reloaded before import = 0Number of asset objects unloaded after import = 3

========================================================================
Received Import Request.
  Time since last request: 0.000043 seconds.
  path: Assets/topDown_baseTiles_113.asset
  artifactKey: Guid(928fe5343b3e1467b87686386d343018) Importer(815301076,1909f56bfc062723c751e8b465ee728b)
Start importing Assets/topDown_baseTiles_113.asset using Guid(928fe5343b3e1467b87686386d343018) Importer(815301076,1909f56bfc062723c751e8b465ee728b) (PreviewImporter) -> (artifact id: '45224ca8b9299b5008ebe7c891a945d1') in 0.003422042 seconds
Number of updated asset objects reloaded before import = 0Number of asset objects unloaded after import = 3

========================================================================
Received Import Request.
  Time since last request: 0.000028 seconds.
  path: Assets/topDown_baseTiles_112.asset
  artifactKey: Guid(cefacde308f0a4749bf716c1ddd0059f) Importer(815301076,1909f56bfc062723c751e8b465ee728b)
Start importing Assets/topDown_baseTiles_112.asset using Guid(cefacde308f0a4749bf716c1ddd0059f) Importer(815301076,1909f56bfc062723c751e8b465ee728b) (PreviewImporter) -> (artifact id: 'cefecddaab3a3cba3eb6279eb3a6afb0') in 0.002562417 seconds
Number of updated asset objects reloaded before import = 0Number of asset objects unloaded after import = 3

========================================================================
Received Import Request.
  Time since last request: 0.000038 seconds.
  path: Assets/topDown_baseTiles_122.asset
  artifactKey: Guid(6163c4e85563c4bf3af4a498b4eec16f) Importer(815301076,1909f56bfc062723c751e8b465ee728b)
Start importing Assets/topDown_baseTiles_122.asset using Guid(6163c4e85563c4bf3af4a498b4eec16f) Importer(815301076,1909f56bfc062723c751e8b465ee728b) (PreviewImporter) -> (artifact id: '6a989c20d0bb79651f9f03045d70bb59') in 0.002431417 seconds
Number of updated asset objects reloaded before import = 0Number of asset objects unloaded after import = 3

========================================================================
Received Import Request.
  Time since last request: 0.000066 seconds.
  path: Assets/topDown_baseTiles_128.asset
  artifactKey: Guid(578f36a6afebd42d7b26b043eb7d8626) Importer(815301076,1909f56bfc062723c751e8b465ee728b)
Start importing Assets/topDown_baseTiles_128.asset using Guid(578f36a6afebd42d7b26b043eb7d8626) Importer(815301076,1909f56bfc062723c751e8b465ee728b) (PreviewImporter) -> (artifact id: 'f14652d5b72c4ff62207abcd0fafad0e') in 0.003201917 seconds
Number of updated asset objects reloaded before import = 0Number of asset objects unloaded after import = 3

========================================================================
Received Import Request.
  Time since last request: 0.000046 seconds.
  path: Assets/topDown_baseTiles_123.asset
  artifactKey: Guid(df2d2db76f4c9420f9e0fb03d0f43782) Importer(815301076,1909f56bfc062723c751e8b465ee728b)
Start importing Assets/topDown_baseTiles_123.asset using Guid(df2d2db76f4c9420f9e0fb03d0f43782) Importer(815301076,1909f56bfc062723c751e8b465ee728b) (PreviewImporter) -> (artifact id: '09522663ac1a19839cf45583f3151d4a') in 0.002907417 seconds
Number of updated asset objects reloaded before import = 0Number of asset objects unloaded after import = 3

========================================================================
Received Import Request.
  Time since last request: 0.000103 seconds.
  path: Assets/topDown_baseTiles_127.asset
  artifactKey: Guid(8216fe9b9df8046e1b4d4c435cbe9e59) Importer(815301076,1909f56bfc062723c751e8b465ee728b)
Start importing Assets/topDown_baseTiles_127.asset using Guid(8216fe9b9df8046e1b4d4c435cbe9e59) Importer(815301076,1909f56bfc062723c751e8b465ee728b) (PreviewImporter) -> (artifact id: '9f477140c5db88f8f0ae85ecd6d88978') in 0.004039709 seconds
Number of updated asset objects reloaded before import = 0Number of asset objects unloaded after import = 3

========================================================================
Received Import Request.
  Time since last request: 0.000086 seconds.
  path: Assets/topDown_baseTiles_126.asset
  artifactKey: Guid(66bdc93e0533e49199ff2a65ed14ac0a) Importer(815301076,1909f56bfc062723c751e8b465ee728b)
Start importing Assets/topDown_baseTiles_126.asset using Guid(66bdc93e0533e49199ff2a65ed14ac0a) Importer(815301076,1909f56bfc062723c751e8b465ee728b) (PreviewImporter) -> (artifact id: '1c45aba503068aa5d83890942c878883') in 0.003055542 seconds
Number of updated asset objects reloaded before import = 0Number of asset objects unloaded after import = 3

========================================================================
Received Import Request.
  Time since last request: 0.000026 seconds.
  path: Assets/topDown_baseTiles_92.asset
  artifactKey: Guid(cbb8f35bd182a45c4b416db646536911) Importer(815301076,1909f56bfc062723c751e8b465ee728b)
Start importing Assets/topDown_baseTiles_92.asset using Guid(cbb8f35bd182a45c4b416db646536911) Importer(815301076,1909f56bfc062723c751e8b465ee728b) (PreviewImporter) -> (artifact id: 'b1196c0a2c867031b35578cfeb5c5217') in 0.003687 seconds
Number of updated asset objects reloaded before import = 0Number of asset objects unloaded after import = 3

========================================================================
Received Import Request.
  Time since last request: 0.011995 seconds.
  path: Assets/topDown_baseTiles_130.asset
  artifactKey: Guid(483714ed5c6134f39a1b8ecb2e1d91c0) Importer(815301076,1909f56bfc062723c751e8b465ee728b)
Start importing Assets/topDown_baseTiles_130.asset using Guid(483714ed5c6134f39a1b8ecb2e1d91c0) Importer(815301076,1909f56bfc062723c751e8b465ee728b) (PreviewImporter) -> (artifact id: '7266cbaf7a463901839a4201f98cfba8') in 0.002807916 seconds
Number of updated asset objects reloaded before import = 0Number of asset objects unloaded after import = 3

========================================================================
Received Import Request.
  Time since last request: 0.000043 seconds.
  path: Assets/topDown_baseTiles_136.asset
  artifactKey: Guid(dedd1654b02c2440f85bc141aa2b0061) Importer(815301076,1909f56bfc062723c751e8b465ee728b)
Start importing Assets/topDown_baseTiles_136.asset using Guid(dedd1654b02c2440f85bc141aa2b0061) Importer(815301076,1909f56bfc062723c751e8b465ee728b) (PreviewImporter) -> (artifact id: 'd3eab72bb3adb1b920d13e72a7d967a7') in 0.003368542 seconds
Number of updated asset objects reloaded before import = 0Number of asset objects unloaded after import = 3

========================================================================
Received Import Request.
  Time since last request: 0.000150 seconds.
  path: Assets/topDown_baseTiles_139.asset
  artifactKey: Guid(8b041816ea2de4e19a7b200715196e36) Importer(815301076,1909f56bfc062723c751e8b465ee728b)
Start importing Assets/topDown_baseTiles_139.asset using Guid(8b041816ea2de4e19a7b200715196e36) Importer(815301076,1909f56bfc062723c751e8b465ee728b) (PreviewImporter) -> (artifact id: 'b7f961ff904fde7faa65844a249f1523') in 0.002953875 seconds
Number of updated asset objects reloaded before import = 0Number of asset objects unloaded after import = 3

========================================================================
Received Import Request.
  Time since last request: 0.000027 seconds.
  path: Assets/topDown_baseTiles_140.asset
  artifactKey: Guid(858168469d2164f99a5f0fa8088597d7) Importer(815301076,1909f56bfc062723c751e8b465ee728b)
Start importing Assets/topDown_baseTiles_140.asset using Guid(858168469d2164f99a5f0fa8088597d7) Importer(815301076,1909f56bfc062723c751e8b465ee728b) (PreviewImporter) -> (artifact id: 'a674d72e3730f9e4e143c8357fa3cdb8') in 0.002675708 seconds
Number of updated asset objects reloaded before import = 0Number of asset objects unloaded after import = 3

========================================================================
Received Import Request.
  Time since last request: 0.000040 seconds.
  path: Assets/topDown_baseTiles_141.asset
  artifactKey: Guid(9fd13154efa684a41a0cbf004042a39d) Importer(815301076,1909f56bfc062723c751e8b465ee728b)
Start importing Assets/topDown_baseTiles_141.asset using Guid(9fd13154efa684a41a0cbf004042a39d) Importer(815301076,1909f56bfc062723c751e8b465ee728b) (PreviewImporter) -> (artifact id: 'edd58e58e60b08209dd6858e0a4b2014') in 0.002583042 seconds
Number of updated asset objects reloaded before import = 0Number of asset objects unloaded after import = 3

========================================================================
Received Import Request.
  Time since last request: 0.000074 seconds.
  path: Assets/topDown_baseTiles_144.asset
  artifactKey: Guid(d706cdfcab95c4df0a2f3d6c967fe558) Importer(815301076,1909f56bfc062723c751e8b465ee728b)
Start importing Assets/topDown_baseTiles_144.asset using Guid(d706cdfcab95c4df0a2f3d6c967fe558) Importer(815301076,1909f56bfc062723c751e8b465ee728b) (PreviewImporter) -> (artifact id: '40fb240bcd3776307a750a4d82005e63') in 0.003320667 seconds
Number of updated asset objects reloaded before import = 0Number of asset objects unloaded after import = 3

========================================================================
Received Import Request.
  Time since last request: 0.000096 seconds.
  path: Assets/topDown_baseTiles_151.asset
  artifactKey: Guid(77d76e8542aea483886cf37be3b67094) Importer(815301076,1909f56bfc062723c751e8b465ee728b)
Start importing Assets/topDown_baseTiles_151.asset using Guid(77d76e8542aea483886cf37be3b67094) Importer(815301076,1909f56bfc062723c751e8b465ee728b) (PreviewImporter) -> (artifact id: '892b929eb792bb7bf01a6a1b85b0ad44') in 0.003139083 seconds
Number of updated asset objects reloaded before import = 0Number of asset objects unloaded after import = 3

========================================================================
Received Import Request.
  Time since last request: 0.000023 seconds.
  path: Assets/topDown_baseTiles_142.asset
  artifactKey: Guid(60e13f9d646cc41849acad2b8418dc4e) Importer(815301076,1909f56bfc062723c751e8b465ee728b)
Start importing Assets/topDown_baseTiles_142.asset using Guid(60e13f9d646cc41849acad2b8418dc4e) Importer(815301076,1909f56bfc062723c751e8b465ee728b) (PreviewImporter) -> (artifact id: '5254157560e1fc81cfd654167e06f10e') in 0.003060125 seconds
Number of updated asset objects reloaded before import = 0Number of asset objects unloaded after import = 3

========================================================================
Received Import Request.
  Time since last request: 0.000046 seconds.
  path: Assets/topDown_baseTiles_152.asset
  artifactKey: Guid(be44c373a71794709b3f3dc7920badbf) Importer(815301076,1909f56bfc062723c751e8b465ee728b)
Start importing Assets/topDown_baseTiles_152.asset using Guid(be44c373a71794709b3f3dc7920badbf) Importer(815301076,1909f56bfc062723c751e8b465ee728b) (PreviewImporter) -> (artifact id: 'bb102c8a196ea327637f893eae01f88b') in 0.003197042 seconds
Number of updated asset objects reloaded before import = 0Number of asset objects unloaded after import = 3

========================================================================
Received Import Request.
  Time since last request: 0.000043 seconds.
  path: Assets/topDown_baseTiles_156.asset
  artifactKey: Guid(c63fa882d4acf4549864aef4ff334252) Importer(815301076,1909f56bfc062723c751e8b465ee728b)
Start importing Assets/topDown_baseTiles_156.asset using Guid(c63fa882d4acf4549864aef4ff334252) Importer(815301076,1909f56bfc062723c751e8b465ee728b) (PreviewImporter) -> (artifact id: '999666c9b60ce2b3a55c1f5a10a90e00') in 0.002797875 seconds
Number of updated asset objects reloaded before import = 0Number of asset objects unloaded after import = 3

========================================================================
Received Import Request.
  Time since last request: 0.000028 seconds.
  path: Assets/topDown_baseTiles_155.asset
  artifactKey: Guid(6afb13d7a7c5e44439d51429f301ee67) Importer(815301076,1909f56bfc062723c751e8b465ee728b)
Start importing Assets/topDown_baseTiles_155.asset using Guid(6afb13d7a7c5e44439d51429f301ee67) Importer(815301076,1909f56bfc062723c751e8b465ee728b) (PreviewImporter) -> (artifact id: '68bbc82acdaf0aa1f399de82c7b52211') in 0.003634458 seconds
Number of updated asset objects reloaded before import = 0Number of asset objects unloaded after import = 3

========================================================================
Received Import Request.
  Time since last request: 0.000027 seconds.
  path: Assets/topDown_baseTiles_154.asset
  artifactKey: Guid(97d3b4f944ce946c1944ab2dd532f10e) Importer(815301076,1909f56bfc062723c751e8b465ee728b)
Start importing Assets/topDown_baseTiles_154.asset using Guid(97d3b4f944ce946c1944ab2dd532f10e) Importer(815301076,1909f56bfc062723c751e8b465ee728b) (PreviewImporter) -> (artifact id: '900091343d184d00de8974203925fa8f') in 0.00261875 seconds
Number of updated asset objects reloaded before import = 0Number of asset objects unloaded after import = 3

========================================================================
Received Import Request.
  Time since last request: 0.000025 seconds.
  path: Assets/topDown_baseTiles_162.asset
  artifactKey: Guid(4c47a7cf3c5644c7ab05281b5959a495) Importer(815301076,1909f56bfc062723c751e8b465ee728b)
Start importing Assets/topDown_baseTiles_162.asset using Guid(4c47a7cf3c5644c7ab05281b5959a495) Importer(815301076,1909f56bfc062723c751e8b465ee728b) (PreviewImporter) -> (artifact id: '71fa858ab4433b4efb634dd187ac1f0c') in 0.00253825 seconds
Number of updated asset objects reloaded before import = 0Number of asset objects unloaded after import = 3

========================================================================
Received Import Request.
  Time since last request: 0.000145 seconds.
  path: Assets/topDown_baseTiles_148.asset
  artifactKey: Guid(d57158cc586b14e25b947e56ae162c47) Importer(815301076,1909f56bfc062723c751e8b465ee728b)
Start importing Assets/topDown_baseTiles_148.asset using Guid(d57158cc586b14e25b947e56ae162c47) Importer(815301076,1909f56bfc062723c751e8b465ee728b) (PreviewImporter) -> (artifact id: 'aa1c6c4ea88b9dd811af69fcb4440689') in 0.003066583 seconds
Number of updated asset objects reloaded before import = 0Number of asset objects unloaded after import = 3

========================================================================
Received Import Request.
  Time since last request: 0.000122 seconds.
  path: Assets/topDown_baseTiles_150.asset
  artifactKey: Guid(b43dc7e7cc51d4df9b973c893cf4af80) Importer(815301076,1909f56bfc062723c751e8b465ee728b)
Start importing Assets/topDown_baseTiles_150.asset using Guid(b43dc7e7cc51d4df9b973c893cf4af80) Importer(815301076,1909f56bfc062723c751e8b465ee728b) (PreviewImporter) -> (artifact id: '00f6ad20aa9715826b093263dfd94700') in 0.002920083 seconds
Number of updated asset objects reloaded before import = 0Number of asset objects unloaded after import = 3

========================================================================
Received Import Request.
  Time since last request: 0.000041 seconds.
  path: Assets/topDown_baseTiles_133.asset
  artifactKey: Guid(aae2a428ff3fd4cf99839910b5bf9dbc) Importer(815301076,1909f56bfc062723c751e8b465ee728b)
Start importing Assets/topDown_baseTiles_133.asset using Guid(aae2a428ff3fd4cf99839910b5bf9dbc) Importer(815301076,1909f56bfc062723c751e8b465ee728b) (PreviewImporter) -> (artifact id: 'f26b8128dd423f8c28b71bd77be89c5c') in 0.002914541 seconds
Number of updated asset objects reloaded before import = 0Number of asset objects unloaded after import = 3

========================================================================
Received Import Request.
  Time since last request: 0.012896 seconds.
  path: Assets/topDown_baseTiles_163.asset
  artifactKey: Guid(23e770342879548cdb24a359330b6cd3) Importer(815301076,1909f56bfc062723c751e8b465ee728b)
Start importing Assets/topDown_baseTiles_163.asset using Guid(23e770342879548cdb24a359330b6cd3) Importer(815301076,1909f56bfc062723c751e8b465ee728b) (PreviewImporter) -> (artifact id: '1d6c9db110e4846b267bb068642f1669') in 0.003054792 seconds
Number of updated asset objects reloaded before import = 0Number of asset objects unloaded after import = 3

========================================================================
Received Import Request.
  Time since last request: 0.000071 seconds.
  path: Assets/topDown_baseTiles_170.asset
  artifactKey: Guid(d7eb16f615aa34208baa4b95c35aa6c6) Importer(815301076,1909f56bfc062723c751e8b465ee728b)
Start importing Assets/topDown_baseTiles_170.asset using Guid(d7eb16f615aa34208baa4b95c35aa6c6) Importer(815301076,1909f56bfc062723c751e8b465ee728b) (PreviewImporter) -> (artifact id: '2ca63f573d7de4189e07d3666361004e') in 0.003501625 seconds
Number of updated asset objects reloaded before import = 0Number of asset objects unloaded after import = 3

========================================================================
Received Import Request.
  Time since last request: 0.000044 seconds.
  path: Assets/topDown_baseTiles_172.asset
  artifactKey: Guid(60e95a2b04f4a4a13b326633d672f2dc) Importer(815301076,1909f56bfc062723c751e8b465ee728b)
Start importing Assets/topDown_baseTiles_172.asset using Guid(60e95a2b04f4a4a13b326633d672f2dc) Importer(815301076,1909f56bfc062723c751e8b465ee728b) (PreviewImporter) -> (artifact id: 'd9432e4f12559b6c7d76c31a71147f1e') in 0.003097459 seconds
Number of updated asset objects reloaded before import = 0Number of asset objects unloaded after import = 3

========================================================================
Received Import Request.
  Time since last request: 0.000041 seconds.
  path: Assets/topDown_baseTiles_169.asset
  artifactKey: Guid(8bba7d7bd4fe24f8d91ce0bee00e2bc7) Importer(815301076,1909f56bfc062723c751e8b465ee728b)
Start importing Assets/topDown_baseTiles_169.asset using Guid(8bba7d7bd4fe24f8d91ce0bee00e2bc7) Importer(815301076,1909f56bfc062723c751e8b465ee728b) (PreviewImporter) -> (artifact id: '859fe0e744a29eedcfcf3ede858764af') in 0.003638 seconds
Number of updated asset objects reloaded before import = 0Number of asset objects unloaded after import = 3

========================================================================
Received Import Request.
  Time since last request: 0.000030 seconds.
  path: Assets/topDown_baseTiles_171.asset
  artifactKey: Guid(008d6bb9255f144cab735b4ba49e020e) Importer(815301076,1909f56bfc062723c751e8b465ee728b)
Start importing Assets/topDown_baseTiles_171.asset using Guid(008d6bb9255f144cab735b4ba49e020e) Importer(815301076,1909f56bfc062723c751e8b465ee728b) (PreviewImporter) -> (artifact id: 'c861873882a987e4d5d247fe81b6430e') in 0.002656042 seconds
Number of updated asset objects reloaded before import = 0Number of asset objects unloaded after import = 3

========================================================================
Received Import Request.
  Time since last request: 0.000097 seconds.
  path: Assets/topDown_baseTiles_168.asset
  artifactKey: Guid(08c34f0b77ddf4698980fb18ff761204) Importer(815301076,1909f56bfc062723c751e8b465ee728b)
Start importing Assets/topDown_baseTiles_168.asset using Guid(08c34f0b77ddf4698980fb18ff761204) Importer(815301076,1909f56bfc062723c751e8b465ee728b) (PreviewImporter) -> (artifact id: 'beaea0645670515daa8016703d46f989') in 0.002740625 seconds
Number of updated asset objects reloaded before import = 0Number of asset objects unloaded after import = 3

========================================================================
Received Import Request.
  Time since last request: 0.007313 seconds.
  path: Assets/topDown_baseTiles_174.asset
  artifactKey: Guid(8b483194350e94f8495642e460217144) Importer(815301076,1909f56bfc062723c751e8b465ee728b)
Start importing Assets/topDown_baseTiles_174.asset using Guid(8b483194350e94f8495642e460217144) Importer(815301076,1909f56bfc062723c751e8b465ee728b) (PreviewImporter) -> (artifact id: 'e4dcbff83bd43ad2fd9587d1d8263703') in 0.003279709 seconds
Number of updated asset objects reloaded before import = 0Number of asset objects unloaded after import = 3

========================================================================
Received Import Request.
  Time since last request: 0.000025 seconds.
  path: Assets/topDown_baseTiles_182.asset
  artifactKey: Guid(89b083bf897ec484b8151751bf8e0d9e) Importer(815301076,1909f56bfc062723c751e8b465ee728b)
Start importing Assets/topDown_baseTiles_182.asset using Guid(89b083bf897ec484b8151751bf8e0d9e) Importer(815301076,1909f56bfc062723c751e8b465ee728b) (PreviewImporter) -> (artifact id: 'df08b6b5ce9e126bad16a07beb13f4b4') in 0.002768291 seconds
Number of updated asset objects reloaded before import = 0Number of asset objects unloaded after import = 3

========================================================================
Received Import Request.
  Time since last request: 0.000056 seconds.
  path: Assets/topDown_baseTiles_178.asset
  artifactKey: Guid(82cc1900accd742f7a92fc7ce2036a18) Importer(815301076,1909f56bfc062723c751e8b465ee728b)
Start importing Assets/topDown_baseTiles_178.asset using Guid(82cc1900accd742f7a92fc7ce2036a18) Importer(815301076,1909f56bfc062723c751e8b465ee728b) (PreviewImporter) -> (artifact id: 'd51ccefa3d0459836b0579697ae4f913') in 0.003087375 seconds
Number of updated asset objects reloaded before import = 0Number of asset objects unloaded after import = 3

========================================================================
Received Import Request.
  Time since last request: 0.000028 seconds.
  path: Assets/topDown_baseTiles_179.asset
  artifactKey: Guid(0e13dbb67f9504b59955865f7ca4c5a3) Importer(815301076,1909f56bfc062723c751e8b465ee728b)
Start importing Assets/topDown_baseTiles_179.asset using Guid(0e13dbb67f9504b59955865f7ca4c5a3) Importer(815301076,1909f56bfc062723c751e8b465ee728b) (PreviewImporter) -> (artifact id: 'ecedbdba4eb2b9a6bf39930ee6aaa5eb') in 0.002514333 seconds
Number of updated asset objects reloaded before import = 0Number of asset objects unloaded after import = 3

========================================================================
Received Import Request.
  Time since last request: 0.000028 seconds.
  path: Assets/topDown_baseTiles_183.asset
  artifactKey: Guid(74897cc7a70a24bf089510609d8ee63b) Importer(815301076,1909f56bfc062723c751e8b465ee728b)
Start importing Assets/topDown_baseTiles_183.asset using Guid(74897cc7a70a24bf089510609d8ee63b) Importer(815301076,1909f56bfc062723c751e8b465ee728b) (PreviewImporter) -> (artifact id: 'dfbd2df529f64dcac29d5a406bc75862') in 0.003182334 seconds
Number of updated asset objects reloaded before import = 0Number of asset objects unloaded after import = 3

========================================================================
Received Import Request.
  Time since last request: 0.014543 seconds.
  path: Assets/topDown_baseTiles_185.asset
  artifactKey: Guid(e3d0a89da69d24257ac497ecb35c0f41) Importer(815301076,1909f56bfc062723c751e8b465ee728b)
Start importing Assets/topDown_baseTiles_185.asset using Guid(e3d0a89da69d24257ac497ecb35c0f41) Importer(815301076,1909f56bfc062723c751e8b465ee728b) (PreviewImporter) -> (artifact id: '6bfe76bceeb2899c0502771518eb7d86') in 0.003302291 seconds
Number of updated asset objects reloaded before import = 0Number of asset objects unloaded after import = 3

========================================================================
Received Import Request.
  Time since last request: 0.000077 seconds.
  path: Assets/topDown_baseTiles_195.asset
  artifactKey: Guid(a8de66354c79d488382a7490de01ceed) Importer(815301076,1909f56bfc062723c751e8b465ee728b)
Start importing Assets/topDown_baseTiles_195.asset using Guid(a8de66354c79d488382a7490de01ceed) Importer(815301076,1909f56bfc062723c751e8b465ee728b) (PreviewImporter) -> (artifact id: 'f3ab878375a99e0ef5fe4a9d8a15f0c5') in 0.00342 seconds
Number of updated asset objects reloaded before import = 0Number of asset objects unloaded after import = 3

========================================================================
Received Import Request.
  Time since last request: 0.000140 seconds.
  path: Assets/topDown_baseTiles_190.asset
  artifactKey: Guid(40d8e251d06104282bc2579991b44715) Importer(815301076,1909f56bfc062723c751e8b465ee728b)
Start importing Assets/topDown_baseTiles_190.asset using Guid(40d8e251d06104282bc2579991b44715) Importer(815301076,1909f56bfc062723c751e8b465ee728b) (PreviewImporter) -> (artifact id: '5cde769aadd73013cf12446a039f5217') in 0.003153292 seconds
Number of updated asset objects reloaded before import = 0Number of asset objects unloaded after import = 3

========================================================================
Received Import Request.
  Time since last request: 0.000112 seconds.
  path: Assets/topDown_baseTiles_189.asset
  artifactKey: Guid(9073fc6af7d3b4621aa811c940be4263) Importer(815301076,1909f56bfc062723c751e8b465ee728b)
Start importing Assets/topDown_baseTiles_189.asset using Guid(9073fc6af7d3b4621aa811c940be4263) Importer(815301076,1909f56bfc062723c751e8b465ee728b) (PreviewImporter) -> (artifact id: '19f01749c5f4daa0192e9f579da69aa0') in 0.0035525 seconds
Number of updated asset objects reloaded before import = 0Number of asset objects unloaded after import = 3

========================================================================
Received Import Request.
  Time since last request: 0.000027 seconds.
  path: Assets/topDown_baseTiles_191.asset
  artifactKey: Guid(94b8f9bcd23354933ab3f78a7c195bc2) Importer(815301076,1909f56bfc062723c751e8b465ee728b)
Start importing Assets/topDown_baseTiles_191.asset using Guid(94b8f9bcd23354933ab3f78a7c195bc2) Importer(815301076,1909f56bfc062723c751e8b465ee728b) (PreviewImporter) -> (artifact id: 'eed37a9e4a14869c7df4bc852556845b') in 0.003089959 seconds
Number of updated asset objects reloaded before import = 0Number of asset objects unloaded after import = 3

========================================================================
Received Import Request.
  Time since last request: 0.026511 seconds.
  path: Assets/topDown_baseTiles_196.asset
  artifactKey: Guid(f03ecf2b9bb564041afaade9e4432a29) Importer(815301076,1909f56bfc062723c751e8b465ee728b)
Start importing Assets/topDown_baseTiles_196.asset using Guid(f03ecf2b9bb564041afaade9e4432a29) Importer(815301076,1909f56bfc062723c751e8b465ee728b) (PreviewImporter) -> (artifact id: '1eaa91cb44e8d55c722f703d76dafbc3') in 0.002842458 seconds
Number of updated asset objects reloaded before import = 0Number of asset objects unloaded after import = 3

========================================================================
Received Import Request.
  Time since last request: 0.000078 seconds.
  path: Assets/topDown_baseTiles_201.asset
  artifactKey: Guid(155f1fbc2aed7492f9732a4e848643f7) Importer(815301076,1909f56bfc062723c751e8b465ee728b)
Start importing Assets/topDown_baseTiles_201.asset using Guid(155f1fbc2aed7492f9732a4e848643f7) Importer(815301076,1909f56bfc062723c751e8b465ee728b) (PreviewImporter) -> (artifact id: 'feb16a44abfe9a974b8b435587c08de9') in 0.003052542 seconds
Number of updated asset objects reloaded before import = 0Number of asset objects unloaded after import = 3

========================================================================
Received Import Request.
  Time since last request: 0.000075 seconds.
  path: Assets/topDown_baseTiles_203.asset
  artifactKey: Guid(f77c9538c916b43a7afc5e11b4851f40) Importer(815301076,1909f56bfc062723c751e8b465ee728b)
Start importing Assets/topDown_baseTiles_203.asset using Guid(f77c9538c916b43a7afc5e11b4851f40) Importer(815301076,1909f56bfc062723c751e8b465ee728b) (PreviewImporter) -> (artifact id: 'a3b110953c10e0cd0801ec94bc48d2d7') in 0.0030375 seconds
Number of updated asset objects reloaded before import = 0Number of asset objects unloaded after import = 3

========================================================================
Received Import Request.
  Time since last request: 0.000025 seconds.
  path: Assets/topDown_baseTiles_198.asset
  artifactKey: Guid(b886a1421be7e424092e5ff84d17c69d) Importer(815301076,1909f56bfc062723c751e8b465ee728b)
Start importing Assets/topDown_baseTiles_198.asset using Guid(b886a1421be7e424092e5ff84d17c69d) Importer(815301076,1909f56bfc062723c751e8b465ee728b) (PreviewImporter) -> (artifact id: '7d75d7c4a76fc9a411eb8f905756bbfd') in 0.002599458 seconds
Number of updated asset objects reloaded before import = 0Number of asset objects unloaded after import = 3

========================================================================
Received Import Request.
  Time since last request: 0.000128 seconds.
  path: Assets/topDown_baseTiles_206.asset
  artifactKey: Guid(51b21f4570c03404b956f7c3526b6f6f) Importer(815301076,1909f56bfc062723c751e8b465ee728b)
Start importing Assets/topDown_baseTiles_206.asset using Guid(51b21f4570c03404b956f7c3526b6f6f) Importer(815301076,1909f56bfc062723c751e8b465ee728b) (PreviewImporter) -> (artifact id: '1444bf9ee25a1485d04a110522c31018') in 0.002558375 seconds
Number of updated asset objects reloaded before import = 0Number of asset objects unloaded after import = 3

========================================================================
Received Import Request.
  Time since last request: 0.000024 seconds.
  path: Assets/topDown_baseTiles_199.asset
  artifactKey: Guid(87f510f66dfef42bdb481c24be10da4e) Importer(815301076,1909f56bfc062723c751e8b465ee728b)
Start importing Assets/topDown_baseTiles_199.asset using Guid(87f510f66dfef42bdb481c24be10da4e) Importer(815301076,1909f56bfc062723c751e8b465ee728b) (PreviewImporter) -> (artifact id: 'a7e8e02927368763ccd7b5a1767e36c1') in 0.002820333 seconds
Number of updated asset objects reloaded before import = 0Number of asset objects unloaded after import = 3

========================================================================
Received Import Request.
  Time since last request: 0.034135 seconds.
  path: Assets/topDown_baseTiles_207.asset
  artifactKey: Guid(e193c5fcdd76d4da3a1ddbc30c6a8def) Importer(815301076,1909f56bfc062723c751e8b465ee728b)
Start importing Assets/topDown_baseTiles_207.asset using Guid(e193c5fcdd76d4da3a1ddbc30c6a8def) Importer(815301076,1909f56bfc062723c751e8b465ee728b) (PreviewImporter) -> (artifact id: '4c4c1cca7fdc239461f1cbc06eb536ec') in 0.002967583 seconds
Number of updated asset objects reloaded before import = 0Number of asset objects unloaded after import = 3

========================================================================
Received Import Request.
  Time since last request: 0.000032 seconds.
  path: Assets/topDown_baseTiles_217.asset
  artifactKey: Guid(2f04006029c334806b6c4a810a44993a) Importer(815301076,1909f56bfc062723c751e8b465ee728b)
Start importing Assets/topDown_baseTiles_217.asset using Guid(2f04006029c334806b6c4a810a44993a) Importer(815301076,1909f56bfc062723c751e8b465ee728b) (PreviewImporter) -> (artifact id: '34ca55d4b0fb2f13b89418b4e0dd7528') in 0.003038333 seconds
Number of updated asset objects reloaded before import = 0Number of asset objects unloaded after import = 3

========================================================================
Received Import Request.
  Time since last request: 0.000024 seconds.
  path: Assets/topDown_baseTiles_210.asset
  artifactKey: Guid(4fb7e6588aec843bbbbc6f656ac6fec3) Importer(815301076,1909f56bfc062723c751e8b465ee728b)
Start importing Assets/topDown_baseTiles_210.asset using Guid(4fb7e6588aec843bbbbc6f656ac6fec3) Importer(815301076,1909f56bfc062723c751e8b465ee728b) (PreviewImporter) -> (artifact id: '851ed746f49ea68f2a685d05481c4500') in 0.002962791 seconds
Number of updated asset objects reloaded before import = 0Number of asset objects unloaded after import = 3

========================================================================
Received Import Request.
  Time since last request: 0.000051 seconds.
  path: Assets/topDown_baseTiles_209.asset
  artifactKey: Guid(f7ae7ee237c544d1fae1158b39508d2a) Importer(815301076,1909f56bfc062723c751e8b465ee728b)
Start importing Assets/topDown_baseTiles_209.asset using Guid(f7ae7ee237c544d1fae1158b39508d2a) Importer(815301076,1909f56bfc062723c751e8b465ee728b) (PreviewImporter) -> (artifact id: '07c2d8341c1f650e7e089c5a2d9efeea') in 0.002947375 seconds
Number of updated asset objects reloaded before import = 0Number of asset objects unloaded after import = 3

========================================================================
Received Import Request.
  Time since last request: 0.000084 seconds.
  path: Assets/topDown_baseTiles_213.asset
  artifactKey: Guid(532f288131b9a437489a73c93605f5a6) Importer(815301076,1909f56bfc062723c751e8b465ee728b)
Start importing Assets/topDown_baseTiles_213.asset using Guid(532f288131b9a437489a73c93605f5a6) Importer(815301076,1909f56bfc062723c751e8b465ee728b) (PreviewImporter) -> (artifact id: '44913469ce7ad2c75df59db2794c27b0') in 0.003021916 seconds
Number of updated asset objects reloaded before import = 0Number of asset objects unloaded after import = 3

========================================================================
Received Import Request.
  Time since last request: 0.000041 seconds.
  path: Assets/topDown_baseTiles_212.asset
  artifactKey: Guid(e3c30737b57dd4dec8d263d2daa742f5) Importer(815301076,1909f56bfc062723c751e8b465ee728b)
Start importing Assets/topDown_baseTiles_212.asset using Guid(e3c30737b57dd4dec8d263d2daa742f5) Importer(815301076,1909f56bfc062723c751e8b465ee728b) (PreviewImporter) -> (artifact id: 'c2a09c00bee8c1ffadc816148382e8bb') in 0.002444166 seconds
Number of updated asset objects reloaded before import = 0Number of asset objects unloaded after import = 3

========================================================================
Received Import Request.
  Time since last request: 0.062953 seconds.
  path: Assets/topDown_baseTiles_218.asset
  artifactKey: Guid(cb1990b515f954fb8b0b16d46e53fad6) Importer(815301076,1909f56bfc062723c751e8b465ee728b)
Start importing Assets/topDown_baseTiles_218.asset using Guid(cb1990b515f954fb8b0b16d46e53fad6) Importer(815301076,1909f56bfc062723c751e8b465ee728b) (PreviewImporter) -> (artifact id: '8ed5300e243a1917da15320224ca8445') in 0.00270225 seconds
Number of updated asset objects reloaded before import = 0Number of asset objects unloaded after import = 3

========================================================================
Received Import Request.
  Time since last request: 0.000029 seconds.
  path: Assets/topDown_baseTiles_223.asset
  artifactKey: Guid(04b89933b1c86413388511b5a8e8127d) Importer(815301076,1909f56bfc062723c751e8b465ee728b)
Start importing Assets/topDown_baseTiles_223.asset using Guid(04b89933b1c86413388511b5a8e8127d) Importer(815301076,1909f56bfc062723c751e8b465ee728b) (PreviewImporter) -> (artifact id: 'cd8b8794b3f82ea9ae759ddf5d2fab81') in 0.002942208 seconds
Number of updated asset objects reloaded before import = 0Number of asset objects unloaded after import = 3

========================================================================
Received Import Request.
  Time since last request: 0.000086 seconds.
  path: Assets/topDown_baseTiles_224.asset
  artifactKey: Guid(d5baa206c0d4d4d9d8f965b7c1c799be) Importer(815301076,1909f56bfc062723c751e8b465ee728b)
Start importing Assets/topDown_baseTiles_224.asset using Guid(d5baa206c0d4d4d9d8f965b7c1c799be) Importer(815301076,1909f56bfc062723c751e8b465ee728b) (PreviewImporter) -> (artifact id: '94485940b421b08ad15848dcb0f816ad') in 0.002862417 seconds
Number of updated asset objects reloaded before import = 0Number of asset objects unloaded after import = 3

========================================================================
Received Import Request.
  Time since last request: 0.000034 seconds.
  path: Assets/topDown_baseTiles_222.asset
  artifactKey: Guid(73867c051c0614623a0277a55693b502) Importer(815301076,1909f56bfc062723c751e8b465ee728b)
Start importing Assets/topDown_baseTiles_222.asset using Guid(73867c051c0614623a0277a55693b502) Importer(815301076,1909f56bfc062723c751e8b465ee728b) (PreviewImporter) -> (artifact id: '35d63c34ea87f5a5438d0db460b385f2') in 0.002847375 seconds
Number of updated asset objects reloaded before import = 0Number of asset objects unloaded after import = 3

========================================================================
Received Import Request.
  Time since last request: 0.000163 seconds.
  path: Assets/topDown_baseTiles_227.asset
  artifactKey: Guid(7d165d587fbea4a3e8af046c8c3f71c8) Importer(815301076,1909f56bfc062723c751e8b465ee728b)
Start importing Assets/topDown_baseTiles_227.asset using Guid(7d165d587fbea4a3e8af046c8c3f71c8) Importer(815301076,1909f56bfc062723c751e8b465ee728b) (PreviewImporter) -> (artifact id: '9669d487b2a627cb75bf3327c59a258f') in 0.00367475 seconds
Number of updated asset objects reloaded before import = 0Number of asset objects unloaded after import = 3

========================================================================
Received Import Request.
  Time since last request: 0.140362 seconds.
  path: Assets/topDown_baseTiles_229.asset
  artifactKey: Guid(83614c62a292a4ae9b3d4e84e5801655) Importer(815301076,1909f56bfc062723c751e8b465ee728b)
Start importing Assets/topDown_baseTiles_229.asset using Guid(83614c62a292a4ae9b3d4e84e5801655) Importer(815301076,1909f56bfc062723c751e8b465ee728b) (PreviewImporter) -> (artifact id: '276b0db4c7fd8b28f2a4b43f7e943f49') in 0.002905667 seconds
Number of updated asset objects reloaded before import = 0Number of asset objects unloaded after import = 3

========================================================================
Received Import Request.
  Time since last request: 0.000053 seconds.
  path: Assets/topDown_baseTiles_235.asset
  artifactKey: Guid(f8eb31f8ad20f4c1eaa775ee9df2d7b2) Importer(815301076,1909f56bfc062723c751e8b465ee728b)
Start importing Assets/topDown_baseTiles_235.asset using Guid(f8eb31f8ad20f4c1eaa775ee9df2d7b2) Importer(815301076,1909f56bfc062723c751e8b465ee728b) (PreviewImporter) -> (artifact id: 'd1999fb84d1f499705a7ccb41b37229a') in 0.002573792 seconds
Number of updated asset objects reloaded before import = 0Number of asset objects unloaded after import = 3

========================================================================
Received Import Request.
  Time since last request: 0.000030 seconds.
  path: Assets/topDown_baseTiles_236.asset
  artifactKey: Guid(05f140fc998e44d53a2db0d3a454871e) Importer(815301076,1909f56bfc062723c751e8b465ee728b)
Start importing Assets/topDown_baseTiles_236.asset using Guid(05f140fc998e44d53a2db0d3a454871e) Importer(815301076,1909f56bfc062723c751e8b465ee728b) (PreviewImporter) -> (artifact id: 'f21bea16a38929bc91c0acf61a4aa31b') in 0.002789583 seconds
Number of updated asset objects reloaded before import = 0Number of asset objects unloaded after import = 3

========================================================================
Received Import Request.
  Time since last request: 0.000026 seconds.
  path: Assets/topDown_baseTiles_238.asset
  artifactKey: Guid(18fa627f45cc0444fa72e2dd1a7b8166) Importer(815301076,1909f56bfc062723c751e8b465ee728b)
Start importing Assets/topDown_baseTiles_238.asset using Guid(18fa627f45cc0444fa72e2dd1a7b8166) Importer(815301076,1909f56bfc062723c751e8b465ee728b) (PreviewImporter) -> (artifact id: '4f15c08cd16b62d3fea41583a4ef1bba') in 0.002539417 seconds
Number of updated asset objects reloaded before import = 0Number of asset objects unloaded after import = 3

========================================================================
Received Import Request.
  Time since last request: 0.000056 seconds.
  path: Assets/topDown_baseTiles_231.asset
  artifactKey: Guid(4c61f7aaac3d040408c638872b2ba16d) Importer(815301076,1909f56bfc062723c751e8b465ee728b)
Start importing Assets/topDown_baseTiles_231.asset using Guid(4c61f7aaac3d040408c638872b2ba16d) Importer(815301076,1909f56bfc062723c751e8b465ee728b) (PreviewImporter) -> (artifact id: 'e47ca10e74f8be4bf896d55639cecb4a') in 0.003127958 seconds
Number of updated asset objects reloaded before import = 0Number of asset objects unloaded after import = 3

========================================================================
Received Import Request.
  Time since last request: 0.000037 seconds.
  path: Assets/topDown_baseTiles_233.asset
  artifactKey: Guid(8cfe47e0593634b92aa762b8d214e1c2) Importer(815301076,1909f56bfc062723c751e8b465ee728b)
Start importing Assets/topDown_baseTiles_233.asset using Guid(8cfe47e0593634b92aa762b8d214e1c2) Importer(815301076,1909f56bfc062723c751e8b465ee728b) (PreviewImporter) -> (artifact id: '8d5a7c3a91ec95cfbb5439e26cbb2e7a') in 0.003129584 seconds
Number of updated asset objects reloaded before import = 0Number of asset objects unloaded after import = 3

========================================================================
Received Import Request.
  Time since last request: 0.012919 seconds.
  path: Assets/topDown_baseTiles_240.asset
  artifactKey: Guid(62480420165a145bbae4ebdf26018372) Importer(815301076,1909f56bfc062723c751e8b465ee728b)
Start importing Assets/topDown_baseTiles_240.asset using Guid(62480420165a145bbae4ebdf26018372) Importer(815301076,1909f56bfc062723c751e8b465ee728b) (PreviewImporter) -> (artifact id: 'ffa1bf3124d6080e90d80f6c8ea91148') in 0.002706042 seconds
Number of updated asset objects reloaded before import = 0Number of asset objects unloaded after import = 3

========================================================================
Received Import Request.
  Time since last request: 0.000055 seconds.
  path: Assets/topDown_baseTiles_244.asset
  artifactKey: Guid(a8603211a678340b5901c14cd8bc405d) Importer(815301076,1909f56bfc062723c751e8b465ee728b)
Start importing Assets/topDown_baseTiles_244.asset using Guid(a8603211a678340b5901c14cd8bc405d) Importer(815301076,1909f56bfc062723c751e8b465ee728b) (PreviewImporter) -> (artifact id: '86bf2b4056cb4b54e99a2c68e3167024') in 0.002624667 seconds
Number of updated asset objects reloaded before import = 0Number of asset objects unloaded after import = 3

========================================================================
Received Import Request.
  Time since last request: 0.000030 seconds.
  path: Assets/topDown_baseTiles_249.asset
  artifactKey: Guid(7993af77a3129472b9d8d9b334cea04e) Importer(815301076,1909f56bfc062723c751e8b465ee728b)
Start importing Assets/topDown_baseTiles_249.asset using Guid(7993af77a3129472b9d8d9b334cea04e) Importer(815301076,1909f56bfc062723c751e8b465ee728b) (PreviewImporter) -> (artifact id: 'ad349b0b1624d7291706acad9508b9bd') in 0.003489666 seconds
Number of updated asset objects reloaded before import = 0Number of asset objects unloaded after import = 3

========================================================================
Received Import Request.
  Time since last request: 0.000031 seconds.
  path: Assets/topDown_baseTiles_246.asset
  artifactKey: Guid(d8676f44ee0cb48659f17fb91c9bcc9e) Importer(815301076,1909f56bfc062723c751e8b465ee728b)
Start importing Assets/topDown_baseTiles_246.asset using Guid(d8676f44ee0cb48659f17fb91c9bcc9e) Importer(815301076,1909f56bfc062723c751e8b465ee728b) (PreviewImporter) -> (artifact id: '7c80cab1cd5a5e79b1a8d40600a18f74') in 0.00315925 seconds
Number of updated asset objects reloaded before import = 0Number of asset objects unloaded after import = 3

========================================================================
Received Import Request.
  Time since last request: 0.000027 seconds.
  path: Assets/topDown_baseTiles_243.asset
  artifactKey: Guid(1aec9277123ac42b380d03340f5346a6) Importer(815301076,1909f56bfc062723c751e8b465ee728b)
Start importing Assets/topDown_baseTiles_243.asset using Guid(1aec9277123ac42b380d03340f5346a6) Importer(815301076,1909f56bfc062723c751e8b465ee728b) (PreviewImporter) -> (artifact id: '114e7ed35a6b509d893f401a59981692') in 0.002699666 seconds
Number of updated asset objects reloaded before import = 0Number of asset objects unloaded after import = 3

========================================================================
Received Import Request.
  Time since last request: 0.000026 seconds.
  path: Assets/topDown_baseTiles_248.asset
  artifactKey: Guid(90b615557930f40369cebf42eb6e7fc0) Importer(815301076,1909f56bfc062723c751e8b465ee728b)
Start importing Assets/topDown_baseTiles_248.asset using Guid(90b615557930f40369cebf42eb6e7fc0) Importer(815301076,1909f56bfc062723c751e8b465ee728b) (PreviewImporter) -> (artifact id: '3b174efa17f8988a2f3ac21865fb1ec0') in 0.003273208 seconds
Number of updated asset objects reloaded before import = 0Number of asset objects unloaded after import = 3

========================================================================
Received Import Request.
  Time since last request: 0.008303 seconds.
  path: Assets/topDown_baseTiles_251.asset
  artifactKey: Guid(4b9f480f32dcb4929a3b6c91fbe02bcd) Importer(815301076,1909f56bfc062723c751e8b465ee728b)
Start importing Assets/topDown_baseTiles_251.asset using Guid(4b9f480f32dcb4929a3b6c91fbe02bcd) Importer(815301076,1909f56bfc062723c751e8b465ee728b) (PreviewImporter) -> (artifact id: '66fac96171e8d30e51d5e38452c1bde9') in 0.002701417 seconds
Number of updated asset objects reloaded before import = 0Number of asset objects unloaded after import = 3

========================================================================
Received Import Request.
  Time since last request: 0.000098 seconds.
  path: Assets/topDown_baseTiles_268.asset
  artifactKey: Guid(b0fdd6b0442f046a6b281ce3076c1e29) Importer(815301076,1909f56bfc062723c751e8b465ee728b)
Start importing Assets/topDown_baseTiles_268.asset using Guid(b0fdd6b0442f046a6b281ce3076c1e29) Importer(815301076,1909f56bfc062723c751e8b465ee728b) (PreviewImporter) -> (artifact id: '3d6c5934872bd5d4aa106f314a70fce8') in 0.002936167 seconds
Number of updated asset objects reloaded before import = 0Number of asset objects unloaded after import = 3

========================================================================
Received Import Request.
  Time since last request: 0.000035 seconds.
  path: Assets/topDown_baseTiles_262.asset
  artifactKey: Guid(dc480406cf33248e084ffac7f5cf9148) Importer(815301076,1909f56bfc062723c751e8b465ee728b)
Start importing Assets/topDown_baseTiles_262.asset using Guid(dc480406cf33248e084ffac7f5cf9148) Importer(815301076,1909f56bfc062723c751e8b465ee728b) (PreviewImporter) -> (artifact id: '1e2cbe20f64978832404f79b57398c5a') in 0.003213417 seconds
Number of updated asset objects reloaded before import = 0Number of asset objects unloaded after import = 3

========================================================================
Received Import Request.
  Time since last request: 0.000044 seconds.
  path: Assets/topDown_baseTiles_269.asset
  artifactKey: Guid(ccd8e3b60768249d3aca1c619c31e042) Importer(815301076,1909f56bfc062723c751e8b465ee728b)
Start importing Assets/topDown_baseTiles_269.asset using Guid(ccd8e3b60768249d3aca1c619c31e042) Importer(815301076,1909f56bfc062723c751e8b465ee728b) (PreviewImporter) -> (artifact id: '3933a246d3d05600d110a82d6a16e6b6') in 0.003058167 seconds
Number of updated asset objects reloaded before import = 0Number of asset objects unloaded after import = 3

========================================================================
Received Import Request.
  Time since last request: 0.000040 seconds.
  path: Assets/topDown_baseTiles_265.asset
  artifactKey: Guid(10c965f037c4840069903a12805b2313) Importer(815301076,1909f56bfc062723c751e8b465ee728b)
Start importing Assets/topDown_baseTiles_265.asset using Guid(10c965f037c4840069903a12805b2313) Importer(815301076,1909f56bfc062723c751e8b465ee728b) (PreviewImporter) -> (artifact id: '45f2543c205d28396215bf45d38e3090') in 0.004155291 seconds
Number of updated asset objects reloaded before import = 0Number of asset objects unloaded after import = 3

========================================================================
Received Import Request.
  Time since last request: 0.000043 seconds.
  path: Assets/topDown_baseTiles_259.asset
  artifactKey: Guid(db674365b50ca41c2a41119f6c96136d) Importer(815301076,1909f56bfc062723c751e8b465ee728b)
Start importing Assets/topDown_baseTiles_259.asset using Guid(db674365b50ca41c2a41119f6c96136d) Importer(815301076,1909f56bfc062723c751e8b465ee728b) (PreviewImporter) -> (artifact id: 'bdbe21f0ec273c19703b8acc4c0faf5a') in 0.002700166 seconds
Number of updated asset objects reloaded before import = 0Number of asset objects unloaded after import = 3

========================================================================
Received Import Request.
  Time since last request: 0.000061 seconds.
  path: Assets/topDown_baseTiles_253.asset
  artifactKey: Guid(a43681f49dac64e09bcaf0d95b9402fe) Importer(815301076,1909f56bfc062723c751e8b465ee728b)
Start importing Assets/topDown_baseTiles_253.asset using Guid(a43681f49dac64e09bcaf0d95b9402fe) Importer(815301076,1909f56bfc062723c751e8b465ee728b) (PreviewImporter) -> (artifact id: '82d3a247b75fdc399f991b56d385539e') in 0.003186459 seconds
Number of updated asset objects reloaded before import = 0Number of asset objects unloaded after import = 3

========================================================================
Received Import Request.
  Time since last request: 0.000033 seconds.
  path: Assets/topDown_baseTiles_275.asset
  artifactKey: Guid(249a4d5c7030d456b8a4ca3854f30560) Importer(815301076,1909f56bfc062723c751e8b465ee728b)
Start importing Assets/topDown_baseTiles_275.asset using Guid(249a4d5c7030d456b8a4ca3854f30560) Importer(815301076,1909f56bfc062723c751e8b465ee728b) (PreviewImporter) -> (artifact id: 'b9ad98232c67794aa763746da812084f') in 0.002961417 seconds
Number of updated asset objects reloaded before import = 0Number of asset objects unloaded after import = 3

========================================================================
Received Import Request.
  Time since last request: 0.000081 seconds.
  path: Assets/topDown_baseTiles_274.asset
  artifactKey: Guid(a2c5f5f8a91054ea5b87aa74a53e7a69) Importer(815301076,1909f56bfc062723c751e8b465ee728b)
Start importing Assets/topDown_baseTiles_274.asset using Guid(a2c5f5f8a91054ea5b87aa74a53e7a69) Importer(815301076,1909f56bfc062723c751e8b465ee728b) (PreviewImporter) -> (artifact id: '004fe1f659e76680a490f79ed9f88b07') in 0.0027435 seconds
Number of updated asset objects reloaded before import = 0Number of asset objects unloaded after import = 3

========================================================================
Received Import Request.
  Time since last request: 0.000027 seconds.
  path: Assets/topDown_baseTiles_273.asset
  artifactKey: Guid(a33769db015b040648f89bc43da319c9) Importer(815301076,1909f56bfc062723c751e8b465ee728b)
Start importing Assets/topDown_baseTiles_273.asset using Guid(a33769db015b040648f89bc43da319c9) Importer(815301076,1909f56bfc062723c751e8b465ee728b) (PreviewImporter) -> (artifact id: '9ee71d517e5ed2f2a8446da66736552b') in 0.0029885 seconds
Number of updated asset objects reloaded before import = 0Number of asset objects unloaded after import = 3

========================================================================
Received Import Request.
  Time since last request: 0.000050 seconds.
  path: Assets/topDown_baseTiles_276.asset
  artifactKey: Guid(f0ec71f82b84c4009b8fc9ec6d22e820) Importer(815301076,1909f56bfc062723c751e8b465ee728b)
Start importing Assets/topDown_baseTiles_276.asset using Guid(f0ec71f82b84c4009b8fc9ec6d22e820) Importer(815301076,1909f56bfc062723c751e8b465ee728b) (PreviewImporter) -> (artifact id: 'fa16cca3e45bd3ab4e56353e69654972') in 0.00243375 seconds
Number of updated asset objects reloaded before import = 0Number of asset objects unloaded after import = 3

========================================================================
Received Import Request.
  Time since last request: 0.000025 seconds.
  path: Assets/topDown_baseTiles_287.asset
  artifactKey: Guid(bd36547226a0a495a83d46dcc8241f21) Importer(815301076,1909f56bfc062723c751e8b465ee728b)
Start importing Assets/topDown_baseTiles_287.asset using Guid(bd36547226a0a495a83d46dcc8241f21) Importer(815301076,1909f56bfc062723c751e8b465ee728b) (PreviewImporter) -> (artifact id: '7fd2fbaefd8aab93096064939e13208a') in 0.002863042 seconds
Number of updated asset objects reloaded before import = 0Number of asset objects unloaded after import = 3

========================================================================
Received Import Request.
  Time since last request: 0.000047 seconds.
  path: Assets/topDown_baseTiles_292.asset
  artifactKey: Guid(d6999647325384009803e5119b8b1534) Importer(815301076,1909f56bfc062723c751e8b465ee728b)
Start importing Assets/topDown_baseTiles_292.asset using Guid(d6999647325384009803e5119b8b1534) Importer(815301076,1909f56bfc062723c751e8b465ee728b) (PreviewImporter) -> (artifact id: '42b5b15487a314e0a730f2eb13afc98f') in 0.002699791 seconds
Number of updated asset objects reloaded before import = 0Number of asset objects unloaded after import = 3

========================================================================
Received Import Request.
  Time since last request: 0.000039 seconds.
  path: Assets/topDown_baseTiles_289.asset
  artifactKey: Guid(4190cb35bea37484abd514b3f53d9b6f) Importer(815301076,1909f56bfc062723c751e8b465ee728b)
Start importing Assets/topDown_baseTiles_289.asset using Guid(4190cb35bea37484abd514b3f53d9b6f) Importer(815301076,1909f56bfc062723c751e8b465ee728b) (PreviewImporter) -> (artifact id: '038ec5816e0aebbdff247c7281aa6baf') in 0.002796167 seconds
Number of updated asset objects reloaded before import = 0Number of asset objects unloaded after import = 3

========================================================================
Received Import Request.
  Time since last request: 0.000036 seconds.
  path: Assets/topDown_baseTiles_271.asset
  artifactKey: Guid(4be618fe4fd8a41ac89fe825e4dc6b7d) Importer(815301076,1909f56bfc062723c751e8b465ee728b)
Start importing Assets/topDown_baseTiles_271.asset using Guid(4be618fe4fd8a41ac89fe825e4dc6b7d) Importer(815301076,1909f56bfc062723c751e8b465ee728b) (PreviewImporter) -> (artifact id: '80744a4961000e1935537af71bb10b60') in 0.002986708 seconds
Number of updated asset objects reloaded before import = 0Number of asset objects unloaded after import = 3

========================================================================
Received Import Request.
  Time since last request: 0.000050 seconds.
  path: Assets/topDown_baseTiles_267.asset
  artifactKey: Guid(911b2f0f86e454feda4ed66d1e3abe3b) Importer(815301076,1909f56bfc062723c751e8b465ee728b)
Start importing Assets/topDown_baseTiles_267.asset using Guid(911b2f0f86e454feda4ed66d1e3abe3b) Importer(815301076,1909f56bfc062723c751e8b465ee728b) (PreviewImporter) -> (artifact id: '5b75f52ef5865a7b20de4b09a8292989') in 0.003148458 seconds
Number of updated asset objects reloaded before import = 0Number of asset objects unloaded after import = 3

========================================================================
Received Import Request.
  Time since last request: 0.000024 seconds.
  path: Assets/topDown_baseTiles_255.asset
  artifactKey: Guid(aaf677c80c9534152a617f2e1ff8396c) Importer(815301076,1909f56bfc062723c751e8b465ee728b)
Start importing Assets/topDown_baseTiles_255.asset using Guid(aaf677c80c9534152a617f2e1ff8396c) Importer(815301076,1909f56bfc062723c751e8b465ee728b) (PreviewImporter) -> (artifact id: '9d94a6d80cd3356f2b526941f6add6ad') in 0.003327209 seconds
Number of updated asset objects reloaded before import = 0Number of asset objects unloaded after import = 3

========================================================================
Received Import Request.
  Time since last request: 0.000029 seconds.
  path: Assets/topDown_baseTiles_282.asset
  artifactKey: Guid(6e70df48717694edaaa402fcc6788a78) Importer(815301076,1909f56bfc062723c751e8b465ee728b)
Start importing Assets/topDown_baseTiles_282.asset using Guid(6e70df48717694edaaa402fcc6788a78) Importer(815301076,1909f56bfc062723c751e8b465ee728b) (PreviewImporter) -> (artifact id: 'e7a9f22c6be4e8b9e8cb007e5166fe90') in 0.002581917 seconds
Number of updated asset objects reloaded before import = 0Number of asset objects unloaded after import = 3

========================================================================
Received Import Request.
  Time since last request: 0.000058 seconds.
  path: Assets/topDown_baseTiles_302.asset
  artifactKey: Guid(c8b256dcb648842b481047d0ecdf8018) Importer(815301076,1909f56bfc062723c751e8b465ee728b)
Start importing Assets/topDown_baseTiles_302.asset using Guid(c8b256dcb648842b481047d0ecdf8018) Importer(815301076,1909f56bfc062723c751e8b465ee728b) (PreviewImporter) -> (artifact id: '1292fc196d48d6329650ed6d94c47370') in 0.002436292 seconds
Number of updated asset objects reloaded before import = 0Number of asset objects unloaded after import = 3

========================================================================
Received Import Request.
  Time since last request: 0.000097 seconds.
  path: Assets/topDown_baseTiles_305.asset
  artifactKey: Guid(b3e131ab666e7451c9f0c7456545ee6d) Importer(815301076,1909f56bfc062723c751e8b465ee728b)
Start importing Assets/topDown_baseTiles_305.asset using Guid(b3e131ab666e7451c9f0c7456545ee6d) Importer(815301076,1909f56bfc062723c751e8b465ee728b) (PreviewImporter) -> (artifact id: 'b3db60f45d0b5bdd48c523260cf91f8d') in 0.002486542 seconds
Number of updated asset objects reloaded before import = 0Number of asset objects unloaded after import = 3

========================================================================
Received Import Request.
  Time since last request: 0.000035 seconds.
  path: Assets/topDown_baseTiles_310.asset
  artifactKey: Guid(9f8b2081f9629466995664bb24aba6ae) Importer(815301076,1909f56bfc062723c751e8b465ee728b)
Start importing Assets/topDown_baseTiles_310.asset using Guid(9f8b2081f9629466995664bb24aba6ae) Importer(815301076,1909f56bfc062723c751e8b465ee728b) (PreviewImporter) -> (artifact id: '27f8b219e81b5d7b709171b8fbdbdef5') in 0.003168542 seconds
Number of updated asset objects reloaded before import = 0Number of asset objects unloaded after import = 3

========================================================================
Received Import Request.
  Time since last request: 0.000075 seconds.
  path: Assets/topDown_baseTiles_314.asset
  artifactKey: Guid(3cb0941a330134acd93b34082d65e9d7) Importer(815301076,1909f56bfc062723c751e8b465ee728b)
Start importing Assets/topDown_baseTiles_314.asset using Guid(3cb0941a330134acd93b34082d65e9d7) Importer(815301076,1909f56bfc062723c751e8b465ee728b) (PreviewImporter) -> (artifact id: '175355840dd8c4f2f70737faf4ffc742') in 0.002945584 seconds
Number of updated asset objects reloaded before import = 0Number of asset objects unloaded after import = 3

========================================================================
Received Import Request.
  Time since last request: 0.000031 seconds.
  path: Assets/topDown_baseTiles_304.asset
  artifactKey: Guid(bf029e4473e8c47dc98dc92a437097f0) Importer(815301076,1909f56bfc062723c751e8b465ee728b)
Start importing Assets/topDown_baseTiles_304.asset using Guid(bf029e4473e8c47dc98dc92a437097f0) Importer(815301076,1909f56bfc062723c751e8b465ee728b) (PreviewImporter) -> (artifact id: 'eccb0cdc26e2374e80004c01951167fc') in 0.002881208 seconds
Number of updated asset objects reloaded before import = 0Number of asset objects unloaded after import = 3

========================================================================
Received Import Request.
  Time since last request: 0.000048 seconds.
  path: Assets/topDown_baseTiles_307.asset
  artifactKey: Guid(74c28d207c22b45928027408321c3fdd) Importer(815301076,1909f56bfc062723c751e8b465ee728b)
Start importing Assets/topDown_baseTiles_307.asset using Guid(74c28d207c22b45928027408321c3fdd) Importer(815301076,1909f56bfc062723c751e8b465ee728b) (PreviewImporter) -> (artifact id: 'ff6be671111d016d777d0d313458c612') in 0.002958583 seconds
Number of updated asset objects reloaded before import = 0Number of asset objects unloaded after import = 3

========================================================================
Received Import Request.
  Time since last request: 0.000029 seconds.
  path: Assets/topDown_baseTiles_309.asset
  artifactKey: Guid(a43a0fea376cc4367ab204f37a93b792) Importer(815301076,1909f56bfc062723c751e8b465ee728b)
Start importing Assets/topDown_baseTiles_309.asset using Guid(a43a0fea376cc4367ab204f37a93b792) Importer(815301076,1909f56bfc062723c751e8b465ee728b) (PreviewImporter) -> (artifact id: 'd1c5fa402fb635a8a2de1102642b1e57') in 0.002990083 seconds
Number of updated asset objects reloaded before import = 0Number of asset objects unloaded after import = 3

========================================================================
Received Import Request.
  Time since last request: 0.000016 seconds.
  path: Assets/topDown_baseTiles_303.asset
  artifactKey: Guid(b96e7fe27f9bd4da1b0cac45dcd0c3d9) Importer(815301076,1909f56bfc062723c751e8b465ee728b)
Start importing Assets/topDown_baseTiles_303.asset using Guid(b96e7fe27f9bd4da1b0cac45dcd0c3d9) Importer(815301076,1909f56bfc062723c751e8b465ee728b) (PreviewImporter) -> (artifact id: '1d47a400b99bab294a4bdf56572f3161') in 0.002826875 seconds
Number of updated asset objects reloaded before import = 0Number of asset objects unloaded after import = 3

========================================================================
Received Import Request.
  Time since last request: 0.000041 seconds.
  path: Assets/topDown_baseTiles_313.asset
  artifactKey: Guid(18f77c7efedcf47f4aa856f85f48e3a6) Importer(815301076,1909f56bfc062723c751e8b465ee728b)
Start importing Assets/topDown_baseTiles_313.asset using Guid(18f77c7efedcf47f4aa856f85f48e3a6) Importer(815301076,1909f56bfc062723c751e8b465ee728b) (PreviewImporter) -> (artifact id: '10b7162c8405d1148c1f8038172a6a34') in 0.002408792 seconds
Number of updated asset objects reloaded before import = 0Number of asset objects unloaded after import = 3

========================================================================
Received Import Request.
  Time since last request: 0.000033 seconds.
  path: Assets/topDown_baseTiles_317.asset
  artifactKey: Guid(5f46f35d1e02d48669911aacb36e53ce) Importer(815301076,1909f56bfc062723c751e8b465ee728b)
Start importing Assets/topDown_baseTiles_317.asset using Guid(5f46f35d1e02d48669911aacb36e53ce) Importer(815301076,1909f56bfc062723c751e8b465ee728b) (PreviewImporter) -> (artifact id: 'f7f17c240dfa57ea4a1fcaed6fcdfc09') in 0.00285375 seconds
Number of updated asset objects reloaded before import = 0Number of asset objects unloaded after import = 3

========================================================================
Received Import Request.
  Time since last request: 0.000045 seconds.
  path: Assets/topDown_baseTiles_322.asset
  artifactKey: Guid(0b5dd1a6462b84055a48f0899336c9cb) Importer(815301076,1909f56bfc062723c751e8b465ee728b)
Start importing Assets/topDown_baseTiles_322.asset using Guid(0b5dd1a6462b84055a48f0899336c9cb) Importer(815301076,1909f56bfc062723c751e8b465ee728b) (PreviewImporter) -> (artifact id: '8cbce8c51df648c6fb54ca84bff7289e') in 0.00331175 seconds
Number of updated asset objects reloaded before import = 0Number of asset objects unloaded after import = 3

========================================================================
Received Import Request.
  Time since last request: 0.000117 seconds.
  path: Assets/topDown_baseTiles_324.asset
  artifactKey: Guid(94a5ac500ee84495da309f1f2827c910) Importer(815301076,1909f56bfc062723c751e8b465ee728b)
Start importing Assets/topDown_baseTiles_324.asset using Guid(94a5ac500ee84495da309f1f2827c910) Importer(815301076,1909f56bfc062723c751e8b465ee728b) (PreviewImporter) -> (artifact id: '55cad9340a9d4bd7be61a153815b76ad') in 0.003032833 seconds
Number of updated asset objects reloaded before import = 0Number of asset objects unloaded after import = 3

========================================================================
Received Import Request.
  Time since last request: 0.000067 seconds.
  path: Assets/topDown_baseTiles_320.asset
  artifactKey: Guid(b122c4275d8dd4e6e9c040100433a6b4) Importer(815301076,1909f56bfc062723c751e8b465ee728b)
Start importing Assets/topDown_baseTiles_320.asset using Guid(b122c4275d8dd4e6e9c040100433a6b4) Importer(815301076,1909f56bfc062723c751e8b465ee728b) (PreviewImporter) -> (artifact id: '170d6470934fb31305e08aa2d896f3e7') in 0.0024715 seconds
Number of updated asset objects reloaded before import = 0Number of asset objects unloaded after import = 3

========================================================================
Received Import Request.
  Time since last request: 0.000038 seconds.
  path: Assets/topDown_baseTiles_329.asset
  artifactKey: Guid(a762af7d7eda34d1c951b4fcf743ce04) Importer(815301076,1909f56bfc062723c751e8b465ee728b)
Start importing Assets/topDown_baseTiles_329.asset using Guid(a762af7d7eda34d1c951b4fcf743ce04) Importer(815301076,1909f56bfc062723c751e8b465ee728b) (PreviewImporter) -> (artifact id: '9665aaf6d292b2b2ce352049c58ff74d') in 0.002485959 seconds
Number of updated asset objects reloaded before import = 0Number of asset objects unloaded after import = 3

========================================================================
Received Import Request.
  Time since last request: 0.000054 seconds.
  path: Assets/topDown_baseTiles_334.asset
  artifactKey: Guid(27bec1b8c3b19408098aee93b467948e) Importer(815301076,1909f56bfc062723c751e8b465ee728b)
Start importing Assets/topDown_baseTiles_334.asset using Guid(27bec1b8c3b19408098aee93b467948e) Importer(815301076,1909f56bfc062723c751e8b465ee728b) (PreviewImporter) -> (artifact id: 'fe18d38427a8662be859426d150693cf') in 0.003134958 seconds
Number of updated asset objects reloaded before import = 0Number of asset objects unloaded after import = 3

========================================================================
Received Import Request.
  Time since last request: 0.000049 seconds.
  path: Assets/topDown_baseTiles_337.asset
  artifactKey: Guid(50e247a3d74b94e88bac151ae0338b13) Importer(815301076,1909f56bfc062723c751e8b465ee728b)
Start importing Assets/topDown_baseTiles_337.asset using Guid(50e247a3d74b94e88bac151ae0338b13) Importer(815301076,1909f56bfc062723c751e8b465ee728b) (PreviewImporter) -> (artifact id: '373ba6cecb71abfd95ed5ae805e140ee') in 0.003569875 seconds
Number of updated asset objects reloaded before import = 0Number of asset objects unloaded after import = 3

========================================================================
Received Import Request.
  Time since last request: 0.000047 seconds.
  path: Assets/topDown_baseTiles_332.asset
  artifactKey: Guid(1b45b9d2aee6d4d25a20712aa4fc130e) Importer(815301076,1909f56bfc062723c751e8b465ee728b)
Start importing Assets/topDown_baseTiles_332.asset using Guid(1b45b9d2aee6d4d25a20712aa4fc130e) Importer(815301076,1909f56bfc062723c751e8b465ee728b) (PreviewImporter) -> (artifact id: 'c5049d2660332a74e6e3a7a5276bd096') in 0.002507792 seconds
Number of updated asset objects reloaded before import = 0Number of asset objects unloaded after import = 3

========================================================================
Received Import Request.
  Time since last request: 0.000030 seconds.
  path: Assets/topDown_baseTiles_342.asset
  artifactKey: Guid(e2f5186041eb042a9b2eb3334cd31e3f) Importer(815301076,1909f56bfc062723c751e8b465ee728b)
Start importing Assets/topDown_baseTiles_342.asset using Guid(e2f5186041eb042a9b2eb3334cd31e3f) Importer(815301076,1909f56bfc062723c751e8b465ee728b) (PreviewImporter) -> (artifact id: '76518d7f9297531dc95f4d3c171ef81c') in 0.002623416 seconds
Number of updated asset objects reloaded before import = 0Number of asset objects unloaded after import = 3

========================================================================
Received Import Request.
  Time since last request: 0.000029 seconds.
  path: Assets/topDown_baseTiles_347.asset
  artifactKey: Guid(87a78210f39814c5bbc691eff262ac0f) Importer(815301076,1909f56bfc062723c751e8b465ee728b)
Start importing Assets/topDown_baseTiles_347.asset using Guid(87a78210f39814c5bbc691eff262ac0f) Importer(815301076,1909f56bfc062723c751e8b465ee728b) (PreviewImporter) -> (artifact id: '2f2f9878170737456a5aabff26a9f4ff') in 0.003000125 seconds
Number of updated asset objects reloaded before import = 0Number of asset objects unloaded after import = 3

========================================================================
Received Import Request.
  Time since last request: 0.000116 seconds.
  path: Assets/topDown_baseTiles_345.asset
  artifactKey: Guid(9b49334fc38b0475991cef7ea274544b) Importer(815301076,1909f56bfc062723c751e8b465ee728b)
Start importing Assets/topDown_baseTiles_345.asset using Guid(9b49334fc38b0475991cef7ea274544b) Importer(815301076,1909f56bfc062723c751e8b465ee728b) (PreviewImporter) -> (artifact id: 'cccb00f77761d7b9fb90bfd0143f9d4b') in 0.003416875 seconds
Number of updated asset objects reloaded before import = 0Number of asset objects unloaded after import = 3

========================================================================
Received Import Request.
  Time since last request: 0.000042 seconds.
  path: Assets/topDown_baseTiles_341.asset
  artifactKey: Guid(be1d21988628b4670a4f0fd9e8db4d1e) Importer(815301076,1909f56bfc062723c751e8b465ee728b)
Start importing Assets/topDown_baseTiles_341.asset using Guid(be1d21988628b4670a4f0fd9e8db4d1e) Importer(815301076,1909f56bfc062723c751e8b465ee728b) (PreviewImporter) -> (artifact id: '7586b653990e836c9807a838e1990e2e') in 0.002569333 seconds
Number of updated asset objects reloaded before import = 0Number of asset objects unloaded after import = 3

========================================================================
Received Import Request.
  Time since last request: 0.000037 seconds.
  path: Assets/topDown_baseTiles_340.asset
  artifactKey: Guid(e384a0cab793c4daab21b9b300b38a9b) Importer(815301076,1909f56bfc062723c751e8b465ee728b)
Start importing Assets/topDown_baseTiles_340.asset using Guid(e384a0cab793c4daab21b9b300b38a9b) Importer(815301076,1909f56bfc062723c751e8b465ee728b) (PreviewImporter) -> (artifact id: '5fde9f1257aae55ab1d6d512052916d2') in 0.0028685 seconds
Number of updated asset objects reloaded before import = 0Number of asset objects unloaded after import = 3

========================================================================
Received Import Request.
  Time since last request: 0.000027 seconds.
  path: Assets/topDown_baseTiles_338.asset
  artifactKey: Guid(053827d27ad2945e7ac9ef48fd980aec) Importer(815301076,1909f56bfc062723c751e8b465ee728b)
Start importing Assets/topDown_baseTiles_338.asset using Guid(053827d27ad2945e7ac9ef48fd980aec) Importer(815301076,1909f56bfc062723c751e8b465ee728b) (PreviewImporter) -> (artifact id: '2fbf74e9532fc75f2426f48d13c2de32') in 0.00267475 seconds
Number of updated asset objects reloaded before import = 0Number of asset objects unloaded after import = 3

========================================================================
Received Import Request.
  Time since last request: 0.000028 seconds.
  path: Assets/topDown_baseTiles_316.asset
  artifactKey: Guid(3c56f6e0b82d24c71ae4cded212c83a2) Importer(815301076,1909f56bfc062723c751e8b465ee728b)
Start importing Assets/topDown_baseTiles_316.asset using Guid(3c56f6e0b82d24c71ae4cded212c83a2) Importer(815301076,1909f56bfc062723c751e8b465ee728b) (PreviewImporter) -> (artifact id: 'f4c7bb5d217823a3057166b825483c8e') in 0.002463208 seconds
Number of updated asset objects reloaded before import = 0Number of asset objects unloaded after import = 3

========================================================================
Received Import Request.
  Time since last request: 0.000073 seconds.
  path: Assets/topDown_baseTiles_323.asset
  artifactKey: Guid(7714743311fc34412adc44203f726da2) Importer(815301076,1909f56bfc062723c751e8b465ee728b)
Start importing Assets/topDown_baseTiles_323.asset using Guid(7714743311fc34412adc44203f726da2) Importer(815301076,1909f56bfc062723c751e8b465ee728b) (PreviewImporter) -> (artifact id: 'd21e26bb38ce8abb0320717364899f18') in 0.002369209 seconds
Number of updated asset objects reloaded before import = 0Number of asset objects unloaded after import = 3

========================================================================
Received Import Request.
  Time since last request: 0.000074 seconds.
  path: Assets/topDown_baseTiles_353.asset
  artifactKey: Guid(898a347ada1574be5aefce24c83b5fb5) Importer(815301076,1909f56bfc062723c751e8b465ee728b)
Start importing Assets/topDown_baseTiles_353.asset using Guid(898a347ada1574be5aefce24c83b5fb5) Importer(815301076,1909f56bfc062723c751e8b465ee728b) (PreviewImporter) -> (artifact id: '8ffd27162ee2eb7d8f92ad2d1390b0a6') in 0.002700459 seconds
Number of updated asset objects reloaded before import = 0Number of asset objects unloaded after import = 3

========================================================================
Received Import Request.
  Time since last request: 0.000094 seconds.
  path: Assets/topDown_baseTiles_350.asset
  artifactKey: Guid(27e0cdefc22c8489aa897c70577be303) Importer(815301076,1909f56bfc062723c751e8b465ee728b)
Start importing Assets/topDown_baseTiles_350.asset using Guid(27e0cdefc22c8489aa897c70577be303) Importer(815301076,1909f56bfc062723c751e8b465ee728b) (PreviewImporter) -> (artifact id: '2e31e33772a9c73442233000afa70c02') in 0.002479667 seconds
Number of updated asset objects reloaded before import = 0Number of asset objects unloaded after import = 3

========================================================================
Received Import Request.
  Time since last request: 0.000028 seconds.
  path: Assets/topDown_baseTiles_363.asset
  artifactKey: Guid(3b4b47ff0754d4d4a9f2994f1aff2596) Importer(815301076,1909f56bfc062723c751e8b465ee728b)
Start importing Assets/topDown_baseTiles_363.asset using Guid(3b4b47ff0754d4d4a9f2994f1aff2596) Importer(815301076,1909f56bfc062723c751e8b465ee728b) (PreviewImporter) -> (artifact id: '650c04eee58a517ac3bfea8a96afed9f') in 0.002465584 seconds
Number of updated asset objects reloaded before import = 0Number of asset objects unloaded after import = 3

========================================================================
Received Import Request.
  Time since last request: 0.000043 seconds.
  path: Assets/topDown_baseTiles_370.asset
  artifactKey: Guid(154632793b6df40e0807edff0e1808f9) Importer(815301076,1909f56bfc062723c751e8b465ee728b)
Start importing Assets/topDown_baseTiles_370.asset using Guid(154632793b6df40e0807edff0e1808f9) Importer(815301076,1909f56bfc062723c751e8b465ee728b) (PreviewImporter) -> (artifact id: '8bb00bd385d43568bcb588dac1649bd3') in 0.002623416 seconds
Number of updated asset objects reloaded before import = 0Number of asset objects unloaded after import = 3

========================================================================
Received Import Request.
  Time since last request: 0.000030 seconds.
  path: Assets/topDown_baseTiles_368.asset
  artifactKey: Guid(8814c856e6c184a289aed1fb2bd80c24) Importer(815301076,1909f56bfc062723c751e8b465ee728b)
Start importing Assets/topDown_baseTiles_368.asset using Guid(8814c856e6c184a289aed1fb2bd80c24) Importer(815301076,1909f56bfc062723c751e8b465ee728b) (PreviewImporter) -> (artifact id: 'b712b0e75546f0ebb4a0e1b0e12e903a') in 0.002403167 seconds
Number of updated asset objects reloaded before import = 0Number of asset objects unloaded after import = 3

========================================================================
Received Import Request.
  Time since last request: 0.000069 seconds.
  path: Assets/topDown_baseTiles_360.asset
  artifactKey: Guid(165a51d00f0b646f5bdfdfabc7a507e0) Importer(815301076,1909f56bfc062723c751e8b465ee728b)
Start importing Assets/topDown_baseTiles_360.asset using Guid(165a51d00f0b646f5bdfdfabc7a507e0) Importer(815301076,1909f56bfc062723c751e8b465ee728b) (PreviewImporter) -> (artifact id: 'cb5b97c68e9eabf1e6c8b5dd982ce161') in 0.002944958 seconds
Number of updated asset objects reloaded before import = 0Number of asset objects unloaded after import = 3

========================================================================
Received Import Request.
  Time since last request: 0.000044 seconds.
  path: Assets/topDown_baseTiles_369.asset
  artifactKey: Guid(55198aa28273c4d969cf322bad720619) Importer(815301076,1909f56bfc062723c751e8b465ee728b)
Start importing Assets/topDown_baseTiles_369.asset using Guid(55198aa28273c4d969cf322bad720619) Importer(815301076,1909f56bfc062723c751e8b465ee728b) (PreviewImporter) -> (artifact id: '049993811bdc07e62364f27df8a4d037') in 0.002803916 seconds
Number of updated asset objects reloaded before import = 0Number of asset objects unloaded after import = 3

========================================================================
Received Import Request.
  Time since last request: 0.000059 seconds.
  path: Assets/topDown_baseTiles_375.asset
  artifactKey: Guid(e663b6911adde41b0b0f1f3b7ac9135b) Importer(815301076,1909f56bfc062723c751e8b465ee728b)
Start importing Assets/topDown_baseTiles_375.asset using Guid(e663b6911adde41b0b0f1f3b7ac9135b) Importer(815301076,1909f56bfc062723c751e8b465ee728b) (PreviewImporter) -> (artifact id: '9e9c58ad9383855b3e3fd1d8acb2d286') in 0.002603417 seconds
Number of updated asset objects reloaded before import = 0Number of asset objects unloaded after import = 3

========================================================================
Received Import Request.
  Time since last request: 0.000079 seconds.
  path: Assets/topDown_baseTiles_378.asset
  artifactKey: Guid(fbd2e05d90fd54b8ebf6093ed4a5890b) Importer(815301076,1909f56bfc062723c751e8b465ee728b)
Start importing Assets/topDown_baseTiles_378.asset using Guid(fbd2e05d90fd54b8ebf6093ed4a5890b) Importer(815301076,1909f56bfc062723c751e8b465ee728b) (PreviewImporter) -> (artifact id: '725c170e2f091e856cd291957bfe8b2a') in 0.003359834 seconds
Number of updated asset objects reloaded before import = 0Number of asset objects unloaded after import = 3

========================================================================
Received Import Request.
  Time since last request: 0.000024 seconds.
  path: Assets/topDown_baseTiles_379.asset
  artifactKey: Guid(586eed697f40c40009efe483468e9884) Importer(815301076,1909f56bfc062723c751e8b465ee728b)
Start importing Assets/topDown_baseTiles_379.asset using Guid(586eed697f40c40009efe483468e9884) Importer(815301076,1909f56bfc062723c751e8b465ee728b) (PreviewImporter) -> (artifact id: '14db7f11bc8e4abc34acfc21ee699756') in 0.003836791 seconds
Number of updated asset objects reloaded before import = 0Number of asset objects unloaded after import = 3

========================================================================
Received Import Request.
  Time since last request: 0.000026 seconds.
  path: Assets/topDown_baseTiles_358.asset
  artifactKey: Guid(6a388a978409a44e7b92ab5c0ecf64d8) Importer(815301076,1909f56bfc062723c751e8b465ee728b)
Start importing Assets/topDown_baseTiles_358.asset using Guid(6a388a978409a44e7b92ab5c0ecf64d8) Importer(815301076,1909f56bfc062723c751e8b465ee728b) (PreviewImporter) -> (artifact id: '3637f696aa7bd62c9931cebd70136755') in 0.002283375 seconds
Number of updated asset objects reloaded before import = 0Number of asset objects unloaded after import = 3

========================================================================
Received Import Request.
  Time since last request: 0.000074 seconds.
  path: Assets/topDown_baseTiles_367.asset
  artifactKey: Guid(6fe6d45d7c3424d6d8db4826d55babe1) Importer(815301076,1909f56bfc062723c751e8b465ee728b)
Start importing Assets/topDown_baseTiles_367.asset using Guid(6fe6d45d7c3424d6d8db4826d55babe1) Importer(815301076,1909f56bfc062723c751e8b465ee728b) (PreviewImporter) -> (artifact id: '480deb06665db710bed177b05a751856') in 0.002385042 seconds
Number of updated asset objects reloaded before import = 0Number of asset objects unloaded after import = 3

========================================================================
Received Import Request.
  Time since last request: 0.000029 seconds.
  path: Assets/topDown_baseTiles_364.asset
  artifactKey: Guid(3e17c944f8cff4d2ab7869985617cb06) Importer(815301076,1909f56bfc062723c751e8b465ee728b)
Start importing Assets/topDown_baseTiles_364.asset using Guid(3e17c944f8cff4d2ab7869985617cb06) Importer(815301076,1909f56bfc062723c751e8b465ee728b) (PreviewImporter) -> (artifact id: 'c0baf0bc0135023ec46276bb80302cc4') in 0.002328459 seconds
Number of updated asset objects reloaded before import = 0Number of asset objects unloaded after import = 3

========================================================================
Received Import Request.
  Time since last request: 0.000066 seconds.
  path: Assets/topDown_baseTiles_373.asset
  artifactKey: Guid(5a9bea0548934416cb7cd67c321b7ade) Importer(815301076,1909f56bfc062723c751e8b465ee728b)
Start importing Assets/topDown_baseTiles_373.asset using Guid(5a9bea0548934416cb7cd67c321b7ade) Importer(815301076,1909f56bfc062723c751e8b465ee728b) (PreviewImporter) -> (artifact id: 'bfbace90db209b2838966e76a4e9300c') in 0.002663542 seconds
Number of updated asset objects reloaded before import = 0Number of asset objects unloaded after import = 3

========================================================================
Received Import Request.
  Time since last request: 0.000026 seconds.
  path: Assets/topDown_baseTiles_361.asset
  artifactKey: Guid(806d8a30722ff41ca86a368342e62e0f) Importer(815301076,1909f56bfc062723c751e8b465ee728b)
Start importing Assets/topDown_baseTiles_361.asset using Guid(806d8a30722ff41ca86a368342e62e0f) Importer(815301076,1909f56bfc062723c751e8b465ee728b) (PreviewImporter) -> (artifact id: '66c6c43f8a66702f26d3cbeced431a7f') in 0.002464875 seconds
Number of updated asset objects reloaded before import = 0Number of asset objects unloaded after import = 3

========================================================================
Received Import Request.
  Time since last request: 0.000068 seconds.
  path: Assets/topDown_baseTiles_355.asset
  artifactKey: Guid(8b3694263217248898f6881dc062cb3c) Importer(815301076,1909f56bfc062723c751e8b465ee728b)
Start importing Assets/topDown_baseTiles_355.asset using Guid(8b3694263217248898f6881dc062cb3c) Importer(815301076,1909f56bfc062723c751e8b465ee728b) (PreviewImporter) -> (artifact id: 'cbc8b9cc51b945e2a274e864ce662451') in 0.002636917 seconds
Number of updated asset objects reloaded before import = 0Number of asset objects unloaded after import = 3

========================================================================
Received Import Request.
  Time since last request: 0.000169 seconds.
  path: Assets/topDown_baseTiles_385.asset
  artifactKey: Guid(d13c0a9a62ca44bbe8df30189c7763cd) Importer(815301076,1909f56bfc062723c751e8b465ee728b)
Start importing Assets/topDown_baseTiles_385.asset using Guid(d13c0a9a62ca44bbe8df30189c7763cd) Importer(815301076,1909f56bfc062723c751e8b465ee728b) (PreviewImporter) -> (artifact id: '620db8effabaf3cfd45579171d742bb4') in 0.002647458 seconds
Number of updated asset objects reloaded before import = 0Number of asset objects unloaded after import = 3

========================================================================
Received Import Request.
  Time since last request: 0.000037 seconds.
  path: Assets/topDown_baseTiles_389.asset
  artifactKey: Guid(ea6c3b5bacc09498b8ead24f0b8cf7fd) Importer(815301076,1909f56bfc062723c751e8b465ee728b)
Start importing Assets/topDown_baseTiles_389.asset using Guid(ea6c3b5bacc09498b8ead24f0b8cf7fd) Importer(815301076,1909f56bfc062723c751e8b465ee728b) (PreviewImporter) -> (artifact id: '49f5a7d411e16b7faa039882256fbbf6') in 0.003072541 seconds
Number of updated asset objects reloaded before import = 0Number of asset objects unloaded after import = 3

========================================================================
Received Import Request.
  Time since last request: 0.000085 seconds.
  path: Assets/topDown_baseTiles_390.asset
  artifactKey: Guid(46ea0fca3503a43e6ba409a821367b15) Importer(815301076,1909f56bfc062723c751e8b465ee728b)
Start importing Assets/topDown_baseTiles_390.asset using Guid(46ea0fca3503a43e6ba409a821367b15) Importer(815301076,1909f56bfc062723c751e8b465ee728b) (PreviewImporter) -> (artifact id: '8e6592515a7750a6482ed946caf43fad') in 0.002663042 seconds
Number of updated asset objects reloaded before import = 0Number of asset objects unloaded after import = 3

========================================================================
Received Import Request.
  Time since last request: 0.000075 seconds.
  path: Assets/topDown_baseTiles_386.asset
  artifactKey: Guid(4257ce7a11a73432a95161ff71ef78b4) Importer(815301076,1909f56bfc062723c751e8b465ee728b)
Start importing Assets/topDown_baseTiles_386.asset using Guid(4257ce7a11a73432a95161ff71ef78b4) Importer(815301076,1909f56bfc062723c751e8b465ee728b) (PreviewImporter) -> (artifact id: '35b34ffc163c291e09a93adc3f934b10') in 0.002868375 seconds
Number of updated asset objects reloaded before import = 0Number of asset objects unloaded after import = 3

========================================================================
Received Import Request.
  Time since last request: 0.000021 seconds.
  path: Assets/topDown_baseTiles_393.asset
  artifactKey: Guid(276b3dd289d6b456595ce001ca57f530) Importer(815301076,1909f56bfc062723c751e8b465ee728b)
Start importing Assets/topDown_baseTiles_393.asset using Guid(276b3dd289d6b456595ce001ca57f530) Importer(815301076,1909f56bfc062723c751e8b465ee728b) (PreviewImporter) -> (artifact id: 'f46b7ee693eb17e1e42a46900d9425e1') in 0.003805542 seconds
Number of updated asset objects reloaded before import = 0Number of asset objects unloaded after import = 3

========================================================================
Received Import Request.
  Time since last request: 0.000041 seconds.
  path: Assets/topDown_baseTiles_391.asset
  artifactKey: Guid(233d61ee141034151bf9975a7d33548b) Importer(815301076,1909f56bfc062723c751e8b465ee728b)
Start importing Assets/topDown_baseTiles_391.asset using Guid(233d61ee141034151bf9975a7d33548b) Importer(815301076,1909f56bfc062723c751e8b465ee728b) (PreviewImporter) -> (artifact id: 'bc51d31bf153045c9bf422a9b625a042') in 0.002463958 seconds
Number of updated asset objects reloaded before import = 0Number of asset objects unloaded after import = 3

========================================================================
Received Import Request.
  Time since last request: 0.000052 seconds.
  path: Assets/topDown_baseTiles_395.asset
  artifactKey: Guid(c38fc9e67caec4c1c82e02c20fa7d2cf) Importer(815301076,1909f56bfc062723c751e8b465ee728b)
Start importing Assets/topDown_baseTiles_395.asset using Guid(c38fc9e67caec4c1c82e02c20fa7d2cf) Importer(815301076,1909f56bfc062723c751e8b465ee728b) (PreviewImporter) -> (artifact id: '16aa0bbed8e3e88706227bb0114fa812') in 0.002680291 seconds
Number of updated asset objects reloaded before import = 0Number of asset objects unloaded after import = 3

========================================================================
Received Import Request.
  Time since last request: 0.000060 seconds.
  path: Assets/topDown_baseTiles_400.asset
  artifactKey: Guid(fb2ee4fff474c43849ffb0964bd322c8) Importer(815301076,1909f56bfc062723c751e8b465ee728b)
Start importing Assets/topDown_baseTiles_400.asset using Guid(fb2ee4fff474c43849ffb0964bd322c8) Importer(815301076,1909f56bfc062723c751e8b465ee728b) (PreviewImporter) -> (artifact id: 'e1509eebd662ce0f544c3560900f03d8') in 0.002910917 seconds
Number of updated asset objects reloaded before import = 0Number of asset objects unloaded after import = 3

========================================================================
Received Import Request.
  Time since last request: 0.000056 seconds.
  path: Assets/topDown_baseTiles_396.asset
  artifactKey: Guid(50bd556e302064dbb960e2584b403beb) Importer(815301076,1909f56bfc062723c751e8b465ee728b)
Start importing Assets/topDown_baseTiles_396.asset using Guid(50bd556e302064dbb960e2584b403beb) Importer(815301076,1909f56bfc062723c751e8b465ee728b) (PreviewImporter) -> (artifact id: '4b8702a88f6a147982f89eaa99e49e7d') in 0.00349675 seconds
Number of updated asset objects reloaded before import = 0Number of asset objects unloaded after import = 3

========================================================================
Received Import Request.
  Time since last request: 0.000061 seconds.
  path: Assets/topDown_baseTiles_404.asset
  artifactKey: Guid(fdf29ea543ceb44a7acc707aaabee036) Importer(815301076,1909f56bfc062723c751e8b465ee728b)
Start importing Assets/topDown_baseTiles_404.asset using Guid(fdf29ea543ceb44a7acc707aaabee036) Importer(815301076,1909f56bfc062723c751e8b465ee728b) (PreviewImporter) -> (artifact id: 'b592e02b7109d5c2caa1eda0e407f641') in 0.00227025 seconds
Number of updated asset objects reloaded before import = 0Number of asset objects unloaded after import = 3

========================================================================
Received Import Request.
  Time since last request: 0.000025 seconds.
  path: Assets/topDown_baseTiles_406.asset
  artifactKey: Guid(8af5fb94737954402aa00a530cb2b600) Importer(815301076,1909f56bfc062723c751e8b465ee728b)
Start importing Assets/topDown_baseTiles_406.asset using Guid(8af5fb94737954402aa00a530cb2b600) Importer(815301076,1909f56bfc062723c751e8b465ee728b) (PreviewImporter) -> (artifact id: '33b8853dba22c092a8bfb56c0d6ca3a4') in 0.0021255 seconds
Number of updated asset objects reloaded before import = 0Number of asset objects unloaded after import = 3

========================================================================
Received Import Request.
  Time since last request: 0.000022 seconds.
  path: Assets/topDown_baseTiles_410.asset
  artifactKey: Guid(d4c67d29cb389440db535bb67207d0a1) Importer(815301076,1909f56bfc062723c751e8b465ee728b)
Start importing Assets/topDown_baseTiles_410.asset using Guid(d4c67d29cb389440db535bb67207d0a1) Importer(815301076,1909f56bfc062723c751e8b465ee728b) (PreviewImporter) -> (artifact id: '1d08b828a49708bab4b3cd27f1841f22') in 0.002626834 seconds
Number of updated asset objects reloaded before import = 0Number of asset objects unloaded after import = 3

========================================================================
Received Import Request.
  Time since last request: 0.000088 seconds.
  path: Assets/topDown_baseTiles_412.asset
  artifactKey: Guid(7591f5ddfd8974105af70925f301e56d) Importer(815301076,1909f56bfc062723c751e8b465ee728b)
Start importing Assets/topDown_baseTiles_412.asset using Guid(7591f5ddfd8974105af70925f301e56d) Importer(815301076,1909f56bfc062723c751e8b465ee728b) (PreviewImporter) -> (artifact id: '8888517a61818e77ce31260cf4e2de9c') in 0.002917333 seconds
Number of updated asset objects reloaded before import = 0Number of asset objects unloaded after import = 3

========================================================================
Received Import Request.
  Time since last request: 0.000044 seconds.
  path: Assets/topDown_baseTiles_405.asset
  artifactKey: Guid(7999d45277797442eb6dcab7e481ec5d) Importer(815301076,1909f56bfc062723c751e8b465ee728b)
Start importing Assets/topDown_baseTiles_405.asset using Guid(7999d45277797442eb6dcab7e481ec5d) Importer(815301076,1909f56bfc062723c751e8b465ee728b) (PreviewImporter) -> (artifact id: 'a0ba49fa2af748b10d9d495f8dfdd712') in 0.002788542 seconds
Number of updated asset objects reloaded before import = 0Number of asset objects unloaded after import = 3

========================================================================
Received Import Request.
  Time since last request: 0.000182 seconds.
  path: Assets/topDown_baseTiles_408.asset
  artifactKey: Guid(8d1ff6e062cee4749956efafc3a2474f) Importer(815301076,1909f56bfc062723c751e8b465ee728b)
Start importing Assets/topDown_baseTiles_408.asset using Guid(8d1ff6e062cee4749956efafc3a2474f) Importer(815301076,1909f56bfc062723c751e8b465ee728b) (PreviewImporter) -> (artifact id: '0bb371c16944d97957f058a9d25ecf2d') in 0.002758959 seconds
Number of updated asset objects reloaded before import = 0Number of asset objects unloaded after import = 3

========================================================================
Received Import Request.
  Time since last request: 0.000029 seconds.
  path: Assets/topDown_baseTiles_414.asset
  artifactKey: Guid(9d91b655aa9e446f58cc1bd976e3a894) Importer(815301076,1909f56bfc062723c751e8b465ee728b)
Start importing Assets/topDown_baseTiles_414.asset using Guid(9d91b655aa9e446f58cc1bd976e3a894) Importer(815301076,1909f56bfc062723c751e8b465ee728b) (PreviewImporter) -> (artifact id: '15c04a8f02e13d92cd68daac4def6779') in 0.002987 seconds
Number of updated asset objects reloaded before import = 0Number of asset objects unloaded after import = 3

========================================================================
Received Import Request.
  Time since last request: 0.000059 seconds.
  path: Assets/topDown_baseTiles_399.asset
  artifactKey: Guid(02fc9dbcc67bd4dc5bb65a1f02bbedd2) Importer(815301076,1909f56bfc062723c751e8b465ee728b)
Start importing Assets/topDown_baseTiles_399.asset using Guid(02fc9dbcc67bd4dc5bb65a1f02bbedd2) Importer(815301076,1909f56bfc062723c751e8b465ee728b) (PreviewImporter) -> (artifact id: '0b1d4bae737c3bdc1ef1d443289830ed') in 0.003420375 seconds
Number of updated asset objects reloaded before import = 0Number of asset objects unloaded after import = 3

========================================================================
Received Import Request.
  Time since last request: 0.000108 seconds.
  path: Assets/topDown_baseTiles_327.asset
  artifactKey: Guid(8254cfe853f5c4c7482b1459879d6f44) Importer(815301076,1909f56bfc062723c751e8b465ee728b)
Start importing Assets/topDown_baseTiles_327.asset using Guid(8254cfe853f5c4c7482b1459879d6f44) Importer(815301076,1909f56bfc062723c751e8b465ee728b) (PreviewImporter) -> (artifact id: 'ad51e44c003c6255fc7d5ae5ab400d8a') in 0.002906125 seconds
Number of updated asset objects reloaded before import = 0Number of asset objects unloaded after import = 3

========================================================================
Received Import Request.
  Time since last request: 0.000028 seconds.
  path: Assets/topDown_baseTiles_417.asset
  artifactKey: Guid(a6cd5123ce7764a1eafedfbfecb8be3c) Importer(815301076,1909f56bfc062723c751e8b465ee728b)
Start importing Assets/topDown_baseTiles_417.asset using Guid(a6cd5123ce7764a1eafedfbfecb8be3c) Importer(815301076,1909f56bfc062723c751e8b465ee728b) (PreviewImporter) -> (artifact id: 'a5a1b8bba05b7b134adef22c056d3235') in 0.002468292 seconds
Number of updated asset objects reloaded before import = 0Number of asset objects unloaded after import = 3

========================================================================
Received Import Request.
  Time since last request: 0.000043 seconds.
  path: Assets/topDown_baseTiles_424.asset
  artifactKey: Guid(3b45b5417ebd14f22b948d1ef52f646d) Importer(815301076,1909f56bfc062723c751e8b465ee728b)
Start importing Assets/topDown_baseTiles_424.asset using Guid(3b45b5417ebd14f22b948d1ef52f646d) Importer(815301076,1909f56bfc062723c751e8b465ee728b) (PreviewImporter) -> (artifact id: 'da4e7008740ba518cd94784ecf1a6ff2') in 0.002844208 seconds
Number of updated asset objects reloaded before import = 0Number of asset objects unloaded after import = 3

========================================================================
Received Import Request.
  Time since last request: 0.000034 seconds.
  path: Assets/topDown_baseTiles_421.asset
  artifactKey: Guid(eb96a17a8f3954211bcd224386ccd3c8) Importer(815301076,1909f56bfc062723c751e8b465ee728b)
Start importing Assets/topDown_baseTiles_421.asset using Guid(eb96a17a8f3954211bcd224386ccd3c8) Importer(815301076,1909f56bfc062723c751e8b465ee728b) (PreviewImporter) -> (artifact id: 'dd21c3fccbe9fd6e71ec3b45d8eb77d2') in 0.003885708 seconds
Number of updated asset objects reloaded before import = 0Number of asset objects unloaded after import = 3

========================================================================
Received Import Request.
  Time since last request: 0.000030 seconds.
  path: Assets/topDown_baseTiles_425.asset
  artifactKey: Guid(b24fe0ed93db3411bb365ed5ec6778aa) Importer(815301076,1909f56bfc062723c751e8b465ee728b)
Start importing Assets/topDown_baseTiles_425.asset using Guid(b24fe0ed93db3411bb365ed5ec6778aa) Importer(815301076,1909f56bfc062723c751e8b465ee728b) (PreviewImporter) -> (artifact id: '162b44ce5f74d9ed6a46b30ddfa3d6d0') in 0.002296042 seconds
Number of updated asset objects reloaded before import = 0Number of asset objects unloaded after import = 3

========================================================================
Received Import Request.
  Time since last request: 0.000025 seconds.
  path: Assets/topDown_baseTiles_427.asset
  artifactKey: Guid(b3d75f08aaa744cc9a61a7ffc98c3c68) Importer(815301076,1909f56bfc062723c751e8b465ee728b)
Start importing Assets/topDown_baseTiles_427.asset using Guid(b3d75f08aaa744cc9a61a7ffc98c3c68) Importer(815301076,1909f56bfc062723c751e8b465ee728b) (PreviewImporter) -> (artifact id: '06a1d7866b37301b08396386f8d6f5a7') in 0.002915542 seconds
Number of updated asset objects reloaded before import = 0Number of asset objects unloaded after import = 3

========================================================================
Received Import Request.
  Time since last request: 0.000061 seconds.
  path: Assets/topDown_baseTiles_432.asset
  artifactKey: Guid(4f7681e8660ee4a1cbaf7cdc19533248) Importer(815301076,1909f56bfc062723c751e8b465ee728b)
Start importing Assets/topDown_baseTiles_432.asset using Guid(4f7681e8660ee4a1cbaf7cdc19533248) Importer(815301076,1909f56bfc062723c751e8b465ee728b) (PreviewImporter) -> (artifact id: '9d0838932881b8ef919ec2dd04711f33') in 0.003000083 seconds
Number of updated asset objects reloaded before import = 0Number of asset objects unloaded after import = 3

========================================================================
Received Import Request.
  Time since last request: 0.000075 seconds.
  path: Assets/topDown_baseTiles_437.asset
  artifactKey: Guid(367d8cff653bc4394a277a1876356a2f) Importer(815301076,1909f56bfc062723c751e8b465ee728b)
Start importing Assets/topDown_baseTiles_437.asset using Guid(367d8cff653bc4394a277a1876356a2f) Importer(815301076,1909f56bfc062723c751e8b465ee728b) (PreviewImporter) -> (artifact id: '138b6df81e5f7ab19f76f19b9c27e825') in 0.003299833 seconds
Number of updated asset objects reloaded before import = 0Number of asset objects unloaded after import = 3

========================================================================
Received Import Request.
  Time since last request: 0.000044 seconds.
  path: Assets/topDown_baseTiles_433.asset
  artifactKey: Guid(c90ff41b8c2fd4b47bc0e11bffe1ef30) Importer(815301076,1909f56bfc062723c751e8b465ee728b)
Start importing Assets/topDown_baseTiles_433.asset using Guid(c90ff41b8c2fd4b47bc0e11bffe1ef30) Importer(815301076,1909f56bfc062723c751e8b465ee728b) (PreviewImporter) -> (artifact id: '58f446c9732b63838aba1841576f6679') in 0.002387416 seconds
Number of updated asset objects reloaded before import = 0Number of asset objects unloaded after import = 3

========================================================================
Received Import Request.
  Time since last request: 0.000027 seconds.
  path: Assets/topDown_baseTiles_431.asset
  artifactKey: Guid(6bdc51b685c3d4677b115fc7c1a6627c) Importer(815301076,1909f56bfc062723c751e8b465ee728b)
Start importing Assets/topDown_baseTiles_431.asset using Guid(6bdc51b685c3d4677b115fc7c1a6627c) Importer(815301076,1909f56bfc062723c751e8b465ee728b) (PreviewImporter) -> (artifact id: '5897aacd6b1e1fced51fb64c310aaa05') in 0.002703375 seconds
Number of updated asset objects reloaded before import = 0Number of asset objects unloaded after import = 3

========================================================================
Received Import Request.
  Time since last request: 0.000034 seconds.
  path: Assets/topDown_baseTiles_419.asset
  artifactKey: Guid(42c175cecce284389a7ce3333f47f4a8) Importer(815301076,1909f56bfc062723c751e8b465ee728b)
Start importing Assets/topDown_baseTiles_419.asset using Guid(42c175cecce284389a7ce3333f47f4a8) Importer(815301076,1909f56bfc062723c751e8b465ee728b) (PreviewImporter) -> (artifact id: 'b2d2617cdb9237a38fcc1d5a8d8fe410') in 0.003355 seconds
Number of updated asset objects reloaded before import = 0Number of asset objects unloaded after import = 3

========================================================================
Received Import Request.
  Time since last request: 0.000039 seconds.
  path: Assets/topDown_baseTiles_434.asset
  artifactKey: Guid(aace0ce71247c49fda30426eb6824c80) Importer(815301076,1909f56bfc062723c751e8b465ee728b)
Start importing Assets/topDown_baseTiles_434.asset using Guid(aace0ce71247c49fda30426eb6824c80) Importer(815301076,1909f56bfc062723c751e8b465ee728b) (PreviewImporter) -> (artifact id: 'c1f7789cb0b5b32f8bf486f1af33cb92') in 0.003056958 seconds
Number of updated asset objects reloaded before import = 0Number of asset objects unloaded after import = 3

========================================================================
Received Import Request.
  Time since last request: 0.000054 seconds.
  path: Assets/topDown_baseTiles_401.asset
  artifactKey: Guid(59308a8f2d34b442d9e357dffa72f31d) Importer(815301076,1909f56bfc062723c751e8b465ee728b)
Start importing Assets/topDown_baseTiles_401.asset using Guid(59308a8f2d34b442d9e357dffa72f31d) Importer(815301076,1909f56bfc062723c751e8b465ee728b) (PreviewImporter) -> (artifact id: '25c6326cd9a0cb333bde524da542daa7') in 0.003347416 seconds
Number of updated asset objects reloaded before import = 0Number of asset objects unloaded after import = 3

========================================================================
Received Import Request.
  Time since last request: 0.000042 seconds.
  path: Assets/topDown_baseTiles_328.asset
  artifactKey: Guid(91b781a4e53934af48c98558bbaa8dd2) Importer(815301076,1909f56bfc062723c751e8b465ee728b)
Start importing Assets/topDown_baseTiles_328.asset using Guid(91b781a4e53934af48c98558bbaa8dd2) Importer(815301076,1909f56bfc062723c751e8b465ee728b) (PreviewImporter) -> (artifact id: 'd202240641ff284f62776b9980c36b47') in 0.002551083 seconds
Number of updated asset objects reloaded before import = 0Number of asset objects unloaded after import = 3

========================================================================
Received Import Request.
  Time since last request: 0.000030 seconds.
  path: Assets/topDown_baseTiles_290.asset
  artifactKey: Guid(3ee3caeb7d90e4e5db91067b7e9789ad) Importer(815301076,1909f56bfc062723c751e8b465ee728b)
Start importing Assets/topDown_baseTiles_290.asset using Guid(3ee3caeb7d90e4e5db91067b7e9789ad) Importer(815301076,1909f56bfc062723c751e8b465ee728b) (PreviewImporter) -> (artifact id: 'b932ba2ee544e62a3a16ffcce56ea8f5') in 0.006496334 seconds
Number of updated asset objects reloaded before import = 0Number of asset objects unloaded after import = 3

========================================================================
Received Import Request.
  Time since last request: 0.000044 seconds.
  path: Assets/topDown_baseTiles_297.asset
  artifactKey: Guid(892a424cfeaa34ae78b165d8bb2ac2b8) Importer(815301076,1909f56bfc062723c751e8b465ee728b)
Start importing Assets/topDown_baseTiles_297.asset using Guid(892a424cfeaa34ae78b165d8bb2ac2b8) Importer(815301076,1909f56bfc062723c751e8b465ee728b) (PreviewImporter) -> (artifact id: 'd83676dc1d29b71ec44eddc0a393366b') in 0.005955042 seconds
Number of updated asset objects reloaded before import = 0Number of asset objects unloaded after import = 3

========================================================================
Received Import Request.
  Time since last request: 0.000055 seconds.
  path: Assets/topDown_baseTiles_448.asset
  artifactKey: Guid(6874ba6fc80eb4c0f9923d8b7f6186db) Importer(815301076,1909f56bfc062723c751e8b465ee728b)
Start importing Assets/topDown_baseTiles_448.asset using Guid(6874ba6fc80eb4c0f9923d8b7f6186db) Importer(815301076,1909f56bfc062723c751e8b465ee728b) (PreviewImporter) -> (artifact id: 'ba2c7dcaad2cec0c19f0052a19cab1ee') in 0.004551542 seconds
Number of updated asset objects reloaded before import = 0Number of asset objects unloaded after import = 3

========================================================================
Received Import Request.
  Time since last request: 0.000073 seconds.
  path: Assets/topDown_baseTiles_438.asset
  artifactKey: Guid(56e44cf66d26b46ee88bff0188170d11) Importer(815301076,1909f56bfc062723c751e8b465ee728b)
Start importing Assets/topDown_baseTiles_438.asset using Guid(56e44cf66d26b46ee88bff0188170d11) Importer(815301076,1909f56bfc062723c751e8b465ee728b) (PreviewImporter) -> (artifact id: '5718671c7c437a7a3dfb89377f03d88c') in 0.002941416 seconds
Number of updated asset objects reloaded before import = 0Number of asset objects unloaded after import = 3

========================================================================
Received Import Request.
  Time since last request: 0.000109 seconds.
  path: Assets/topDown_baseTiles_442.asset
  artifactKey: Guid(ac662c5d3f88349afae17833a5b4363a) Importer(815301076,1909f56bfc062723c751e8b465ee728b)
Start importing Assets/topDown_baseTiles_442.asset using Guid(ac662c5d3f88349afae17833a5b4363a) Importer(815301076,1909f56bfc062723c751e8b465ee728b) (PreviewImporter) -> (artifact id: '03ca13bcbe0549183f51b18d6764c0b0') in 0.003306875 seconds
Number of updated asset objects reloaded before import = 0Number of asset objects unloaded after import = 3

========================================================================
Received Import Request.
  Time since last request: 0.000053 seconds.
  path: Assets/topDown_baseTiles_439.asset
  artifactKey: Guid(21a5b8b108501405497c7c07c4aba3e7) Importer(815301076,1909f56bfc062723c751e8b465ee728b)
Start importing Assets/topDown_baseTiles_439.asset using Guid(21a5b8b108501405497c7c07c4aba3e7) Importer(815301076,1909f56bfc062723c751e8b465ee728b) (PreviewImporter) -> (artifact id: '9598a505cdeeb4a23399d4689fbccc6e') in 0.003440291 seconds
Number of updated asset objects reloaded before import = 0Number of asset objects unloaded after import = 3

========================================================================
Received Import Request.
  Time since last request: 0.000065 seconds.
  path: Assets/topDown_baseTiles_447.asset
  artifactKey: Guid(809051fd2ad6b4199be447b40c082344) Importer(815301076,1909f56bfc062723c751e8b465ee728b)
Start importing Assets/topDown_baseTiles_447.asset using Guid(809051fd2ad6b4199be447b40c082344) Importer(815301076,1909f56bfc062723c751e8b465ee728b) (PreviewImporter) -> (artifact id: '5802c040202e0e246ec5dd8bc3b3da44') in 0.003035583 seconds
Number of updated asset objects reloaded before import = 0Number of asset objects unloaded after import = 3

========================================================================
Received Import Request.
  Time since last request: 0.000034 seconds.
  path: Assets/topDown_baseTiles_261.asset
  artifactKey: Guid(075a6eaa6e4f34bf4b28120e6200291f) Importer(815301076,1909f56bfc062723c751e8b465ee728b)
Start importing Assets/topDown_baseTiles_261.asset using Guid(075a6eaa6e4f34bf4b28120e6200291f) Importer(815301076,1909f56bfc062723c751e8b465ee728b) (PreviewImporter) -> (artifact id: '5115e1fa1370dae69b8294dcbd512162') in 0.002843083 seconds
Number of updated asset objects reloaded before import = 0Number of asset objects unloaded after import = 3

========================================================================
Received Import Request.
  Time since last request: 0.000058 seconds.
  path: Assets/topDown_baseTiles_266.asset
  artifactKey: Guid(bdd6b0e1979d04f568a89f6aff229bd1) Importer(815301076,1909f56bfc062723c751e8b465ee728b)
Start importing Assets/topDown_baseTiles_266.asset using Guid(bdd6b0e1979d04f568a89f6aff229bd1) Importer(815301076,1909f56bfc062723c751e8b465ee728b) (PreviewImporter) -> (artifact id: '428aec3082386a245ffe8c64b773fb7e') in 0.002388834 seconds
Number of updated asset objects reloaded before import = 0Number of asset objects unloaded after import = 3

========================================================================
Received Import Request.
  Time since last request: 0.005871 seconds.
  path: Assets/topDown_baseTiles_449.asset
  artifactKey: Guid(6996a74210e1b41df97578feaf061ce1) Importer(815301076,1909f56bfc062723c751e8b465ee728b)
Start importing Assets/topDown_baseTiles_449.asset using Guid(6996a74210e1b41df97578feaf061ce1) Importer(815301076,1909f56bfc062723c751e8b465ee728b) (PreviewImporter) -> (artifact id: '73c61050e4e37d2cb06259f59c327174') in 0.002467792 seconds
Number of updated asset objects reloaded before import = 0Number of asset objects unloaded after import = 3

========================================================================
Received Import Request.
  Time since last request: 0.000029 seconds.
  path: Assets/topDown_baseTiles_452.asset
  artifactKey: Guid(836cd02db685944fa967d79a5e4d766d) Importer(815301076,1909f56bfc062723c751e8b465ee728b)
Start importing Assets/topDown_baseTiles_452.asset using Guid(836cd02db685944fa967d79a5e4d766d) Importer(815301076,1909f56bfc062723c751e8b465ee728b) (PreviewImporter) -> (artifact id: 'ae306a54f905ada0e41d14fca78a6d58') in 0.003371083 seconds
Number of updated asset objects reloaded before import = 0Number of asset objects unloaded after import = 3

========================================================================
Received Import Request.
  Time since last request: 0.000031 seconds.
  path: Assets/topDown_baseTiles_454.asset
  artifactKey: Guid(138449334c3d2445fa070bcc3f6c0975) Importer(815301076,1909f56bfc062723c751e8b465ee728b)
Start importing Assets/topDown_baseTiles_454.asset using Guid(138449334c3d2445fa070bcc3f6c0975) Importer(815301076,1909f56bfc062723c751e8b465ee728b) (PreviewImporter) -> (artifact id: '2a947d6f578a846d12aaaec311e76662') in 0.00279975 seconds
Number of updated asset objects reloaded before import = 0Number of asset objects unloaded after import = 3

========================================================================
Received Import Request.
  Time since last request: 0.000097 seconds.
  path: Assets/topDown_baseTiles_457.asset
  artifactKey: Guid(c5ee6e690e4314ffa9d9cba2a8608638) Importer(815301076,1909f56bfc062723c751e8b465ee728b)
Start importing Assets/topDown_baseTiles_457.asset using Guid(c5ee6e690e4314ffa9d9cba2a8608638) Importer(815301076,1909f56bfc062723c751e8b465ee728b) (PreviewImporter) -> (artifact id: '326b2f9fdcba14a9b81ac7d04cb76837') in 0.003381625 seconds
Number of updated asset objects reloaded before import = 0Number of asset objects unloaded after import = 3

========================================================================
Received Import Request.
  Time since last request: 0.000050 seconds.
  path: Assets/topDown_baseTiles_456.asset
  artifactKey: Guid(a1ee93a92c45a4199a991d41fe3ec205) Importer(815301076,1909f56bfc062723c751e8b465ee728b)
Start importing Assets/topDown_baseTiles_456.asset using Guid(a1ee93a92c45a4199a991d41fe3ec205) Importer(815301076,1909f56bfc062723c751e8b465ee728b) (PreviewImporter) -> (artifact id: '05ec006b4fa20244cffc07a4827c8396') in 0.002778667 seconds
Number of updated asset objects reloaded before import = 0Number of asset objects unloaded after import = 3

========================================================================
Received Import Request.
  Time since last request: 0.010095 seconds.
  path: Assets/topDown_baseTiles_460.asset
  artifactKey: Guid(ee7f80c2a50e2498287a55394dac5ff1) Importer(815301076,1909f56bfc062723c751e8b465ee728b)
Start importing Assets/topDown_baseTiles_460.asset using Guid(ee7f80c2a50e2498287a55394dac5ff1) Importer(815301076,1909f56bfc062723c751e8b465ee728b) (PreviewImporter) -> (artifact id: '991bfc3d97ad3bdddd53cb399ab4f0a2') in 0.002822125 seconds
Number of updated asset objects reloaded before import = 0Number of asset objects unloaded after import = 3

========================================================================
Received Import Request.
  Time since last request: 0.000040 seconds.
  path: Assets/topDown_baseTiles_462.asset
  artifactKey: Guid(1f8856c6163df47598cdf8823abcb55f) Importer(815301076,1909f56bfc062723c751e8b465ee728b)
Start importing Assets/topDown_baseTiles_462.asset using Guid(1f8856c6163df47598cdf8823abcb55f) Importer(815301076,1909f56bfc062723c751e8b465ee728b) (PreviewImporter) -> (artifact id: 'c1efcf4d61f01c416b310b608b852978') in 0.002887334 seconds
Number of updated asset objects reloaded before import = 0Number of asset objects unloaded after import = 3

========================================================================
Received Import Request.
  Time since last request: 0.000027 seconds.
  path: Assets/topDown_baseTiles_463.asset
  artifactKey: Guid(8d859d77dd3f841bf99c31b83fa0a43f) Importer(815301076,1909f56bfc062723c751e8b465ee728b)
Start importing Assets/topDown_baseTiles_463.asset using Guid(8d859d77dd3f841bf99c31b83fa0a43f) Importer(815301076,1909f56bfc062723c751e8b465ee728b) (PreviewImporter) -> (artifact id: '06bd056ca775e78f7e0a36a9148e09a9') in 0.002480541 seconds
Number of updated asset objects reloaded before import = 0Number of asset objects unloaded after import = 3

========================================================================
Received Import Request.
  Time since last request: 0.000028 seconds.
  path: Assets/topDown_baseTiles_467.asset
  artifactKey: Guid(c21ac5635d5194d35a7bdaa7ece7d2fe) Importer(815301076,1909f56bfc062723c751e8b465ee728b)
Start importing Assets/topDown_baseTiles_467.asset using Guid(c21ac5635d5194d35a7bdaa7ece7d2fe) Importer(815301076,1909f56bfc062723c751e8b465ee728b) (PreviewImporter) -> (artifact id: '886c9d1cb51700df7a56db35b1a6c02b') in 0.002897584 seconds
Number of updated asset objects reloaded before import = 0Number of asset objects unloaded after import = 3

========================================================================
Received Import Request.
  Time since last request: 0.000054 seconds.
  path: Assets/topDown_baseTiles_468.asset
  artifactKey: Guid(d8e16914f4efd4029abbb1577835eb99) Importer(815301076,1909f56bfc062723c751e8b465ee728b)
Start importing Assets/topDown_baseTiles_468.asset using Guid(d8e16914f4efd4029abbb1577835eb99) Importer(815301076,1909f56bfc062723c751e8b465ee728b) (PreviewImporter) -> (artifact id: '8d4e6001b0dabf4c3c8f153eb9a12b69') in 0.00273325 seconds
Number of updated asset objects reloaded before import = 0Number of asset objects unloaded after import = 3

========================================================================
Received Import Request.
  Time since last request: 0.028177 seconds.
  path: Assets/topDown_baseTiles_471.asset
  artifactKey: Guid(075dca7fae76843b2ac4d5fdcdf4ee2c) Importer(815301076,1909f56bfc062723c751e8b465ee728b)
Start importing Assets/topDown_baseTiles_471.asset using Guid(075dca7fae76843b2ac4d5fdcdf4ee2c) Importer(815301076,1909f56bfc062723c751e8b465ee728b) (PreviewImporter) -> (artifact id: '9c74429d56fb9d80a0b6fb7f43115fe3') in 0.003477083 seconds
Number of updated asset objects reloaded before import = 0Number of asset objects unloaded after import = 3

========================================================================
Received Import Request.
  Time since last request: 0.000025 seconds.
  path: Assets/topDown_baseTiles_481.asset
  artifactKey: Guid(b06fffc3f0e8f421aa9202cfa07f1afa) Importer(815301076,1909f56bfc062723c751e8b465ee728b)
Start importing Assets/topDown_baseTiles_481.asset using Guid(b06fffc3f0e8f421aa9202cfa07f1afa) Importer(815301076,1909f56bfc062723c751e8b465ee728b) (PreviewImporter) -> (artifact id: '5701cf37c99b7761f49fd01db98b7c6e') in 0.002555792 seconds
Number of updated asset objects reloaded before import = 0Number of asset objects unloaded after import = 3

========================================================================
Received Import Request.
  Time since last request: 0.000043 seconds.
  path: Assets/topDown_baseTiles_474.asset
  artifactKey: Guid(9b755051e577141b49b1c0df157321f9) Importer(815301076,1909f56bfc062723c751e8b465ee728b)
Start importing Assets/topDown_baseTiles_474.asset using Guid(9b755051e577141b49b1c0df157321f9) Importer(815301076,1909f56bfc062723c751e8b465ee728b) (PreviewImporter) -> (artifact id: 'ea38d882bc0bf8231c310fb528de5e7d') in 0.00277125 seconds
Number of updated asset objects reloaded before import = 0Number of asset objects unloaded after import = 3

========================================================================
Received Import Request.
  Time since last request: 0.000055 seconds.
  path: Assets/topDown_baseTiles_477.asset
  artifactKey: Guid(effac903d7a204bc5b82331097849391) Importer(815301076,1909f56bfc062723c751e8b465ee728b)
Start importing Assets/topDown_baseTiles_477.asset using Guid(effac903d7a204bc5b82331097849391) Importer(815301076,1909f56bfc062723c751e8b465ee728b) (PreviewImporter) -> (artifact id: '51d375557f3ef193101c4a6c00d755a8') in 0.002537125 seconds
Number of updated asset objects reloaded before import = 0Number of asset objects unloaded after import = 3

========================================================================
Received Import Request.
  Time since last request: 0.000070 seconds.
  path: Assets/topDown_baseTiles_479.asset
  artifactKey: Guid(3464e5d6eaab9434a90a7acb526aebe1) Importer(815301076,1909f56bfc062723c751e8b465ee728b)
Start importing Assets/topDown_baseTiles_479.asset using Guid(3464e5d6eaab9434a90a7acb526aebe1) Importer(815301076,1909f56bfc062723c751e8b465ee728b) (PreviewImporter) -> (artifact id: 'aa9c8c0b88ba0273d75c44afcde9392a') in 0.002583416 seconds
Number of updated asset objects reloaded before import = 0Number of asset objects unloaded after import = 3

========================================================================
Received Import Request.
  Time since last request: 0.000077 seconds.
  path: Assets/topDown_baseTiles_480.asset
  artifactKey: Guid(296ca0d89ddac409787be97df43ea237) Importer(815301076,1909f56bfc062723c751e8b465ee728b)
Start importing Assets/topDown_baseTiles_480.asset using Guid(296ca0d89ddac409787be97df43ea237) Importer(815301076,1909f56bfc062723c751e8b465ee728b) (PreviewImporter) -> (artifact id: 'c8efc59ba525c0cff327546c0e50696e') in 0.002154667 seconds
Number of updated asset objects reloaded before import = 0Number of asset objects unloaded after import = 3

========================================================================
Received Import Request.
  Time since last request: 10.377698 seconds.
  path: Assets/topDown_baseTiles_482.asset
  artifactKey: Guid(bb364071e4f1d4513bf7739e077bed52) Importer(815301076,1909f56bfc062723c751e8b465ee728b)
Start importing Assets/topDown_baseTiles_482.asset using Guid(bb364071e4f1d4513bf7739e077bed52) Importer(815301076,1909f56bfc062723c751e8b465ee728b) (PreviewImporter) -> (artifact id: '5b802ea7701893c7e28faf876bbe3dd3') in 0.006357833 seconds
Number of updated asset objects reloaded before import = 0Number of asset objects unloaded after import = 3

========================================================================
Received Import Request.
  Time since last request: 0.000055 seconds.
  path: Assets/topDown_baseTiles_484.asset
  artifactKey: Guid(f46748824a6d6431eb41585fce986107) Importer(815301076,1909f56bfc062723c751e8b465ee728b)
Start importing Assets/topDown_baseTiles_484.asset using Guid(f46748824a6d6431eb41585fce986107) Importer(815301076,1909f56bfc062723c751e8b465ee728b) (PreviewImporter) -> (artifact id: '15b2146f5536ea22a34faac74a3594c9') in 0.002696208 seconds
Number of updated asset objects reloaded before import = 0Number of asset objects unloaded after import = 3

========================================================================
Received Import Request.
  Time since last request: 0.000072 seconds.
  path: Assets/topDown_baseTiles_488.asset
  artifactKey: Guid(184e9a2b35b51419bac43ef712ddd58a) Importer(815301076,1909f56bfc062723c751e8b465ee728b)
Start importing Assets/topDown_baseTiles_488.asset using Guid(184e9a2b35b51419bac43ef712ddd58a) Importer(815301076,1909f56bfc062723c751e8b465ee728b) (PreviewImporter) -> (artifact id: '7d0a132a74dbbce65c5054d19deee0bf') in 0.00297875 seconds
Number of updated asset objects reloaded before import = 0Number of asset objects unloaded after import = 3

========================================================================
Received Import Request.
  Time since last request: 0.000048 seconds.
  path: Assets/topDown_baseTiles_499.asset
  artifactKey: Guid(20559901b1bb74f5c96d29f84350d604) Importer(815301076,1909f56bfc062723c751e8b465ee728b)
Start importing Assets/topDown_baseTiles_499.asset using Guid(20559901b1bb74f5c96d29f84350d604) Importer(815301076,1909f56bfc062723c751e8b465ee728b) (PreviewImporter) -> (artifact id: 'a08cb79c55b51ef2634e61007ec7bbc4') in 0.003004875 seconds
Number of updated asset objects reloaded before import = 0Number of asset objects unloaded after import = 3

========================================================================
Received Import Request.
  Time since last request: 0.000036 seconds.
  path: Assets/topDown_baseTiles_487.asset
  artifactKey: Guid(f29540078b5af491c8426feeca1f8769) Importer(815301076,1909f56bfc062723c751e8b465ee728b)
Start importing Assets/topDown_baseTiles_487.asset using Guid(f29540078b5af491c8426feeca1f8769) Importer(815301076,1909f56bfc062723c751e8b465ee728b) (PreviewImporter) -> (artifact id: '26fe172fabf4d8612f9f23b9f9b54cd2') in 0.002918625 seconds
Number of updated asset objects reloaded before import = 0Number of asset objects unloaded after import = 3

========================================================================
Received Import Request.
  Time since last request: 0.000024 seconds.
  path: Assets/topDown_baseTiles_496.asset
  artifactKey: Guid(67ae7526d2d944eda837640ac2bfefce) Importer(815301076,1909f56bfc062723c751e8b465ee728b)
Start importing Assets/topDown_baseTiles_496.asset using Guid(67ae7526d2d944eda837640ac2bfefce) Importer(815301076,1909f56bfc062723c751e8b465ee728b) (PreviewImporter) -> (artifact id: 'cf11479667007ab2bc40bbd290b4d4c9') in 0.003445916 seconds
Number of updated asset objects reloaded before import = 0Number of asset objects unloaded after import = 3

========================================================================
Received Import Request.
  Time since last request: 0.000033 seconds.
  path: Assets/topDown_baseTiles_486.asset
  artifactKey: Guid(e395fa456860047d2a87b336e1554458) Importer(815301076,1909f56bfc062723c751e8b465ee728b)
Start importing Assets/topDown_baseTiles_486.asset using Guid(e395fa456860047d2a87b336e1554458) Importer(815301076,1909f56bfc062723c751e8b465ee728b) (PreviewImporter) -> (artifact id: 'c9967213e24b0acad67efe9f803162c3') in 0.002777709 seconds
Number of updated asset objects reloaded before import = 0Number of asset objects unloaded after import = 3

========================================================================
Received Import Request.
  Time since last request: 0.000042 seconds.
  path: Assets/topDown_baseTiles_492.asset
  artifactKey: Guid(53384706e09dc4ceebf231d1c6c5bbf8) Importer(815301076,1909f56bfc062723c751e8b465ee728b)
Start importing Assets/topDown_baseTiles_492.asset using Guid(53384706e09dc4ceebf231d1c6c5bbf8) Importer(815301076,1909f56bfc062723c751e8b465ee728b) (PreviewImporter) -> (artifact id: '22957cdb488acd15ae2a612a25ebcb91') in 0.002744375 seconds
Number of updated asset objects reloaded before import = 0Number of asset objects unloaded after import = 3

========================================================================
Received Import Request.
  Time since last request: 0.000074 seconds.
  path: Assets/topDown_baseTiles_506.asset
  artifactKey: Guid(cf0aaff8898354c7f99461279ebe75ef) Importer(815301076,1909f56bfc062723c751e8b465ee728b)
Start importing Assets/topDown_baseTiles_506.asset using Guid(cf0aaff8898354c7f99461279ebe75ef) Importer(815301076,1909f56bfc062723c751e8b465ee728b) (PreviewImporter) -> (artifact id: '4cf2a1353b3d6512597b4b3c2ac58cc8') in 0.002682333 seconds
Number of updated asset objects reloaded before import = 0Number of asset objects unloaded after import = 3

========================================================================
Received Import Request.
  Time since last request: 0.000061 seconds.
  path: Assets/topDown_baseTiles_520.asset
  artifactKey: Guid(7c14d69bbdda0473a970c0972ea52fc1) Importer(815301076,1909f56bfc062723c751e8b465ee728b)
Start importing Assets/topDown_baseTiles_520.asset using Guid(7c14d69bbdda0473a970c0972ea52fc1) Importer(815301076,1909f56bfc062723c751e8b465ee728b) (PreviewImporter) -> (artifact id: '616a30432df3a46ed44c5961e8e9b4ae') in 0.002675709 seconds
Number of updated asset objects reloaded before import = 0Number of asset objects unloaded after import = 3

========================================================================
Received Import Request.
  Time since last request: 0.000056 seconds.
  path: Assets/topDown_baseTiles_514.asset
  artifactKey: Guid(23fea9c3f6a764ba4bacafabc1b08648) Importer(815301076,1909f56bfc062723c751e8b465ee728b)
Start importing Assets/topDown_baseTiles_514.asset using Guid(23fea9c3f6a764ba4bacafabc1b08648) Importer(815301076,1909f56bfc062723c751e8b465ee728b) (PreviewImporter) -> (artifact id: 'ae311f8df75c734be8b897a9ffa020d4') in 0.002811375 seconds
Number of updated asset objects reloaded before import = 0Number of asset objects unloaded after import = 3

========================================================================
Received Import Request.
  Time since last request: 0.000037 seconds.
  path: Assets/topDown_baseTiles_525.asset
  artifactKey: Guid(741bc5fca061345fb85de514518dd2ef) Importer(815301076,1909f56bfc062723c751e8b465ee728b)
Start importing Assets/topDown_baseTiles_525.asset using Guid(741bc5fca061345fb85de514518dd2ef) Importer(815301076,1909f56bfc062723c751e8b465ee728b) (PreviewImporter) -> (artifact id: '03e02f222489fbab9c2935c57be2865b') in 0.00296075 seconds
Number of updated asset objects reloaded before import = 0Number of asset objects unloaded after import = 3

========================================================================
Received Import Request.
  Time since last request: 0.000023 seconds.
  path: Assets/topDown_baseTiles_510.asset
  artifactKey: Guid(a73d4d6c3a056493088c270736e8e27b) Importer(815301076,1909f56bfc062723c751e8b465ee728b)
Start importing Assets/topDown_baseTiles_510.asset using Guid(a73d4d6c3a056493088c270736e8e27b) Importer(815301076,1909f56bfc062723c751e8b465ee728b) (PreviewImporter) -> (artifact id: 'd6883cde3bea77a31b66c4b795c8967a') in 0.00275075 seconds
Number of updated asset objects reloaded before import = 0Number of asset objects unloaded after import = 3

========================================================================
Received Import Request.
  Time since last request: 0.000058 seconds.
  path: Assets/topDown_baseTiles_527.asset
  artifactKey: Guid(dd0d0b38d7db94dc18c7e0a835fbca61) Importer(815301076,1909f56bfc062723c751e8b465ee728b)
Start importing Assets/topDown_baseTiles_527.asset using Guid(dd0d0b38d7db94dc18c7e0a835fbca61) Importer(815301076,1909f56bfc062723c751e8b465ee728b) (PreviewImporter) -> (artifact id: 'a6e046d51c2575b9d400488240094f45') in 0.002821834 seconds
Number of updated asset objects reloaded before import = 0Number of asset objects unloaded after import = 3

========================================================================
Received Import Request.
  Time since last request: 0.000029 seconds.
  path: Assets/topDown_baseTiles_541.asset
  artifactKey: Guid(b48e7820b7eb748a3ac35c989a92ce3e) Importer(815301076,1909f56bfc062723c751e8b465ee728b)
Start importing Assets/topDown_baseTiles_541.asset using Guid(b48e7820b7eb748a3ac35c989a92ce3e) Importer(815301076,1909f56bfc062723c751e8b465ee728b) (PreviewImporter) -> (artifact id: '11c2732dd48947a4cdc0dc9af554a333') in 0.003148292 seconds
Number of updated asset objects reloaded before import = 0Number of asset objects unloaded after import = 3

========================================================================
Received Import Request.
  Time since last request: 0.000089 seconds.
  path: Assets/topDown_baseTiles_545.asset
  artifactKey: Guid(eebacff6459db4600aa77043ffe503fd) Importer(815301076,1909f56bfc062723c751e8b465ee728b)
Start importing Assets/topDown_baseTiles_545.asset using Guid(eebacff6459db4600aa77043ffe503fd) Importer(815301076,1909f56bfc062723c751e8b465ee728b) (PreviewImporter) -> (artifact id: '5385c68075b6b153d5475542d88cb9cd') in 0.002436958 seconds
Number of updated asset objects reloaded before import = 0Number of asset objects unloaded after import = 3

========================================================================
Received Import Request.
  Time since last request: 0.000027 seconds.
  path: Assets/topDown_baseTiles_538.asset
  artifactKey: Guid(f131f6cebd48d438db65522d7e88338e) Importer(815301076,1909f56bfc062723c751e8b465ee728b)
Start importing Assets/topDown_baseTiles_538.asset using Guid(f131f6cebd48d438db65522d7e88338e) Importer(815301076,1909f56bfc062723c751e8b465ee728b) (PreviewImporter) -> (artifact id: 'd157ce8631fc5407bec2c34f6fe9d37e') in 0.003936583 seconds
Number of updated asset objects reloaded before import = 0Number of asset objects unloaded after import = 3

========================================================================
Received Import Request.
  Time since last request: 0.000036 seconds.
  path: Assets/topDown_baseTiles_533.asset
  artifactKey: Guid(77660f56038534e23ac6d9726da64c77) Importer(815301076,1909f56bfc062723c751e8b465ee728b)
Start importing Assets/topDown_baseTiles_533.asset using Guid(77660f56038534e23ac6d9726da64c77) Importer(815301076,1909f56bfc062723c751e8b465ee728b) (PreviewImporter) -> (artifact id: '819c1a756863a85af59257c2b2d5325b') in 0.002272958 seconds
Number of updated asset objects reloaded before import = 0Number of asset objects unloaded after import = 3

========================================================================
Received Import Request.
  Time since last request: 0.000066 seconds.
  path: Assets/topDown_baseTiles_515.asset
  artifactKey: Guid(7045d60b4f12c42ac9e064beaf2750c7) Importer(815301076,1909f56bfc062723c751e8b465ee728b)
Start importing Assets/topDown_baseTiles_515.asset using Guid(7045d60b4f12c42ac9e064beaf2750c7) Importer(815301076,1909f56bfc062723c751e8b465ee728b) (PreviewImporter) -> (artifact id: '32885c1a611fb5fe3d84c0b851d7e62a') in 0.002580709 seconds
Number of updated asset objects reloaded before import = 0Number of asset objects unloaded after import = 3

========================================================================
Received Import Request.
  Time since last request: 0.000030 seconds.
  path: Assets/topDown_baseTiles_552.asset
  artifactKey: Guid(2a3d7ffbf16344a86afd1292982f7347) Importer(815301076,1909f56bfc062723c751e8b465ee728b)
Start importing Assets/topDown_baseTiles_552.asset using Guid(2a3d7ffbf16344a86afd1292982f7347) Importer(815301076,1909f56bfc062723c751e8b465ee728b) (PreviewImporter) -> (artifact id: '103b7463dd11baa44883aecd1af6fc6d') in 0.002521 seconds
Number of updated asset objects reloaded before import = 0Number of asset objects unloaded after import = 3

========================================================================
Received Import Request.
  Time since last request: 0.000071 seconds.
  path: Assets/topDown_baseTiles_557.asset
  artifactKey: Guid(a417016c795a841638ba63bcffb81c0d) Importer(815301076,1909f56bfc062723c751e8b465ee728b)
Start importing Assets/topDown_baseTiles_557.asset using Guid(a417016c795a841638ba63bcffb81c0d) Importer(815301076,1909f56bfc062723c751e8b465ee728b) (PreviewImporter) -> (artifact id: '784a5ff9af52ea1d60ad3dd3be94f9ee') in 0.002292292 seconds
Number of updated asset objects reloaded before import = 0Number of asset objects unloaded after import = 3

========================================================================
Received Import Request.
  Time since last request: 0.000033 seconds.
  path: Assets/topDown_baseTiles_490.asset
  artifactKey: Guid(0b19be69561ca499eb664015aa7a0e41) Importer(815301076,1909f56bfc062723c751e8b465ee728b)
Start importing Assets/topDown_baseTiles_490.asset using Guid(0b19be69561ca499eb664015aa7a0e41) Importer(815301076,1909f56bfc062723c751e8b465ee728b) (PreviewImporter) -> (artifact id: '552139c081301b606ed18e0af077abef') in 0.0027355 seconds
Number of updated asset objects reloaded before import = 0Number of asset objects unloaded after import = 3

========================================================================
Received Import Request.
  Time since last request: 0.000052 seconds.
  path: Assets/topDown_baseTiles_491.asset
  artifactKey: Guid(5ebd4a48bc4ee4216bc4aa196eec6250) Importer(815301076,1909f56bfc062723c751e8b465ee728b)
Start importing Assets/topDown_baseTiles_491.asset using Guid(5ebd4a48bc4ee4216bc4aa196eec6250) Importer(815301076,1909f56bfc062723c751e8b465ee728b) (PreviewImporter) -> (artifact id: '009fb6eccbd68d34582bda90e89f69cb') in 0.00240775 seconds
Number of updated asset objects reloaded before import = 0Number of asset objects unloaded after import = 3

========================================================================
Received Import Request.
  Time since last request: 0.000034 seconds.
  path: Assets/topDown_baseTiles_568.asset
  artifactKey: Guid(a94687e182e844d418f6fde12fc57c7a) Importer(815301076,1909f56bfc062723c751e8b465ee728b)
Start importing Assets/topDown_baseTiles_568.asset using Guid(a94687e182e844d418f6fde12fc57c7a) Importer(815301076,1909f56bfc062723c751e8b465ee728b) (PreviewImporter) -> (artifact id: 'fe5fa18553dea00c0026f8248d230292') in 0.002513709 seconds
Number of updated asset objects reloaded before import = 0Number of asset objects unloaded after import = 3

========================================================================
Received Import Request.
  Time since last request: 0.000023 seconds.
  path: Assets/topDown_baseTiles_564.asset
  artifactKey: Guid(872019728d0364bd1914f3c56311d9d1) Importer(815301076,1909f56bfc062723c751e8b465ee728b)
Start importing Assets/topDown_baseTiles_564.asset using Guid(872019728d0364bd1914f3c56311d9d1) Importer(815301076,1909f56bfc062723c751e8b465ee728b) (PreviewImporter) -> (artifact id: '7a4ee2060f9be15a47bf568cce6b796f') in 0.003098292 seconds
Number of updated asset objects reloaded before import = 0Number of asset objects unloaded after import = 3

========================================================================
Received Import Request.
  Time since last request: 0.000024 seconds.
  path: Assets/topDown_baseTiles_519.asset
  artifactKey: Guid(4469a45c357f0416ab624574e12a98a6) Importer(815301076,1909f56bfc062723c751e8b465ee728b)
Start importing Assets/topDown_baseTiles_519.asset using Guid(4469a45c357f0416ab624574e12a98a6) Importer(815301076,1909f56bfc062723c751e8b465ee728b) (PreviewImporter) -> (artifact id: 'a19306076e31119bc1bea0788f280467') in 0.002827583 seconds
Number of updated asset objects reloaded before import = 0Number of asset objects unloaded after import = 3

========================================================================
Received Import Request.
  Time since last request: 0.000040 seconds.
  path: Assets/topDown_baseTiles_540.asset
  artifactKey: Guid(3219a1f9036094fbfa094823c89710d1) Importer(815301076,1909f56bfc062723c751e8b465ee728b)
Start importing Assets/topDown_baseTiles_540.asset using Guid(3219a1f9036094fbfa094823c89710d1) Importer(815301076,1909f56bfc062723c751e8b465ee728b) (PreviewImporter) -> (artifact id: '78ad8e42c2b4ef7434d0447086cccf80') in 0.002659458 seconds
Number of updated asset objects reloaded before import = 0Number of asset objects unloaded after import = 3

========================================================================
Received Import Request.
  Time since last request: 0.000043 seconds.
  path: Assets/topDown_baseTiles_548.asset
  artifactKey: Guid(918fad8b2732c44c49a172a4ccc96702) Importer(815301076,1909f56bfc062723c751e8b465ee728b)
Start importing Assets/topDown_baseTiles_548.asset using Guid(918fad8b2732c44c49a172a4ccc96702) Importer(815301076,1909f56bfc062723c751e8b465ee728b) (PreviewImporter) -> (artifact id: '4d8403ada05a7527a4e6d5d494347f03') in 0.002699666 seconds
Number of updated asset objects reloaded before import = 0Number of asset objects unloaded after import = 3

========================================================================
Received Import Request.
  Time since last request: 0.000094 seconds.
  path: Assets/topDown_baseTiles_559.asset
  artifactKey: Guid(804f39a39b6794c7abc8ee5bb9aa19e8) Importer(815301076,1909f56bfc062723c751e8b465ee728b)
Start importing Assets/topDown_baseTiles_559.asset using Guid(804f39a39b6794c7abc8ee5bb9aa19e8) Importer(815301076,1909f56bfc062723c751e8b465ee728b) (PreviewImporter) -> (artifact id: 'dd4d73809cd8454734ead76b4fa94b69') in 0.002642333 seconds
Number of updated asset objects reloaded before import = 0Number of asset objects unloaded after import = 3

========================================================================
Received Import Request.
  Time since last request: 0.000025 seconds.
  path: Assets/topDown_baseTiles_534.asset
  artifactKey: Guid(7ce86bec955b145259157b5d9744ca8f) Importer(815301076,1909f56bfc062723c751e8b465ee728b)
Start importing Assets/topDown_baseTiles_534.asset using Guid(7ce86bec955b145259157b5d9744ca8f) Importer(815301076,1909f56bfc062723c751e8b465ee728b) (PreviewImporter) -> (artifact id: '26335a7b82f26eb6a166baaa4a7e21d6') in 0.002799 seconds
Number of updated asset objects reloaded before import = 0Number of asset objects unloaded after import = 3

========================================================================
Received Import Request.
  Time since last request: 0.000101 seconds.
  path: Assets/topDown_baseTiles_522.asset
  artifactKey: Guid(c4167b94a1cb3408b8be9391ff1a5b70) Importer(815301076,1909f56bfc062723c751e8b465ee728b)
Start importing Assets/topDown_baseTiles_522.asset using Guid(c4167b94a1cb3408b8be9391ff1a5b70) Importer(815301076,1909f56bfc062723c751e8b465ee728b) (PreviewImporter) -> (artifact id: '6c65f14cd7f9f77376f360c18f1fc7ae') in 0.002902625 seconds
Number of updated asset objects reloaded before import = 0Number of asset objects unloaded after import = 3

========================================================================
Received Import Request.
  Time since last request: 0.000030 seconds.
  path: Assets/topDown_baseTiles_528.asset
  artifactKey: Guid(338fb8b8bf5fb46438ced667a5975291) Importer(815301076,1909f56bfc062723c751e8b465ee728b)
Start importing Assets/topDown_baseTiles_528.asset using Guid(338fb8b8bf5fb46438ced667a5975291) Importer(815301076,1909f56bfc062723c751e8b465ee728b) (PreviewImporter) -> (artifact id: '230376e430994f1d524f3a233b3e916b') in 0.003239458 seconds
Number of updated asset objects reloaded before import = 0Number of asset objects unloaded after import = 3

========================================================================
Received Import Request.
  Time since last request: 0.000045 seconds.
  path: Assets/topDown_baseTiles_579.asset
  artifactKey: Guid(fc94b6b4d21bc459a8f8dbf99867dca2) Importer(815301076,1909f56bfc062723c751e8b465ee728b)
Start importing Assets/topDown_baseTiles_579.asset using Guid(fc94b6b4d21bc459a8f8dbf99867dca2) Importer(815301076,1909f56bfc062723c751e8b465ee728b) (PreviewImporter) -> (artifact id: 'b9a0ea69080dddb9e656225ee74b7c24') in 0.0027535 seconds
Number of updated asset objects reloaded before import = 0Number of asset objects unloaded after import = 3

========================================================================
Received Import Request.
  Time since last request: 0.000057 seconds.
  path: Assets/topDown_baseTiles_582.asset
  artifactKey: Guid(6499b56cb63fe41e3aa2d37b2ddbf21b) Importer(815301076,1909f56bfc062723c751e8b465ee728b)
Start importing Assets/topDown_baseTiles_582.asset using Guid(6499b56cb63fe41e3aa2d37b2ddbf21b) Importer(815301076,1909f56bfc062723c751e8b465ee728b) (PreviewImporter) -> (artifact id: '7f0040cf86a200d04c380b8973880df6') in 0.002316708 seconds
Number of updated asset objects reloaded before import = 0Number of asset objects unloaded after import = 3

========================================================================
Received Import Request.
  Time since last request: 0.000098 seconds.
  path: Assets/topDown_baseTiles_589.asset
  artifactKey: Guid(13649e187141b48c0a848ef26a2ed938) Importer(815301076,1909f56bfc062723c751e8b465ee728b)
Start importing Assets/topDown_baseTiles_589.asset using Guid(13649e187141b48c0a848ef26a2ed938) Importer(815301076,1909f56bfc062723c751e8b465ee728b) (PreviewImporter) -> (artifact id: '6eb8a8ca4f610c2683f99ce40bd66864') in 0.002566709 seconds
Number of updated asset objects reloaded before import = 0Number of asset objects unloaded after import = 3

========================================================================
Received Import Request.
  Time since last request: 0.000054 seconds.
  path: Assets/topDown_baseTiles_584.asset
  artifactKey: Guid(f21125734e7d9410abea5030eb8fc521) Importer(815301076,1909f56bfc062723c751e8b465ee728b)
Start importing Assets/topDown_baseTiles_584.asset using Guid(f21125734e7d9410abea5030eb8fc521) Importer(815301076,1909f56bfc062723c751e8b465ee728b) (PreviewImporter) -> (artifact id: '3c22718bb93d7fd1ee87e5ff098b97a7') in 0.002888833 seconds
Number of updated asset objects reloaded before import = 0Number of asset objects unloaded after import = 3

========================================================================
Received Import Request.
  Time since last request: 0.000107 seconds.
  path: Assets/topDown_baseTiles_580.asset
  artifactKey: Guid(919af73484a7049daa3632e6ee52b3de) Importer(815301076,1909f56bfc062723c751e8b465ee728b)
Start importing Assets/topDown_baseTiles_580.asset using Guid(919af73484a7049daa3632e6ee52b3de) Importer(815301076,1909f56bfc062723c751e8b465ee728b) (PreviewImporter) -> (artifact id: '05b86dd9cb50c0f451f13f533a4b9d1e') in 0.002651875 seconds
Number of updated asset objects reloaded before import = 0Number of asset objects unloaded after import = 3

========================================================================
Received Import Request.
  Time since last request: 0.000027 seconds.
  path: Assets/topDown_baseTiles_576.asset
  artifactKey: Guid(11a3af7b96a164d8faac897a75aea3b7) Importer(815301076,1909f56bfc062723c751e8b465ee728b)
Start importing Assets/topDown_baseTiles_576.asset using Guid(11a3af7b96a164d8faac897a75aea3b7) Importer(815301076,1909f56bfc062723c751e8b465ee728b) (PreviewImporter) -> (artifact id: '59625e1e3871cf33e45301ec788c2ff2') in 0.00248225 seconds
Number of updated asset objects reloaded before import = 0Number of asset objects unloaded after import = 3

========================================================================
Received Import Request.
  Time since last request: 0.000038 seconds.
  path: Assets/topDown_baseTiles_595.asset
  artifactKey: Guid(f822c60bea4e74721a5f22474c3eb65b) Importer(815301076,1909f56bfc062723c751e8b465ee728b)
Start importing Assets/topDown_baseTiles_595.asset using Guid(f822c60bea4e74721a5f22474c3eb65b) Importer(815301076,1909f56bfc062723c751e8b465ee728b) (PreviewImporter) -> (artifact id: 'cf84684f97302af988595a5d791e0c17') in 0.003011958 seconds
Number of updated asset objects reloaded before import = 0Number of asset objects unloaded after import = 3

========================================================================
Received Import Request.
  Time since last request: 0.000030 seconds.
  path: Assets/topDown_baseTiles_602.asset
  artifactKey: Guid(2e15cfd5144f64e18ab4129af6caffe7) Importer(815301076,1909f56bfc062723c751e8b465ee728b)
Start importing Assets/topDown_baseTiles_602.asset using Guid(2e15cfd5144f64e18ab4129af6caffe7) Importer(815301076,1909f56bfc062723c751e8b465ee728b) (PreviewImporter) -> (artifact id: '5bbf85a569df41ab846c382c0c6e3515') in 0.002475125 seconds
Number of updated asset objects reloaded before import = 0Number of asset objects unloaded after import = 3

========================================================================
Received Import Request.
  Time since last request: 0.000042 seconds.
  path: Assets/topDown_baseTiles_597.asset
  artifactKey: Guid(bdb0b2b9cf3da4147acb8e5bf23ecde7) Importer(815301076,1909f56bfc062723c751e8b465ee728b)
Start importing Assets/topDown_baseTiles_597.asset using Guid(bdb0b2b9cf3da4147acb8e5bf23ecde7) Importer(815301076,1909f56bfc062723c751e8b465ee728b) (PreviewImporter) -> (artifact id: '4f9dba8edf3a561978464c5d76c24092') in 0.002606166 seconds
Number of updated asset objects reloaded before import = 0Number of asset objects unloaded after import = 3

========================================================================
Received Import Request.
  Time since last request: 0.000022 seconds.
  path: Assets/topDown_baseTiles_566.asset
  artifactKey: Guid(da578a73d0c6a463fb0f11b6f5f8c72e) Importer(815301076,1909f56bfc062723c751e8b465ee728b)
Start importing Assets/topDown_baseTiles_566.asset using Guid(da578a73d0c6a463fb0f11b6f5f8c72e) Importer(815301076,1909f56bfc062723c751e8b465ee728b) (PreviewImporter) -> (artifact id: '4ecb356b46e09de178fcb2a30e903e87') in 0.002645125 seconds
Number of updated asset objects reloaded before import = 0Number of asset objects unloaded after import = 3

========================================================================
Received Import Request.
  Time since last request: 0.000054 seconds.
  path: Assets/topDown_baseTiles_607.asset
  artifactKey: Guid(6cfc6430e569043209d9159055d352c5) Importer(815301076,1909f56bfc062723c751e8b465ee728b)
Start importing Assets/topDown_baseTiles_607.asset using Guid(6cfc6430e569043209d9159055d352c5) Importer(815301076,1909f56bfc062723c751e8b465ee728b) (PreviewImporter) -> (artifact id: '1de93c5eed245ec62c622e026320dd01') in 0.0025855 seconds
Number of updated asset objects reloaded before import = 0Number of asset objects unloaded after import = 3

========================================================================
Received Import Request.
  Time since last request: 0.000058 seconds.
  path: Assets/topDown_baseTiles_603.asset
  artifactKey: Guid(f814a61bf1a2342409f798cc1ac84c9b) Importer(815301076,1909f56bfc062723c751e8b465ee728b)
Start importing Assets/topDown_baseTiles_603.asset using Guid(f814a61bf1a2342409f798cc1ac84c9b) Importer(815301076,1909f56bfc062723c751e8b465ee728b) (PreviewImporter) -> (artifact id: '525cde0fcc9c4cc664d45f743d5325a7') in 0.00289125 seconds
Number of updated asset objects reloaded before import = 0Number of asset objects unloaded after import = 3

========================================================================
Received Import Request.
  Time since last request: 0.000029 seconds.
  path: Assets/topDown_baseTiles_606.asset
  artifactKey: Guid(5461c60a2b3104d37b36cc75af0be4c8) Importer(815301076,1909f56bfc062723c751e8b465ee728b)
Start importing Assets/topDown_baseTiles_606.asset using Guid(5461c60a2b3104d37b36cc75af0be4c8) Importer(815301076,1909f56bfc062723c751e8b465ee728b) (PreviewImporter) -> (artifact id: '1a7dd8e3a6b2764ed50b4031b697162c') in 0.003400333 seconds
Number of updated asset objects reloaded before import = 0Number of asset objects unloaded after import = 3

========================================================================
Received Import Request.
  Time since last request: 0.000027 seconds.
  path: Assets/topDown_baseTiles_571.asset
  artifactKey: Guid(be6917698479d4a099cef29d6eda73e0) Importer(815301076,1909f56bfc062723c751e8b465ee728b)
Start importing Assets/topDown_baseTiles_571.asset using Guid(be6917698479d4a099cef29d6eda73e0) Importer(815301076,1909f56bfc062723c751e8b465ee728b) (PreviewImporter) -> (artifact id: '681fa839a97890dbee1667c6ffc687ff') in 0.002507125 seconds
Number of updated asset objects reloaded before import = 0Number of asset objects unloaded after import = 3

========================================================================
Received Import Request.
  Time since last request: 0.000026 seconds.
  path: Assets/topDown_baseTiles_585.asset
  artifactKey: Guid(f164591983d6d4e118488ddc34ce4a94) Importer(815301076,1909f56bfc062723c751e8b465ee728b)
Start importing Assets/topDown_baseTiles_585.asset using Guid(f164591983d6d4e118488ddc34ce4a94) Importer(815301076,1909f56bfc062723c751e8b465ee728b) (PreviewImporter) -> (artifact id: '18c35beab81377dbb7c94273aff637b2') in 0.003214792 seconds
Number of updated asset objects reloaded before import = 0Number of asset objects unloaded after import = 3

========================================================================
Received Import Request.
  Time since last request: 0.000070 seconds.
  path: Assets/topDown_baseTiles_550.asset
  artifactKey: Guid(fcbd662ba3c4a4e23bc9c28deafcbb0b) Importer(815301076,1909f56bfc062723c751e8b465ee728b)
Start importing Assets/topDown_baseTiles_550.asset using Guid(fcbd662ba3c4a4e23bc9c28deafcbb0b) Importer(815301076,1909f56bfc062723c751e8b465ee728b) (PreviewImporter) -> (artifact id: 'a6172029f427b13db32fdf72a8c46c22') in 0.003365333 seconds
Number of updated asset objects reloaded before import = 0Number of asset objects unloaded after import = 3

========================================================================
Received Import Request.
  Time since last request: 0.000039 seconds.
  path: Assets/topDown_baseTiles_578.asset
  artifactKey: Guid(cd2995c43e4e14928a74d2eddc812a7f) Importer(815301076,1909f56bfc062723c751e8b465ee728b)
Start importing Assets/topDown_baseTiles_578.asset using Guid(cd2995c43e4e14928a74d2eddc812a7f) Importer(815301076,1909f56bfc062723c751e8b465ee728b) (PreviewImporter) -> (artifact id: 'd3dcd177b1d27131c52db7dae18c78a8') in 0.003476292 seconds
Number of updated asset objects reloaded before import = 0Number of asset objects unloaded after import = 3

========================================================================
Received Import Request.
  Time since last request: 0.000089 seconds.
  path: Assets/topDown_baseTiles_594.asset
  artifactKey: Guid(f1fe3768d2ab64b81b8bceb4df9cf6b4) Importer(815301076,1909f56bfc062723c751e8b465ee728b)
Start importing Assets/topDown_baseTiles_594.asset using Guid(f1fe3768d2ab64b81b8bceb4df9cf6b4) Importer(815301076,1909f56bfc062723c751e8b465ee728b) (PreviewImporter) -> (artifact id: 'c2592aeef35344d4d37e5c6ba59a8f97') in 0.002862584 seconds
Number of updated asset objects reloaded before import = 0Number of asset objects unloaded after import = 3

========================================================================
Received Import Request.
  Time since last request: 0.000110 seconds.
  path: Assets/topDown_baseTiles_562.asset
  artifactKey: Guid(bc9c3def5333e479db00fc64ec72b82d) Importer(815301076,1909f56bfc062723c751e8b465ee728b)
Start importing Assets/topDown_baseTiles_562.asset using Guid(bc9c3def5333e479db00fc64ec72b82d) Importer(815301076,1909f56bfc062723c751e8b465ee728b) (PreviewImporter) -> (artifact id: '29c0cffce0f8d861c0bafe09544c43d8') in 0.002752833 seconds
Number of updated asset objects reloaded before import = 0Number of asset objects unloaded after import = 3

========================================================================
Received Import Request.
  Time since last request: 0.000052 seconds.
  path: Assets/topDown_baseTiles_611.asset
  artifactKey: Guid(0b826443cc87b43bf82ac37f7284bc72) Importer(815301076,1909f56bfc062723c751e8b465ee728b)
Start importing Assets/topDown_baseTiles_611.asset using Guid(0b826443cc87b43bf82ac37f7284bc72) Importer(815301076,1909f56bfc062723c751e8b465ee728b) (PreviewImporter) -> (artifact id: '11fef48211677b904ecb38738edefded') in 0.003333292 seconds
Number of updated asset objects reloaded before import = 0Number of asset objects unloaded after import = 3

========================================================================
Received Import Request.
  Time since last request: 0.000047 seconds.
  path: Assets/topDown_baseTiles_586.asset
  artifactKey: Guid(2da9371a16c4b4548b86a8fef8c98be3) Importer(815301076,1909f56bfc062723c751e8b465ee728b)
Start importing Assets/topDown_baseTiles_586.asset using Guid(2da9371a16c4b4548b86a8fef8c98be3) Importer(815301076,1909f56bfc062723c751e8b465ee728b) (PreviewImporter) -> (artifact id: '9477369bef6ae0d6c3c8c60f7a937389') in 0.002841042 seconds
Number of updated asset objects reloaded before import = 0Number of asset objects unloaded after import = 3

========================================================================
Received Import Request.
  Time since last request: 0.000040 seconds.
  path: Assets/topDown_baseTiles_596.asset
  artifactKey: Guid(83a9693421e8e4e51b38ce1a9a920337) Importer(815301076,1909f56bfc062723c751e8b465ee728b)
Start importing Assets/topDown_baseTiles_596.asset using Guid(83a9693421e8e4e51b38ce1a9a920337) Importer(815301076,1909f56bfc062723c751e8b465ee728b) (PreviewImporter) -> (artifact id: 'bcfa409c2ed60f2efd6fc7aa81441a8e') in 0.002484667 seconds
Number of updated asset objects reloaded before import = 0Number of asset objects unloaded after import = 3

========================================================================
Received Import Request.
  Time since last request: 0.000078 seconds.
  path: Assets/topDown_baseTiles_508.asset
  artifactKey: Guid(96693fca940ec4e3a98a12a1b8cf4d2f) Importer(815301076,1909f56bfc062723c751e8b465ee728b)
Start importing Assets/topDown_baseTiles_508.asset using Guid(96693fca940ec4e3a98a12a1b8cf4d2f) Importer(815301076,1909f56bfc062723c751e8b465ee728b) (PreviewImporter) -> (artifact id: '4b34d9144c0b1b0d859745003c978b52') in 0.003919542 seconds
Number of updated asset objects reloaded before import = 0Number of asset objects unloaded after import = 3

========================================================================
Received Import Request.
  Time since last request: 0.000041 seconds.
  path: Assets/topDown_baseTiles_558.asset
  artifactKey: Guid(ec03e4f4593854404972a2c494449b3c) Importer(815301076,1909f56bfc062723c751e8b465ee728b)
Start importing Assets/topDown_baseTiles_558.asset using Guid(ec03e4f4593854404972a2c494449b3c) Importer(815301076,1909f56bfc062723c751e8b465ee728b) (PreviewImporter) -> (artifact id: '3a745839f53e1d0d4d98cb910d02b977') in 0.002722917 seconds
Number of updated asset objects reloaded before import = 0Number of asset objects unloaded after import = 3

========================================================================
Received Import Request.
  Time since last request: 0.000048 seconds.
  path: Assets/topDown_baseTiles_577.asset
  artifactKey: Guid(8d44e4bc2370f492f9a0f834b990da0c) Importer(815301076,1909f56bfc062723c751e8b465ee728b)
Start importing Assets/topDown_baseTiles_577.asset using Guid(8d44e4bc2370f492f9a0f834b990da0c) Importer(815301076,1909f56bfc062723c751e8b465ee728b) (PreviewImporter) -> (artifact id: '0453777234332d386caa1a14a1e9d2c3') in 0.003729375 seconds
Number of updated asset objects reloaded before import = 0Number of asset objects unloaded after import = 3

========================================================================
Received Import Request.
  Time since last request: 0.000038 seconds.
  path: Assets/topDown_baseTiles_532.asset
  artifactKey: Guid(aa33cd2d103ee4714aea6403276c04ef) Importer(815301076,1909f56bfc062723c751e8b465ee728b)
Start importing Assets/topDown_baseTiles_532.asset using Guid(aa33cd2d103ee4714aea6403276c04ef) Importer(815301076,1909f56bfc062723c751e8b465ee728b) (PreviewImporter) -> (artifact id: '7b92f42393c040f8593f58971e7a57b3') in 0.002808792 seconds
Number of updated asset objects reloaded before import = 0Number of asset objects unloaded after import = 3

========================================================================
Received Import Request.
  Time since last request: 0.000063 seconds.
  path: Assets/topDown_baseTiles_599.asset
  artifactKey: Guid(c5594a6a8ce2d45a9beb4725d3fe04cb) Importer(815301076,1909f56bfc062723c751e8b465ee728b)
Start importing Assets/topDown_baseTiles_599.asset using Guid(c5594a6a8ce2d45a9beb4725d3fe04cb) Importer(815301076,1909f56bfc062723c751e8b465ee728b) (PreviewImporter) -> (artifact id: '80be23a70b79b973baf7e02a11043090') in 0.002851333 seconds
Number of updated asset objects reloaded before import = 0Number of asset objects unloaded after import = 3

========================================================================
Received Import Request.
  Time since last request: 0.000031 seconds.
  path: Assets/topDown_baseTiles_513.asset
  artifactKey: Guid(6717f836b3c214834a577d988513bed4) Importer(815301076,1909f56bfc062723c751e8b465ee728b)
Start importing Assets/topDown_baseTiles_513.asset using Guid(6717f836b3c214834a577d988513bed4) Importer(815301076,1909f56bfc062723c751e8b465ee728b) (PreviewImporter) -> (artifact id: '6f0a83bbc846d11faf823572688b6ad1') in 0.002766291 seconds
Number of updated asset objects reloaded before import = 0Number of asset objects unloaded after import = 3

========================================================================
Received Import Request.
  Time since last request: 0.000041 seconds.
  path: Assets/topDown_baseTiles_561.asset
  artifactKey: Guid(19fdc53888fc243ad9d889134f1d2a84) Importer(815301076,1909f56bfc062723c751e8b465ee728b)
Start importing Assets/topDown_baseTiles_561.asset using Guid(19fdc53888fc243ad9d889134f1d2a84) Importer(815301076,1909f56bfc062723c751e8b465ee728b) (PreviewImporter) -> (artifact id: '091696b2949e618295b289efbd79556f') in 0.0027045 seconds
Number of updated asset objects reloaded before import = 0Number of asset objects unloaded after import = 3

========================================================================
Received Import Request.
  Time since last request: 0.000125 seconds.
  path: Assets/topDown_baseTiles_535.asset
  artifactKey: Guid(cc2f737ccb56c4f4b86217f14b0f9766) Importer(815301076,1909f56bfc062723c751e8b465ee728b)
Start importing Assets/topDown_baseTiles_535.asset using Guid(cc2f737ccb56c4f4b86217f14b0f9766) Importer(815301076,1909f56bfc062723c751e8b465ee728b) (PreviewImporter) -> (artifact id: '98a806c7c9936fa2b37b01124ed20f44') in 0.002836916 seconds
Number of updated asset objects reloaded before import = 0Number of asset objects unloaded after import = 3

========================================================================
Received Import Request.
  Time since last request: 0.000025 seconds.
  path: Assets/topDown_baseTiles_608.asset
  artifactKey: Guid(d37ecb1228aa24590b7f5c4b616a410b) Importer(815301076,1909f56bfc062723c751e8b465ee728b)
Start importing Assets/topDown_baseTiles_608.asset using Guid(d37ecb1228aa24590b7f5c4b616a410b) Importer(815301076,1909f56bfc062723c751e8b465ee728b) (PreviewImporter) -> (artifact id: '75390331a88b540dda72d21b80d155d2') in 0.003437875 seconds
Number of updated asset objects reloaded before import = 0Number of asset objects unloaded after import = 3

========================================================================
Received Import Request.
  Time since last request: 0.000039 seconds.
  path: Assets/topDown_baseTiles_590.asset
  artifactKey: Guid(56b04533ccb3242f9a06755a7ad0180f) Importer(815301076,1909f56bfc062723c751e8b465ee728b)
Start importing Assets/topDown_baseTiles_590.asset using Guid(56b04533ccb3242f9a06755a7ad0180f) Importer(815301076,1909f56bfc062723c751e8b465ee728b) (PreviewImporter) -> (artifact id: '6e1d6b3ea3a8eb8e4124e5339a33c885') in 0.003123084 seconds
Number of updated asset objects reloaded before import = 0Number of asset objects unloaded after import = 3

========================================================================
Received Import Request.
  Time since last request: 0.000027 seconds.
  path: Assets/topDown_baseTiles_539.asset
  artifactKey: Guid(74e9a2f40ccf944ce8b8101cb5e316f7) Importer(815301076,1909f56bfc062723c751e8b465ee728b)
Start importing Assets/topDown_baseTiles_539.asset using Guid(74e9a2f40ccf944ce8b8101cb5e316f7) Importer(815301076,1909f56bfc062723c751e8b465ee728b) (PreviewImporter) -> (artifact id: '009ee8519fd34151272ad0385c014eca') in 0.002697584 seconds
Number of updated asset objects reloaded before import = 0Number of asset objects unloaded after import = 3

========================================================================
Received Import Request.
  Time since last request: 3.310512 seconds.
  path: Assets/House tilemaps/4 Walls, Floor & Doors.png
  artifactKey: Guid(8e13f16f6154f4ba0ab9ac411f6ce85a) Importer(815301076,1909f56bfc062723c751e8b465ee728b)
Start importing Assets/House tilemaps/4 Walls, Floor & Doors.png using Guid(8e13f16f6154f4ba0ab9ac411f6ce85a) Importer(815301076,1909f56bfc062723c751e8b465ee728b) (PreviewImporter) -> (artifact id: '45574968b8fae80c8efe344bf9f8a635') in 0.058372666 seconds
Number of updated asset objects reloaded before import = 0Number of asset objects unloaded after import = 35

========================================================================
Received Import Request.
  Time since last request: 0.000043 seconds.
  path: Assets/House tilemaps/4 Walls, Floor & Doors_23.asset
  artifactKey: Guid(d88f8441a246c43088587b4b13361abe) Importer(815301076,1909f56bfc062723c751e8b465ee728b)
Start importing Assets/House tilemaps/4 Walls, Floor & Doors_23.asset using Guid(d88f8441a246c43088587b4b13361abe) Importer(815301076,1909f56bfc062723c751e8b465ee728b) (PreviewImporter) -> (artifact id: 'd209eb143e15eafb86c797a52c1d5552') in 0.002587875 seconds
Number of updated asset objects reloaded before import = 0Number of asset objects unloaded after import = 3

========================================================================
Received Import Request.
  Time since last request: 0.000047 seconds.
  path: Assets/House tilemaps/4 Walls, Floor & Doors_16.asset
  artifactKey: Guid(8de0c9352ca20412f9934bd1f951abc0) Importer(815301076,1909f56bfc062723c751e8b465ee728b)
Start importing Assets/House tilemaps/4 Walls, Floor & Doors_16.asset using Guid(8de0c9352ca20412f9934bd1f951abc0) Importer(815301076,1909f56bfc062723c751e8b465ee728b) (PreviewImporter) -> (artifact id: '9b8ff4c845993f5273bcecc278ab5e19') in 0.002601583 seconds
Number of updated asset objects reloaded before import = 0Number of asset objects unloaded after import = 3

========================================================================
Received Import Request.
  Time since last request: 0.000099 seconds.
  path: Assets/House tilemaps/4 Walls, Floor & Doors_18.asset
  artifactKey: Guid(43c00b193eeb8454595fd3143b0d4597) Importer(815301076,1909f56bfc062723c751e8b465ee728b)
Start importing Assets/House tilemaps/4 Walls, Floor & Doors_18.asset using Guid(43c00b193eeb8454595fd3143b0d4597) Importer(815301076,1909f56bfc062723c751e8b465ee728b) (PreviewImporter) -> (artifact id: 'ae0ef994051f04b7e17f14e45ed0afda') in 0.002670834 seconds
Number of updated asset objects reloaded before import = 0Number of asset objects unloaded after import = 3

========================================================================
Received Import Request.
  Time since last request: 0.000062 seconds.
  path: Assets/House tilemaps/4 Walls, Floor & Doors_4.asset
  artifactKey: Guid(2b84a9d1583e14714b8a0459af61c3cd) Importer(815301076,1909f56bfc062723c751e8b465ee728b)
Start importing Assets/House tilemaps/4 Walls, Floor & Doors_4.asset using Guid(2b84a9d1583e14714b8a0459af61c3cd) Importer(815301076,1909f56bfc062723c751e8b465ee728b) (PreviewImporter) -> (artifact id: '51dfddeebcc72ff4319ffd2773341e61') in 0.002879958 seconds
Number of updated asset objects reloaded before import = 0Number of asset objects unloaded after import = 3

========================================================================
Received Import Request.
  Time since last request: 0.000026 seconds.
  path: Assets/House tilemaps/4 Walls, Floor & Doors_26.asset
  artifactKey: Guid(b28239d887fbb43709f71fedb9ab9758) Importer(815301076,1909f56bfc062723c751e8b465ee728b)
Start importing Assets/House tilemaps/4 Walls, Floor & Doors_26.asset using Guid(b28239d887fbb43709f71fedb9ab9758) Importer(815301076,1909f56bfc062723c751e8b465ee728b) (PreviewImporter) -> (artifact id: '6f3ca82d23a1ad5d7cae6c7416abc452') in 0.002183666 seconds
Number of updated asset objects reloaded before import = 0Number of asset objects unloaded after import = 3

========================================================================
Received Import Request.
  Time since last request: 0.000029 seconds.
  path: Assets/House tilemaps/4 Walls, Floor & Doors_30.asset
  artifactKey: Guid(a569d96147298434e91e8ef91c1f8982) Importer(815301076,1909f56bfc062723c751e8b465ee728b)
Start importing Assets/House tilemaps/4 Walls, Floor & Doors_30.asset using Guid(a569d96147298434e91e8ef91c1f8982) Importer(815301076,1909f56bfc062723c751e8b465ee728b) (PreviewImporter) -> (artifact id: 'fbdcecc5d37a0ce47bd9e3df18375fa8') in 0.002690084 seconds
Number of updated asset objects reloaded before import = 0Number of asset objects unloaded after import = 3

========================================================================
Received Import Request.
  Time since last request: 0.000134 seconds.
  path: Assets/House tilemaps/4 Walls, Floor & Doors_3.asset
  artifactKey: Guid(d9279e03b287e45e88a246e42fc6f3da) Importer(815301076,1909f56bfc062723c751e8b465ee728b)
Start importing Assets/House tilemaps/4 Walls, Floor & Doors_3.asset using Guid(d9279e03b287e45e88a246e42fc6f3da) Importer(815301076,1909f56bfc062723c751e8b465ee728b) (PreviewImporter) -> (artifact id: '06967533846d8ca56a01630babf7dc00') in 0.002457 seconds
Number of updated asset objects reloaded before import = 0Number of asset objects unloaded after import = 3

========================================================================
Received Import Request.
  Time since last request: 0.000031 seconds.
  path: Assets/House tilemaps/4 Walls, Floor & Doors_21.asset
  artifactKey: Guid(4b569251176b244e0b69f73857c71515) Importer(815301076,1909f56bfc062723c751e8b465ee728b)
Start importing Assets/House tilemaps/4 Walls, Floor & Doors_21.asset using Guid(4b569251176b244e0b69f73857c71515) Importer(815301076,1909f56bfc062723c751e8b465ee728b) (PreviewImporter) -> (artifact id: '7985e2e0438c32b11a69b1b2910b6bda') in 0.003460417 seconds
Number of updated asset objects reloaded before import = 0Number of asset objects unloaded after import = 3

========================================================================
Received Import Request.
  Time since last request: 12.521535 seconds.
  path: Assets/Scenes/Main Area.unity
  artifactKey: Guid(2cda990e2423bbf4892e6590ba056729) Importer(815301076,1909f56bfc062723c751e8b465ee728b)
Start importing Assets/Scenes/Main Area.unity using Guid(2cda990e2423bbf4892e6590ba056729) Importer(815301076,1909f56bfc062723c751e8b465ee728b) (PreviewImporter) -> (artifact id: '56b5d16939ebc8e10ab9dc4461025ce3') in 0.000311 seconds
Number of updated asset objects reloaded before import = 0Number of asset objects unloaded after import = 0

========================================================================
Received Import Request.
  Time since last request: 94.380881 seconds.
  path: Assets/_game_/Scenes/HomeTown.unity
  artifactKey: Guid(9721c1ec7f0ea49dfb9c76fb3acf3063) Importer(815301076,1909f56bfc062723c751e8b465ee728b)
Start importing Assets/_game_/Scenes/HomeTown.unity using Guid(9721c1ec7f0ea49dfb9c76fb3acf3063) Importer(815301076,1909f56bfc062723c751e8b465ee728b) (PreviewImporter) -> (artifact id: '21cad11f168acd04fddfc4c86ab35728') in 0.000389083 seconds
Number of updated asset objects reloaded before import = 0Number of asset objects unloaded after import = 0

========================================================================
Received Import Request.
  Time since last request: 16.297104 seconds.
  path: Assets/Scenes/Forest.unity
  artifactKey: Guid(1df69deee0f9d40b987d0f178fb66263) Importer(815301076,1909f56bfc062723c751e8b465ee728b)
Start importing Assets/Scenes/Forest.unity using Guid(1df69deee0f9d40b987d0f178fb66263) Importer(815301076,1909f56bfc062723c751e8b465ee728b) (PreviewImporter) -> (artifact id: 'f0a958b5d8ad934fd381a1050f7f2825') in 0.000283041 seconds
Number of updated asset objects reloaded before import = 0Number of asset objects unloaded after import = 0

========================================================================
Received Import Request.
  Time since last request: 18.814227 seconds.
  path: Assets/Scenes/island Mansion.unity
  artifactKey: Guid(2a025c4a93cc14d6099187ccd4fdeca2) Importer(815301076,1909f56bfc062723c751e8b465ee728b)
Start importing Assets/Scenes/island Mansion.unity using Guid(2a025c4a93cc14d6099187ccd4fdeca2) Importer(815301076,1909f56bfc062723c751e8b465ee728b) (PreviewImporter) -> (artifact id: 'cc782e891231d464cffc283f5b7fdc58') in 0.000258375 seconds
Number of updated asset objects reloaded before import = 0Number of asset objects unloaded after import = 0

========================================================================
Received Import Request.
  Time since last request: 33.166296 seconds.
  path: Assets/Scenes/Houese 4.unity
  artifactKey: Guid(d683ca1ca45144e67bf9b60ce643a087) Importer(815301076,1909f56bfc062723c751e8b465ee728b)
Start importing Assets/Scenes/Houese 4.unity using Guid(d683ca1ca45144e67bf9b60ce643a087) Importer(815301076,1909f56bfc062723c751e8b465ee728b) (PreviewImporter) -> (artifact id: '7c30d2c1c711304d002a9b4570294766') in 0.00028875 seconds
Number of updated asset objects reloaded before import = 0Number of asset objects unloaded after import = 0

========================================================================
Received Import Request.
  Time since last request: 9.713936 seconds.
  path: Assets/Scenes/House 1.unity
  artifactKey: Guid(100fb46932b41465086ad1e2cf53828e) Importer(815301076,1909f56bfc062723c751e8b465ee728b)
Start importing Assets/Scenes/House 1.unity using Guid(100fb46932b41465086ad1e2cf53828e) Importer(815301076,1909f56bfc062723c751e8b465ee728b) (PreviewImporter) -> (artifact id: 'a3bab625a678944a0e482643e06aaf58') in 0.000660792 seconds
Number of updated asset objects reloaded before import = 0Number of asset objects unloaded after import = 0

========================================================================
Received Import Request.
  Time since last request: 1.001224 seconds.
  path: Assets/Scenes/House 2.unity
  artifactKey: Guid(34bc22d287c8d46e1838ca25343904c6) Importer(815301076,1909f56bfc062723c751e8b465ee728b)
Start importing Assets/Scenes/House 2.unity using Guid(34bc22d287c8d46e1838ca25343904c6) Importer(815301076,1909f56bfc062723c751e8b465ee728b) (PreviewImporter) -> (artifact id: '770a1f4a2a481fcbc3e59839d0638915') in 0.0002475 seconds
Number of updated asset objects reloaded before import = 0Number of asset objects unloaded after import = 0

========================================================================
Received Import Request.
  Time since last request: 0.930162 seconds.
  path: Assets/Scenes/House 3.unity
  artifactKey: Guid(fbedb27c25d3b4e11b747ea63e682d61) Importer(815301076,1909f56bfc062723c751e8b465ee728b)
Start importing Assets/Scenes/House 3.unity using Guid(fbedb27c25d3b4e11b747ea63e682d61) Importer(815301076,1909f56bfc062723c751e8b465ee728b) (PreviewImporter) -> (artifact id: 'd8d2c6abbe61d6d68945fa8b58d161c6') in 0.000252125 seconds
Number of updated asset objects reloaded before import = 0Number of asset objects unloaded after import = 0

========================================================================
Received Import Request.
  Time since last request: 29.050805 seconds.
  path: Assets/_game_/Scenes/Castle.unity
  artifactKey: Guid(32285f07e75df429eba47df6e89ebe36) Importer(815301076,1909f56bfc062723c751e8b465ee728b)
Start importing Assets/_game_/Scenes/Castle.unity using Guid(32285f07e75df429eba47df6e89ebe36) Importer(815301076,1909f56bfc062723c751e8b465ee728b) (PreviewImporter) -> (artifact id: 'd18ef5e0f14e26bd8fd73cae1213c94c') in 0.00026925 seconds
Number of updated asset objects reloaded before import = 0Number of asset objects unloaded after import = 0

========================================================================
Received Import Request.
  Time since last request: 255.529937 seconds.
  path: Assets/Scenes/House 5.unity
  artifactKey: Guid(4ef54f6bb41be4a9b81cc21fdc694872) Importer(815301076,1909f56bfc062723c751e8b465ee728b)
Start importing Assets/Scenes/House 5.unity using Guid(4ef54f6bb41be4a9b81cc21fdc694872) Importer(815301076,1909f56bfc062723c751e8b465ee728b) (PreviewImporter) -> (artifact id: 'b734cdfa5615e0c4440815b7d168b5e4') in 0.001320125 seconds
Number of updated asset objects reloaded before import = 0Number of asset objects unloaded after import = 0

========================================================================
Received Import Request.
  Time since last request: 1.813369 seconds.
  path: Assets/Scenes/House 4.unity
  artifactKey: Guid(e52cb6110a5a64d17bf45872c8a3721f) Importer(815301076,1909f56bfc062723c751e8b465ee728b)
Start importing Assets/Scenes/House 4.unity using Guid(e52cb6110a5a64d17bf45872c8a3721f) Importer(815301076,1909f56bfc062723c751e8b465ee728b) (PreviewImporter) -> (artifact id: 'bacce33009ecf9966b4a12872afd0714') in 0.000807625 seconds
Number of updated asset objects reloaded before import = 0Number of asset objects unloaded after import = 0

========================================================================
Received Import Request.
  Time since last request: 23.233689 seconds.
  path: Assets/_game_/World/Forest
  artifactKey: Guid(444f6ca2dfb074a97b23a7e9b4aa39af) Importer(815301076,1909f56bfc062723c751e8b465ee728b)
Start importing Assets/_game_/World/Forest using Guid(444f6ca2dfb074a97b23a7e9b4aa39af) Importer(815301076,1909f56bfc062723c751e8b465ee728b) (PreviewImporter) -> (artifact id: '855b421e30c2a9c1e81440b73a7e97d3') in 0.000590208 seconds
Number of updated asset objects reloaded before import = 0Number of asset objects unloaded after import = 0

========================================================================
Received Import Request.
  Time since last request: 2.000064 seconds.
  path: Assets/_game_/World/Forest/Tile Palettes
  artifactKey: Guid(eea62af28ce4a4747a143e3159ac3b1e) Importer(815301076,1909f56bfc062723c751e8b465ee728b)
Start importing Assets/_game_/World/Forest/Tile Palettes using Guid(eea62af28ce4a4747a143e3159ac3b1e) Importer(815301076,1909f56bfc062723c751e8b465ee728b) (PreviewImporter) -> (artifact id: '5a9fa9f2d7fa5365a5fc5db186643ad7') in 0.000444042 seconds
Number of updated asset objects reloaded before import = 0Number of asset objects unloaded after import = 0

========================================================================
Received Import Request.
  Time since last request: 0.080938 seconds.
  path: Assets/_game_/World/Forest/Tile Palettes/Castle.prefab
  artifactKey: Guid(6d5f2252e3bd742bcaae7c7a31cba384) Importer(815301076,1909f56bfc062723c751e8b465ee728b)
Start importing Assets/_game_/World/Forest/Tile Palettes/Castle.prefab using Guid(6d5f2252e3bd742bcaae7c7a31cba384) Importer(815301076,1909f56bfc062723c751e8b465ee728b) (PreviewImporter) -> (artifact id: '56f7e00a76a6606fbdc38a0afa9300ef') in 0.099382334 seconds
Number of updated asset objects reloaded before import = 0Number of asset objects unloaded after import = 353

========================================================================
Received Import Request.
  Time since last request: 0.000029 seconds.
  path: Assets/_game_/World/Forest/Tile Palettes/OldWest.prefab
  artifactKey: Guid(65afba5c5d87244038b0672b89a015a0) Importer(815301076,1909f56bfc062723c751e8b465ee728b)
Start importing Assets/_game_/World/Forest/Tile Palettes/OldWest.prefab using Guid(65afba5c5d87244038b0672b89a015a0) Importer(815301076,1909f56bfc062723c751e8b465ee728b) (PreviewImporter) -> (artifact id: '0634114ea77585c8d8a62ca8fb3ac19d') in 0.116925042 seconds
Number of updated asset objects reloaded before import = 0Number of asset objects unloaded after import = 1283

========================================================================
Received Import Request.
  Time since last request: 0.000041 seconds.
  path: Assets/_game_/World/Forest/Tile Palettes/Forest.prefab
  artifactKey: Guid(ca10bb1eec1814e18bb9b27129a0fe9a) Importer(815301076,1909f56bfc062723c751e8b465ee728b)
Start importing Assets/_game_/World/Forest/Tile Palettes/Forest.prefab using Guid(ca10bb1eec1814e18bb9b27129a0fe9a) Importer(815301076,1909f56bfc062723c751e8b465ee728b) (PreviewImporter) -> (artifact id: '7caa97d081c185948d7f4116874bbed5') in 0.151340916 seconds
Number of updated asset objects reloaded before import = 0Number of asset objects unloaded after import = 1235

========================================================================
Received Import Request.
  Time since last request: 13.809087 seconds.
  path: Assets/_game_/World
  artifactKey: Guid(51a0122087b134af3a35387c87eaab92) Importer(815301076,1909f56bfc062723c751e8b465ee728b)
Start importing Assets/_game_/World using Guid(51a0122087b134af3a35387c87eaab92) Importer(815301076,1909f56bfc062723c751e8b465ee728b) (PreviewImporter) -> (artifact id: 'dd9a9d04b89177eb6d0c88f75d5493ae') in 0.000310667 seconds
Number of updated asset objects reloaded before import = 0Number of asset objects unloaded after import = 0

========================================================================
Received Import Request.
  Time since last request: 14.493503 seconds.
  path: Assets/House tilemaps/Walls for houses.prefab
  artifactKey: Guid(1495bdd1c859b4b0fa0b9e8bfd0d2bcd) Importer(815301076,1909f56bfc062723c751e8b465ee728b)
Start importing Assets/House tilemaps/Walls for houses.prefab using Guid(1495bdd1c859b4b0fa0b9e8bfd0d2bcd) Importer(815301076,1909f56bfc062723c751e8b465ee728b) (PreviewImporter) -> (artifact id: 'ae76fa5b43debaf6fdd0dc2279f45d3a') in 0.015790333 seconds
Number of updated asset objects reloaded before import = 0Number of asset objects unloaded after import = 77

========================================================================
Received Import Request.
  Time since last request: 17.022186 seconds.
  path: Assets/_game_/World/Forest/Tiles
  artifactKey: Guid(ab98987852c324c988917d945b8bee3f) Importer(815301076,1909f56bfc062723c751e8b465ee728b)
Start importing Assets/_game_/World/Forest/Tiles using Guid(ab98987852c324c988917d945b8bee3f) Importer(815301076,1909f56bfc062723c751e8b465ee728b) (PreviewImporter) -> (artifact id: 'fab4ba76452db9580c745257e6473fe8') in 0.000277625 seconds
Number of updated asset objects reloaded before import = 0Number of asset objects unloaded after import = 0

========================================================================
Received Import Request.
  Time since last request: 1.815202 seconds.
  path: Assets/_game_/World/Forest/Tiles/Standard
  artifactKey: Guid(dafe1c50435f94eb5afd1c35e179f246) Importer(815301076,1909f56bfc062723c751e8b465ee728b)
Start importing Assets/_game_/World/Forest/Tiles/Standard using Guid(dafe1c50435f94eb5afd1c35e179f246) Importer(815301076,1909f56bfc062723c751e8b465ee728b) (PreviewImporter) -> (artifact id: 'a6d5e62ea71c518fff19c0e9cd406512') in 0.000237667 seconds
Number of updated asset objects reloaded before import = 0Number of asset objects unloaded after import = 0

========================================================================
Received Import Request.
  Time since last request: 0.081092 seconds.
  path: Assets/_game_/World/Forest/Tiles/Standard/DesertTilemap16x16_0.asset
  artifactKey: Guid(c53125caeae274e30aa21c0708bbb8cc) Importer(815301076,1909f56bfc062723c751e8b465ee728b)
Start importing Assets/_game_/World/Forest/Tiles/Standard/DesertTilemap16x16_0.asset using Guid(c53125caeae274e30aa21c0708bbb8cc) Importer(815301076,1909f56bfc062723c751e8b465ee728b) (PreviewImporter) -> (artifact id: '041a61f1c39098df6f5be8cdb8a0210f') in 0.014590542 seconds
Number of updated asset objects reloaded before import = 0Number of asset objects unloaded after import = 3

========================================================================
Received Import Request.
  Time since last request: 0.000031 seconds.
  path: Assets/_game_/World/Forest/Tiles/Standard/DesertTilemap16x16_15.asset
  artifactKey: Guid(32351421922c146cfb3e79370fd2dbeb) Importer(815301076,1909f56bfc062723c751e8b465ee728b)
Start importing Assets/_game_/World/Forest/Tiles/Standard/DesertTilemap16x16_15.asset using Guid(32351421922c146cfb3e79370fd2dbeb) Importer(815301076,1909f56bfc062723c751e8b465ee728b) (PreviewImporter) -> (artifact id: '3ceaf2b8636ff4a3d4c0c38037625307') in 0.007262208 seconds
Number of updated asset objects reloaded before import = 0Number of asset objects unloaded after import = 3

========================================================================
Received Import Request.
  Time since last request: 0.000031 seconds.
  path: Assets/_game_/World/Forest/Tiles/Standard/DesertTilemap16x16_13.asset
  artifactKey: Guid(a2f9afbf463e44857bf09e1a4bb6c9d2) Importer(815301076,1909f56bfc062723c751e8b465ee728b)
Start importing Assets/_game_/World/Forest/Tiles/Standard/DesertTilemap16x16_13.asset using Guid(a2f9afbf463e44857bf09e1a4bb6c9d2) Importer(815301076,1909f56bfc062723c751e8b465ee728b) (PreviewImporter) -> (artifact id: 'def213eb227854aec4b599d6a7a83ed9') in 0.002611708 seconds
Number of updated asset objects reloaded before import = 0Number of asset objects unloaded after import = 3

========================================================================
Received Import Request.
  Time since last request: 0.000041 seconds.
  path: Assets/_game_/World/Forest/Tiles/Standard/DesertTilemap16x16_28.asset
  artifactKey: Guid(bb2b591507bea4e988f5da9e695556e4) Importer(815301076,1909f56bfc062723c751e8b465ee728b)
Start importing Assets/_game_/World/Forest/Tiles/Standard/DesertTilemap16x16_28.asset using Guid(bb2b591507bea4e988f5da9e695556e4) Importer(815301076,1909f56bfc062723c751e8b465ee728b) (PreviewImporter) -> (artifact id: '4eb858d6628bd229316af1b09da42cff') in 0.003330625 seconds
Number of updated asset objects reloaded before import = 0Number of asset objects unloaded after import = 3

========================================================================
Received Import Request.
  Time since last request: 0.000053 seconds.
  path: Assets/_game_/World/Forest/Tiles/Standard/DesertTilemap16x16_5.asset
  artifactKey: Guid(2f39f3b67d1194f88bc06fffa3cbf4db) Importer(815301076,1909f56bfc062723c751e8b465ee728b)
Start importing Assets/_game_/World/Forest/Tiles/Standard/DesertTilemap16x16_5.asset using Guid(2f39f3b67d1194f88bc06fffa3cbf4db) Importer(815301076,1909f56bfc062723c751e8b465ee728b) (PreviewImporter) -> (artifact id: 'aa86da774da0efdfbbbd22e5955e83aa') in 0.002880875 seconds
Number of updated asset objects reloaded before import = 0Number of asset objects unloaded after import = 3

========================================================================
Received Import Request.
  Time since last request: 0.000053 seconds.
  path: Assets/_game_/World/Forest/Tiles/Standard/DesertTilemap16x16_29.asset
  artifactKey: Guid(c95bb23a3d2ee4da28d43b7658f6301e) Importer(815301076,1909f56bfc062723c751e8b465ee728b)
Start importing Assets/_game_/World/Forest/Tiles/Standard/DesertTilemap16x16_29.asset using Guid(c95bb23a3d2ee4da28d43b7658f6301e) Importer(815301076,1909f56bfc062723c751e8b465ee728b) (PreviewImporter) -> (artifact id: '3689a3dfbd86d5c0b2a69ea19b66d6f1') in 0.002469667 seconds
Number of updated asset objects reloaded before import = 0Number of asset objects unloaded after import = 3

========================================================================
Received Import Request.
  Time since last request: 0.000032 seconds.
  path: Assets/_game_/World/Forest/Tiles/Standard/DesertTilemap16x16_23.asset
  artifactKey: Guid(02164121952c44047b429fbf6b174b11) Importer(815301076,1909f56bfc062723c751e8b465ee728b)
Start importing Assets/_game_/World/Forest/Tiles/Standard/DesertTilemap16x16_23.asset using Guid(02164121952c44047b429fbf6b174b11) Importer(815301076,1909f56bfc062723c751e8b465ee728b) (PreviewImporter) -> (artifact id: '31111e767695d37f585384efd1691e7d') in 0.002147708 seconds
Number of updated asset objects reloaded before import = 0Number of asset objects unloaded after import = 3

========================================================================
Received Import Request.
  Time since last request: 0.000088 seconds.
  path: Assets/_game_/World/Forest/Tiles/Standard/DesertTilemap16x16_16.asset
  artifactKey: Guid(dee74ac1ea401430e8026a1b894f58a1) Importer(815301076,1909f56bfc062723c751e8b465ee728b)
Start importing Assets/_game_/World/Forest/Tiles/Standard/DesertTilemap16x16_16.asset using Guid(dee74ac1ea401430e8026a1b894f58a1) Importer(815301076,1909f56bfc062723c751e8b465ee728b) (PreviewImporter) -> (artifact id: '5a8daab5e9c25f29fc5d9f8e19f4f05c') in 0.002650708 seconds
Number of updated asset objects reloaded before import = 0Number of asset objects unloaded after import = 3

========================================================================
Received Import Request.
  Time since last request: 0.000056 seconds.
  path: Assets/_game_/World/Forest/Tiles/Standard/DesertTilemap16x16_31.asset
  artifactKey: Guid(31b91b05e69184564a56a131f9f91a14) Importer(815301076,1909f56bfc062723c751e8b465ee728b)
Start importing Assets/_game_/World/Forest/Tiles/Standard/DesertTilemap16x16_31.asset using Guid(31b91b05e69184564a56a131f9f91a14) Importer(815301076,1909f56bfc062723c751e8b465ee728b) (PreviewImporter) -> (artifact id: '282736cbde54a8e4e2947496814b73ba') in 0.002806667 seconds
Number of updated asset objects reloaded before import = 0Number of asset objects unloaded after import = 3

========================================================================
Received Import Request.
  Time since last request: 0.000117 seconds.
  path: Assets/_game_/World/Forest/Tiles/Standard/DesertTilemap16x16_3.asset
  artifactKey: Guid(579979b3304704a9096a3ed8ab0a18f6) Importer(815301076,1909f56bfc062723c751e8b465ee728b)
Start importing Assets/_game_/World/Forest/Tiles/Standard/DesertTilemap16x16_3.asset using Guid(579979b3304704a9096a3ed8ab0a18f6) Importer(815301076,1909f56bfc062723c751e8b465ee728b) (PreviewImporter) -> (artifact id: 'acadf8861a74098974e9458b0ad8f3b8') in 0.002525083 seconds
Number of updated asset objects reloaded before import = 0Number of asset objects unloaded after import = 3

========================================================================
Received Import Request.
  Time since last request: 0.000090 seconds.
  path: Assets/_game_/World/Forest/Tiles/Standard/DesertTilemap16x16_22.asset
  artifactKey: Guid(8426bbdf7d1184486a66a8c95b70962c) Importer(815301076,1909f56bfc062723c751e8b465ee728b)
Start importing Assets/_game_/World/Forest/Tiles/Standard/DesertTilemap16x16_22.asset using Guid(8426bbdf7d1184486a66a8c95b70962c) Importer(815301076,1909f56bfc062723c751e8b465ee728b) (PreviewImporter) -> (artifact id: 'f75a8c969debd97f0ae5c9ad49554094') in 0.002215541 seconds
Number of updated asset objects reloaded before import = 0Number of asset objects unloaded after import = 3

========================================================================
Received Import Request.
  Time since last request: 0.000106 seconds.
  path: Assets/_game_/World/Forest/Tiles/Standard/DesertTilemap16x16_20.asset
  artifactKey: Guid(984a96b9344b1424f9d094d45a32ad41) Importer(815301076,1909f56bfc062723c751e8b465ee728b)
Start importing Assets/_game_/World/Forest/Tiles/Standard/DesertTilemap16x16_20.asset using Guid(984a96b9344b1424f9d094d45a32ad41) Importer(815301076,1909f56bfc062723c751e8b465ee728b) (PreviewImporter) -> (artifact id: 'feb52f7b1d7664bf65b1b8b6fd4c596b') in 0.003173291 seconds
Number of updated asset objects reloaded before import = 0Number of asset objects unloaded after import = 3

========================================================================
Received Import Request.
  Time since last request: 0.000026 seconds.
  path: Assets/_game_/World/Forest/Tiles/Standard/DesertTilemap16x16_27.asset
  artifactKey: Guid(3b266ff44b76846ccaf27f0fe0a061d8) Importer(815301076,1909f56bfc062723c751e8b465ee728b)
Start importing Assets/_game_/World/Forest/Tiles/Standard/DesertTilemap16x16_27.asset using Guid(3b266ff44b76846ccaf27f0fe0a061d8) Importer(815301076,1909f56bfc062723c751e8b465ee728b) (PreviewImporter) -> (artifact id: '01ad016def4ae00b3900c16ca65a30e4') in 0.002557 seconds
Number of updated asset objects reloaded before import = 0Number of asset objects unloaded after import = 3

========================================================================
Received Import Request.
  Time since last request: 0.000033 seconds.
  path: Assets/_game_/World/Forest/Tiles/Standard/DesertTilemap16x16_2.asset
  artifactKey: Guid(943eaa9645ecf44078a0605a66f7f8a8) Importer(815301076,1909f56bfc062723c751e8b465ee728b)
Start importing Assets/_game_/World/Forest/Tiles/Standard/DesertTilemap16x16_2.asset using Guid(943eaa9645ecf44078a0605a66f7f8a8) Importer(815301076,1909f56bfc062723c751e8b465ee728b) (PreviewImporter) -> (artifact id: 'f9ecc556a591df3f21e901df2bf10364') in 0.003012459 seconds
Number of updated asset objects reloaded before import = 0Number of asset objects unloaded after import = 3

========================================================================
Received Import Request.
  Time since last request: 0.000064 seconds.
  path: Assets/_game_/World/Forest/Tiles/Standard/DesertTilemap16x16_19.asset
  artifactKey: Guid(b3e08abe375ad4fa5af70fde8ab5bd17) Importer(815301076,1909f56bfc062723c751e8b465ee728b)
Start importing Assets/_game_/World/Forest/Tiles/Standard/DesertTilemap16x16_19.asset using Guid(b3e08abe375ad4fa5af70fde8ab5bd17) Importer(815301076,1909f56bfc062723c751e8b465ee728b) (PreviewImporter) -> (artifact id: 'c4cac5d7cf6dbc8bd9e32b0e74873fd4') in 0.002224542 seconds
Number of updated asset objects reloaded before import = 0Number of asset objects unloaded after import = 3

========================================================================
Received Import Request.
  Time since last request: 0.000040 seconds.
  path: Assets/_game_/World/Forest/Tiles/Standard/DesertTilemap16x16_32.asset
  artifactKey: Guid(4077169bc81e245c8ac92e930977793e) Importer(815301076,1909f56bfc062723c751e8b465ee728b)
Start importing Assets/_game_/World/Forest/Tiles/Standard/DesertTilemap16x16_32.asset using Guid(4077169bc81e245c8ac92e930977793e) Importer(815301076,1909f56bfc062723c751e8b465ee728b) (PreviewImporter) -> (artifact id: '5189aa170132b46057e9ff2750c5566f') in 0.002790333 seconds
Number of updated asset objects reloaded before import = 0Number of asset objects unloaded after import = 3

========================================================================
Received Import Request.
  Time since last request: 0.000038 seconds.
  path: Assets/_game_/World/Forest/Tiles/Standard/DesertTilemap16x16_26.asset
  artifactKey: Guid(eda2080805f57479188530cb72f15eb1) Importer(815301076,1909f56bfc062723c751e8b465ee728b)
Start importing Assets/_game_/World/Forest/Tiles/Standard/DesertTilemap16x16_26.asset using Guid(eda2080805f57479188530cb72f15eb1) Importer(815301076,1909f56bfc062723c751e8b465ee728b) (PreviewImporter) -> (artifact id: 'c3c3182d4ef160b3810a3d47b3250e26') in 0.002544834 seconds
Number of updated asset objects reloaded before import = 0Number of asset objects unloaded after import = 3

========================================================================
Received Import Request.
  Time since last request: 0.922475 seconds.
  path: Assets/_game_/World/Forest/Tiles/Standard/DesertTilemap16x16_34.asset
  artifactKey: Guid(7d1fcf2b374c34fe1b149d1434136bee) Importer(815301076,1909f56bfc062723c751e8b465ee728b)
Start importing Assets/_game_/World/Forest/Tiles/Standard/DesertTilemap16x16_34.asset using Guid(7d1fcf2b374c34fe1b149d1434136bee) Importer(815301076,1909f56bfc062723c751e8b465ee728b) (PreviewImporter) -> (artifact id: '79c687858a1a447f493ac13600e452dc') in 0.00267825 seconds
Number of updated asset objects reloaded before import = 0Number of asset objects unloaded after import = 3

========================================================================
Received Import Request.
  Time since last request: 0.000033 seconds.
  path: Assets/_game_/World/Forest/Tiles/Standard/DesertTilemap16x16_38.asset
  artifactKey: Guid(a37fa893bb8904b4fabc0b60af8ad9ea) Importer(815301076,1909f56bfc062723c751e8b465ee728b)
Start importing Assets/_game_/World/Forest/Tiles/Standard/DesertTilemap16x16_38.asset using Guid(a37fa893bb8904b4fabc0b60af8ad9ea) Importer(815301076,1909f56bfc062723c751e8b465ee728b) (PreviewImporter) -> (artifact id: 'c9723e509ea633ad3cecd2a08b328fb5') in 0.002375083 seconds
Number of updated asset objects reloaded before import = 0Number of asset objects unloaded after import = 3

========================================================================
Received Import Request.
  Time since last request: 0.000044 seconds.
  path: Assets/_game_/World/Forest/Tiles/Standard/DesertTilemap16x16_42.asset
  artifactKey: Guid(871f84e841bee4b3bb9cb4bcd30d037e) Importer(815301076,1909f56bfc062723c751e8b465ee728b)
Start importing Assets/_game_/World/Forest/Tiles/Standard/DesertTilemap16x16_42.asset using Guid(871f84e841bee4b3bb9cb4bcd30d037e) Importer(815301076,1909f56bfc062723c751e8b465ee728b) (PreviewImporter) -> (artifact id: 'f683b9a24eaf920cbda2c201a5828d64') in 0.002483166 seconds
Number of updated asset objects reloaded before import = 0Number of asset objects unloaded after import = 3

========================================================================
Received Import Request.
  Time since last request: 0.000162 seconds.
  path: Assets/_game_/World/Forest/Tiles/Standard/DesertTilemap16x16_37.asset
  artifactKey: Guid(acaef018f45aa4fa58a881862461b74a) Importer(815301076,1909f56bfc062723c751e8b465ee728b)
Start importing Assets/_game_/World/Forest/Tiles/Standard/DesertTilemap16x16_37.asset using Guid(acaef018f45aa4fa58a881862461b74a) Importer(815301076,1909f56bfc062723c751e8b465ee728b) (PreviewImporter) -> (artifact id: '589f645bfd5bc0dfbd3df0cc2ae7abf6') in 0.002768625 seconds
Number of updated asset objects reloaded before import = 0Number of asset objects unloaded after import = 3

========================================================================
Received Import Request.
  Time since last request: 0.000030 seconds.
  path: Assets/_game_/World/Forest/Tiles/Standard/DesertTilemap16x16_43.asset
  artifactKey: Guid(e38cdc17432854a659d15dd65ec52781) Importer(815301076,1909f56bfc062723c751e8b465ee728b)
Start importing Assets/_game_/World/Forest/Tiles/Standard/DesertTilemap16x16_43.asset using Guid(e38cdc17432854a659d15dd65ec52781) Importer(815301076,1909f56bfc062723c751e8b465ee728b) (PreviewImporter) -> (artifact id: 'a4cb44a3af8db4dd5071080d80609862') in 0.002787458 seconds
Number of updated asset objects reloaded before import = 0Number of asset objects unloaded after import = 3

========================================================================
Received Import Request.
  Time since last request: 0.049334 seconds.
  path: Assets/_game_/World/Forest/Tiles/Standard/DesertTilemap16x16_45.asset
  artifactKey: Guid(9d709f0114fea402c95912db7a7f04f3) Importer(815301076,1909f56bfc062723c751e8b465ee728b)
Start importing Assets/_game_/World/Forest/Tiles/Standard/DesertTilemap16x16_45.asset using Guid(9d709f0114fea402c95912db7a7f04f3) Importer(815301076,1909f56bfc062723c751e8b465ee728b) (PreviewImporter) -> (artifact id: 'fa56f8b7a31826c3f881869cbd8e27c2') in 0.003435583 seconds
Number of updated asset objects reloaded before import = 0Number of asset objects unloaded after import = 3

========================================================================
Received Import Request.
  Time since last request: 0.000072 seconds.
  path: Assets/_game_/World/Forest/Tiles/Standard/DesertTilemap16x16_53.asset
  artifactKey: Guid(85df450f6375040d692614ef698c781e) Importer(815301076,1909f56bfc062723c751e8b465ee728b)
Start importing Assets/_game_/World/Forest/Tiles/Standard/DesertTilemap16x16_53.asset using Guid(85df450f6375040d692614ef698c781e) Importer(815301076,1909f56bfc062723c751e8b465ee728b) (PreviewImporter) -> (artifact id: 'c60a7049269d5c13f8a9d218258d6b59') in 0.002947625 seconds
Number of updated asset objects reloaded before import = 0Number of asset objects unloaded after import = 3

========================================================================
Received Import Request.
  Time since last request: 0.000036 seconds.
  path: Assets/_game_/World/Forest/Tiles/Standard/DesertTilemap16x16_55.asset
  artifactKey: Guid(c47a7e5428d554d79a18e98881a9e867) Importer(815301076,1909f56bfc062723c751e8b465ee728b)
Start importing Assets/_game_/World/Forest/Tiles/Standard/DesertTilemap16x16_55.asset using Guid(c47a7e5428d554d79a18e98881a9e867) Importer(815301076,1909f56bfc062723c751e8b465ee728b) (PreviewImporter) -> (artifact id: 'ea2ed214f866bba8bcd208c5049174a4') in 0.002280583 seconds
Number of updated asset objects reloaded before import = 0Number of asset objects unloaded after import = 3

========================================================================
Received Import Request.
  Time since last request: 0.000079 seconds.
  path: Assets/_game_/World/Forest/Tiles/Standard/DesertTilemap16x16_47.asset
  artifactKey: Guid(512b84e21146a43418b7cea52ad777ba) Importer(815301076,1909f56bfc062723c751e8b465ee728b)
Start importing Assets/_game_/World/Forest/Tiles/Standard/DesertTilemap16x16_47.asset using Guid(512b84e21146a43418b7cea52ad777ba) Importer(815301076,1909f56bfc062723c751e8b465ee728b) (PreviewImporter) -> (artifact id: '5a38966c3dabd259d06bcf9b206715bf') in 0.002691458 seconds
Number of updated asset objects reloaded before import = 0Number of asset objects unloaded after import = 3

========================================================================
Received Import Request.
  Time since last request: 0.000077 seconds.
  path: Assets/_game_/World/Forest/Tiles/Standard/DesertTilemap16x16_54.asset
  artifactKey: Guid(da8e6a282608949348347020bea58ee8) Importer(815301076,1909f56bfc062723c751e8b465ee728b)
Start importing Assets/_game_/World/Forest/Tiles/Standard/DesertTilemap16x16_54.asset using Guid(da8e6a282608949348347020bea58ee8) Importer(815301076,1909f56bfc062723c751e8b465ee728b) (PreviewImporter) -> (artifact id: 'c3818705fec4572800524a7ad874ec2c') in 0.003701208 seconds
Number of updated asset objects reloaded before import = 0Number of asset objects unloaded after import = 3

========================================================================
Received Import Request.
  Time since last request: 0.032602 seconds.
  path: Assets/_game_/World/Forest/Tiles/Standard/DesertTilemap16x16_56.asset
  artifactKey: Guid(bcbd043e7c21c418880f9b10be91823d) Importer(815301076,1909f56bfc062723c751e8b465ee728b)
Start importing Assets/_game_/World/Forest/Tiles/Standard/DesertTilemap16x16_56.asset using Guid(bcbd043e7c21c418880f9b10be91823d) Importer(815301076,1909f56bfc062723c751e8b465ee728b) (PreviewImporter) -> (artifact id: '8075bc59e429c51428708ec531c57447') in 0.002822083 seconds
Number of updated asset objects reloaded before import = 0Number of asset objects unloaded after import = 3

========================================================================
Received Import Request.
  Time since last request: 0.000029 seconds.
  path: Assets/_game_/World/Forest/Tiles/Standard/DesertTilemap16x16_64.asset
  artifactKey: Guid(cc47aa8add2514b718f13667a2c9fdcb) Importer(815301076,1909f56bfc062723c751e8b465ee728b)
Start importing Assets/_game_/World/Forest/Tiles/Standard/DesertTilemap16x16_64.asset using Guid(cc47aa8add2514b718f13667a2c9fdcb) Importer(815301076,1909f56bfc062723c751e8b465ee728b) (PreviewImporter) -> (artifact id: '50581f56019f6d93f63cd35e6acee8d9') in 0.002415917 seconds
Number of updated asset objects reloaded before import = 0Number of asset objects unloaded after import = 3

========================================================================
Received Import Request.
  Time since last request: 0.000044 seconds.
  path: Assets/_game_/World/Forest/Tiles/Standard/DesertTilemap16x16_65.asset
  artifactKey: Guid(a6a61f09164714e55bafe8696958e724) Importer(815301076,1909f56bfc062723c751e8b465ee728b)
Start importing Assets/_game_/World/Forest/Tiles/Standard/DesertTilemap16x16_65.asset using Guid(a6a61f09164714e55bafe8696958e724) Importer(815301076,1909f56bfc062723c751e8b465ee728b) (PreviewImporter) -> (artifact id: '24706bc2ea16ea7fac33ca6924e77953') in 0.002334875 seconds
Number of updated asset objects reloaded before import = 0Number of asset objects unloaded after import = 3

========================================================================
Received Import Request.
  Time since last request: 0.000048 seconds.
  path: Assets/_game_/World/Forest/Tiles/Standard/DesertTilemap16x16_62.asset
  artifactKey: Guid(dd242ec6e8df0464b937a459552848e2) Importer(815301076,1909f56bfc062723c751e8b465ee728b)
Start importing Assets/_game_/World/Forest/Tiles/Standard/DesertTilemap16x16_62.asset using Guid(dd242ec6e8df0464b937a459552848e2) Importer(815301076,1909f56bfc062723c751e8b465ee728b) (PreviewImporter) -> (artifact id: '2fd66b3b468b286efe151e8d856bb87e') in 0.002638083 seconds
Number of updated asset objects reloaded before import = 0Number of asset objects unloaded after import = 3

========================================================================
Received Import Request.
  Time since last request: 0.000029 seconds.
  path: Assets/_game_/World/Forest/Tiles/Standard/DesertTilemap16x16_59.asset
  artifactKey: Guid(fde6ca4e25ea54b4d96bb472af293fdb) Importer(815301076,1909f56bfc062723c751e8b465ee728b)
Start importing Assets/_game_/World/Forest/Tiles/Standard/DesertTilemap16x16_59.asset using Guid(fde6ca4e25ea54b4d96bb472af293fdb) Importer(815301076,1909f56bfc062723c751e8b465ee728b) (PreviewImporter) -> (artifact id: '1aca81d72dd88d1b57623284bc655b3a') in 0.002466167 seconds
Number of updated asset objects reloaded before import = 0Number of asset objects unloaded after import = 3

========================================================================
Received Import Request.
  Time since last request: 0.000036 seconds.
  path: Assets/_game_/World/Forest/Tiles/Standard/DesertTilemap16x16_60.asset
  artifactKey: Guid(9a52174abfdbb4d369afd9e474f5ff76) Importer(815301076,1909f56bfc062723c751e8b465ee728b)
Start importing Assets/_game_/World/Forest/Tiles/Standard/DesertTilemap16x16_60.asset using Guid(9a52174abfdbb4d369afd9e474f5ff76) Importer(815301076,1909f56bfc062723c751e8b465ee728b) (PreviewImporter) -> (artifact id: '2c18b1f6b93aede40230ec89f0349a2b') in 0.002521625 seconds
Number of updated asset objects reloaded before import = 0Number of asset objects unloaded after import = 3

========================================================================
Received Import Request.
  Time since last request: 0.015922 seconds.
  path: Assets/_game_/World/Forest/Tiles/Standard/DesertTilemap16x16_67.asset
  artifactKey: Guid(104890ac53efd4698851d51d51841498) Importer(815301076,1909f56bfc062723c751e8b465ee728b)
Start importing Assets/_game_/World/Forest/Tiles/Standard/DesertTilemap16x16_67.asset using Guid(104890ac53efd4698851d51d51841498) Importer(815301076,1909f56bfc062723c751e8b465ee728b) (PreviewImporter) -> (artifact id: '036750fade2a3ab5e37cfc25c2163f02') in 0.002768959 seconds
Number of updated asset objects reloaded before import = 0Number of asset objects unloaded after import = 3

========================================================================
Received Import Request.
  Time since last request: 0.000041 seconds.
  path: Assets/_game_/World/Forest/Tiles/Standard/DesertTilemap16x16_77.asset
  artifactKey: Guid(efaefa2094b3c4ee8bdc3f444060154c) Importer(815301076,1909f56bfc062723c751e8b465ee728b)
Start importing Assets/_game_/World/Forest/Tiles/Standard/DesertTilemap16x16_77.asset using Guid(efaefa2094b3c4ee8bdc3f444060154c) Importer(815301076,1909f56bfc062723c751e8b465ee728b) (PreviewImporter) -> (artifact id: '13b957ac9c54758f143df1f5d9188303') in 0.002709708 seconds
Number of updated asset objects reloaded before import = 0Number of asset objects unloaded after import = 3

========================================================================
Received Import Request.
  Time since last request: 0.000034 seconds.
  path: Assets/_game_/World/Forest/Tiles/Standard/DesertTilemap16x16_72.asset
  artifactKey: Guid(e6dc459b9fba048208dbcf8bdecf26b4) Importer(815301076,1909f56bfc062723c751e8b465ee728b)
Start importing Assets/_game_/World/Forest/Tiles/Standard/DesertTilemap16x16_72.asset using Guid(e6dc459b9fba048208dbcf8bdecf26b4) Importer(815301076,1909f56bfc062723c751e8b465ee728b) (PreviewImporter) -> (artifact id: 'bfdfd1541ebcc9c817ec16d4456ea20d') in 0.00236175 seconds
Number of updated asset objects reloaded before import = 0Number of asset objects unloaded after import = 3

========================================================================
Received Import Request.
  Time since last request: 0.000032 seconds.
  path: Assets/_game_/World/Forest/Tiles/Standard/DesertTilemap16x16_69.asset
  artifactKey: Guid(3f2b9699657c94963885550480f1f3ed) Importer(815301076,1909f56bfc062723c751e8b465ee728b)
Start importing Assets/_game_/World/Forest/Tiles/Standard/DesertTilemap16x16_69.asset using Guid(3f2b9699657c94963885550480f1f3ed) Importer(815301076,1909f56bfc062723c751e8b465ee728b) (PreviewImporter) -> (artifact id: '4cd703e2360fa33fecb3562bceec1d96') in 0.002808167 seconds
Number of updated asset objects reloaded before import = 0Number of asset objects unloaded after import = 3

========================================================================
Received Import Request.
  Time since last request: 0.000031 seconds.
  path: Assets/_game_/World/Forest/Tiles/Standard/DesertTilemap16x16_75.asset
  artifactKey: Guid(815b837a24e524752890523f8d197163) Importer(815301076,1909f56bfc062723c751e8b465ee728b)
Start importing Assets/_game_/World/Forest/Tiles/Standard/DesertTilemap16x16_75.asset using Guid(815b837a24e524752890523f8d197163) Importer(815301076,1909f56bfc062723c751e8b465ee728b) (PreviewImporter) -> (artifact id: '3697143bc8655fe88218bbd6a1c238bd') in 0.002543042 seconds
Number of updated asset objects reloaded before import = 0Number of asset objects unloaded after import = 3

========================================================================
Received Import Request.
  Time since last request: 0.035593 seconds.
  path: Assets/_game_/World/Forest/Tiles/Standard/DesertTilemap16x16_78.asset
  artifactKey: Guid(3b59c5123170342d98355ba95b67ed8c) Importer(815301076,1909f56bfc062723c751e8b465ee728b)
Start importing Assets/_game_/World/Forest/Tiles/Standard/DesertTilemap16x16_78.asset using Guid(3b59c5123170342d98355ba95b67ed8c) Importer(815301076,1909f56bfc062723c751e8b465ee728b) (PreviewImporter) -> (artifact id: 'c0a5191147040d12b102fba07464eb60') in 0.002514875 seconds
Number of updated asset objects reloaded before import = 0Number of asset objects unloaded after import = 3

========================================================================
Received Import Request.
  Time since last request: 0.000033 seconds.
  path: Assets/_game_/World/Forest/Tiles/Standard/DesertTilemap16x16_87.asset
  artifactKey: Guid(62555278404444977833d8989d01326b) Importer(815301076,1909f56bfc062723c751e8b465ee728b)
Start importing Assets/_game_/World/Forest/Tiles/Standard/DesertTilemap16x16_87.asset using Guid(62555278404444977833d8989d01326b) Importer(815301076,1909f56bfc062723c751e8b465ee728b) (PreviewImporter) -> (artifact id: 'd0b3b357c7e23a96db047984324cc18e') in 0.005213833 seconds
Number of updated asset objects reloaded before import = 0Number of asset objects unloaded after import = 3

========================================================================
Received Import Request.
  Time since last request: 0.000030 seconds.
  path: Assets/_game_/World/Forest/Tiles/Standard/DesertTilemap16x16_80.asset
  artifactKey: Guid(a3c64a72bacdf4e34984f8a62549df45) Importer(815301076,1909f56bfc062723c751e8b465ee728b)
Start importing Assets/_game_/World/Forest/Tiles/Standard/DesertTilemap16x16_80.asset using Guid(a3c64a72bacdf4e34984f8a62549df45) Importer(815301076,1909f56bfc062723c751e8b465ee728b) (PreviewImporter) -> (artifact id: 'a082ef13623e52f890fb1c38f25fa76b') in 0.001991791 seconds
Number of updated asset objects reloaded before import = 0Number of asset objects unloaded after import = 3

========================================================================
Received Import Request.
  Time since last request: 0.000216 seconds.
  path: Assets/_game_/World/Forest/Tiles/Standard/DesertTilemap16x16_82.asset
  artifactKey: Guid(fdabb33a8eb48405c97e53a1e23471d5) Importer(815301076,1909f56bfc062723c751e8b465ee728b)
Start importing Assets/_game_/World/Forest/Tiles/Standard/DesertTilemap16x16_82.asset using Guid(fdabb33a8eb48405c97e53a1e23471d5) Importer(815301076,1909f56bfc062723c751e8b465ee728b) (PreviewImporter) -> (artifact id: '8c63343f9bfcd89bd94b44fe3fa655a6') in 0.002154625 seconds
Number of updated asset objects reloaded before import = 0Number of asset objects unloaded after import = 3

========================================================================
Received Import Request.
  Time since last request: 0.000035 seconds.
  path: Assets/_game_/World/Forest/Tiles/Standard/DesertTilemap16x16_88.asset
  artifactKey: Guid(968dcfb744f604eada28bc5a22696fcb) Importer(815301076,1909f56bfc062723c751e8b465ee728b)
Start importing Assets/_game_/World/Forest/Tiles/Standard/DesertTilemap16x16_88.asset using Guid(968dcfb744f604eada28bc5a22696fcb) Importer(815301076,1909f56bfc062723c751e8b465ee728b) (PreviewImporter) -> (artifact id: '298b7196062ec100c0af5e4e233a9f6d') in 0.002374333 seconds
Number of updated asset objects reloaded before import = 0Number of asset objects unloaded after import = 3

========================================================================
Received Import Request.
  Time since last request: 0.000095 seconds.
  path: Assets/_game_/World/Forest/Tiles/Standard/DesertTilemap16x16_83.asset
  artifactKey: Guid(b733f4f27b9fc4672af54cc04d76555f) Importer(815301076,1909f56bfc062723c751e8b465ee728b)
Start importing Assets/_game_/World/Forest/Tiles/Standard/DesertTilemap16x16_83.asset using Guid(b733f4f27b9fc4672af54cc04d76555f) Importer(815301076,1909f56bfc062723c751e8b465ee728b) (PreviewImporter) -> (artifact id: '23d2c2154155846e1ff780b3cc14f019') in 0.002649584 seconds
Number of updated asset objects reloaded before import = 0Number of asset objects unloaded after import = 3

========================================================================
Received Import Request.
  Time since last request: 0.031039 seconds.
  path: Assets/_game_/World/Forest/Tiles/Standard/DesertTilemap16x16_89.asset
  artifactKey: Guid(9b111fb065e304316a252a97a5ab1f68) Importer(815301076,1909f56bfc062723c751e8b465ee728b)
Start importing Assets/_game_/World/Forest/Tiles/Standard/DesertTilemap16x16_89.asset using Guid(9b111fb065e304316a252a97a5ab1f68) Importer(815301076,1909f56bfc062723c751e8b465ee728b) (PreviewImporter) -> (artifact id: '292ad1475051a52819d5bb0f6b8036e5') in 0.00272375 seconds
Number of updated asset objects reloaded before import = 0Number of asset objects unloaded after import = 3

========================================================================
Received Import Request.
  Time since last request: 0.000093 seconds.
  path: Assets/_game_/World/Forest/Tiles/Standard/DesertTilemap16x16_91.asset
  artifactKey: Guid(f4a6a3ee3c1564583b544b6d7c0d6990) Importer(815301076,1909f56bfc062723c751e8b465ee728b)
Start importing Assets/_game_/World/Forest/Tiles/Standard/DesertTilemap16x16_91.asset using Guid(f4a6a3ee3c1564583b544b6d7c0d6990) Importer(815301076,1909f56bfc062723c751e8b465ee728b) (PreviewImporter) -> (artifact id: 'b1e13774a2957ed66b7a4cf3d5790bad') in 0.002490959 seconds
Number of updated asset objects reloaded before import = 0Number of asset objects unloaded after import = 3

========================================================================
Received Import Request.
  Time since last request: 0.000029 seconds.
  path: Assets/_game_/World/Forest/Tiles/Standard/DesertTilemap16x16_94.asset
  artifactKey: Guid(bb03a7d868e894970ab27f461023e591) Importer(815301076,1909f56bfc062723c751e8b465ee728b)
Start importing Assets/_game_/World/Forest/Tiles/Standard/DesertTilemap16x16_94.asset using Guid(bb03a7d868e894970ab27f461023e591) Importer(815301076,1909f56bfc062723c751e8b465ee728b) (PreviewImporter) -> (artifact id: 'e3601d13940a9c35aa8a74c05e3c572e') in 0.002445583 seconds
Number of updated asset objects reloaded before import = 0Number of asset objects unloaded after import = 3

========================================================================
Received Import Request.
  Time since last request: 0.000158 seconds.
  path: Assets/_game_/World/Forest/Tiles/Standard/DesertTilemap16x16_93.asset
  artifactKey: Guid(63ee69806c8ba47b9bf98097457f777c) Importer(815301076,1909f56bfc062723c751e8b465ee728b)
Start importing Assets/_game_/World/Forest/Tiles/Standard/DesertTilemap16x16_93.asset using Guid(63ee69806c8ba47b9bf98097457f777c) Importer(815301076,1909f56bfc062723c751e8b465ee728b) (PreviewImporter) -> (artifact id: '7d4f67009b22fdf99ff6c94ac11fd551') in 0.002588042 seconds
Number of updated asset objects reloaded before import = 0Number of asset objects unloaded after import = 3

========================================================================
Received Import Request.
  Time since last request: 0.000025 seconds.
  path: Assets/_game_/World/Forest/Tiles/Standard/DesertTilemap16x16_99.asset
  artifactKey: Guid(9358a2198dcba4515bbfffea669b4fcf) Importer(815301076,1909f56bfc062723c751e8b465ee728b)
Start importing Assets/_game_/World/Forest/Tiles/Standard/DesertTilemap16x16_99.asset using Guid(9358a2198dcba4515bbfffea669b4fcf) Importer(815301076,1909f56bfc062723c751e8b465ee728b) (PreviewImporter) -> (artifact id: '0d028ff4e18efe47ab1940dc2c46f508') in 0.002933041 seconds
Number of updated asset objects reloaded before import = 0Number of asset objects unloaded after import = 3

========================================================================
Received Import Request.
  Time since last request: 0.000103 seconds.
  path: Assets/_game_/World/Forest/Tiles/Standard/DesertTilemap16x16_98.asset
  artifactKey: Guid(8aa2b1543507d4a5faee21d3f635c8a3) Importer(815301076,1909f56bfc062723c751e8b465ee728b)
Start importing Assets/_game_/World/Forest/Tiles/Standard/DesertTilemap16x16_98.asset using Guid(8aa2b1543507d4a5faee21d3f635c8a3) Importer(815301076,1909f56bfc062723c751e8b465ee728b) (PreviewImporter) -> (artifact id: '47f350e50331655fd86ab3fa6a31ffe5') in 0.003032833 seconds
Number of updated asset objects reloaded before import = 0Number of asset objects unloaded after import = 3

========================================================================
Received Import Request.
  Time since last request: 0.063910 seconds.
  path: Assets/_game_/World/Forest/Tiles/Standard/DesertTilemap16x16_100.asset
  artifactKey: Guid(b53658d74944549228d636a0e572c023) Importer(815301076,1909f56bfc062723c751e8b465ee728b)
Start importing Assets/_game_/World/Forest/Tiles/Standard/DesertTilemap16x16_100.asset using Guid(b53658d74944549228d636a0e572c023) Importer(815301076,1909f56bfc062723c751e8b465ee728b) (PreviewImporter) -> (artifact id: '4a57a3a837130367224dced203f85fbe') in 0.002543041 seconds
Number of updated asset objects reloaded before import = 0Number of asset objects unloaded after import = 3

========================================================================
Received Import Request.
  Time since last request: 0.000142 seconds.
  path: Assets/_game_/World/Forest/Tiles/Standard/DesertTilemap16x16_102.asset
  artifactKey: Guid(3c9e27c623f2d48d1bc58195a7d679a7) Importer(815301076,1909f56bfc062723c751e8b465ee728b)
Start importing Assets/_game_/World/Forest/Tiles/Standard/DesertTilemap16x16_102.asset using Guid(3c9e27c623f2d48d1bc58195a7d679a7) Importer(815301076,1909f56bfc062723c751e8b465ee728b) (PreviewImporter) -> (artifact id: '9d3e44df1db361e3944944e0e0c033af') in 0.002493541 seconds
Number of updated asset objects reloaded before import = 0Number of asset objects unloaded after import = 3

========================================================================
Received Import Request.
  Time since last request: 0.000032 seconds.
  path: Assets/_game_/World/Forest/Tiles/Standard/DesertTilemap16x16_108.asset
  artifactKey: Guid(35ec06ecabd0245479259ebb4ccba3d7) Importer(815301076,1909f56bfc062723c751e8b465ee728b)
Start importing Assets/_game_/World/Forest/Tiles/Standard/DesertTilemap16x16_108.asset using Guid(35ec06ecabd0245479259ebb4ccba3d7) Importer(815301076,1909f56bfc062723c751e8b465ee728b) (PreviewImporter) -> (artifact id: '1b2b8548a54e19fc6bc4aef4731ddd69') in 0.002284792 seconds
Number of updated asset objects reloaded before import = 0Number of asset objects unloaded after import = 3

========================================================================
Received Import Request.
  Time since last request: 0.000072 seconds.
  path: Assets/_game_/World/Forest/Tiles/Standard/DesertTilemap16x16_106.asset
  artifactKey: Guid(7ec2eddc59d594d20946308801abe090) Importer(815301076,1909f56bfc062723c751e8b465ee728b)
Start importing Assets/_game_/World/Forest/Tiles/Standard/DesertTilemap16x16_106.asset using Guid(7ec2eddc59d594d20946308801abe090) Importer(815301076,1909f56bfc062723c751e8b465ee728b) (PreviewImporter) -> (artifact id: '55c59521d44fb529ffa4fc600951680b') in 0.002448125 seconds
Number of updated asset objects reloaded before import = 0Number of asset objects unloaded after import = 3

========================================================================
Received Import Request.
  Time since last request: 0.000053 seconds.
  path: Assets/_game_/World/Forest/Tiles/Standard/DesertTilemap16x16_109.asset
  artifactKey: Guid(766e9c2907b654fbb82fede5709ffa67) Importer(815301076,1909f56bfc062723c751e8b465ee728b)
Start importing Assets/_game_/World/Forest/Tiles/Standard/DesertTilemap16x16_109.asset using Guid(766e9c2907b654fbb82fede5709ffa67) Importer(815301076,1909f56bfc062723c751e8b465ee728b) (PreviewImporter) -> (artifact id: '79de465867767b537ade0e63d1bc61f2') in 0.002299958 seconds
Number of updated asset objects reloaded before import = 0Number of asset objects unloaded after import = 3

========================================================================
Received Import Request.
  Time since last request: 0.000075 seconds.
  path: Assets/_game_/World/Forest/Tiles/Standard/DesertTilemap16x16_107.asset
  artifactKey: Guid(164f405eefd73407cbef024c1f6307d0) Importer(815301076,1909f56bfc062723c751e8b465ee728b)
Start importing Assets/_game_/World/Forest/Tiles/Standard/DesertTilemap16x16_107.asset using Guid(164f405eefd73407cbef024c1f6307d0) Importer(815301076,1909f56bfc062723c751e8b465ee728b) (PreviewImporter) -> (artifact id: 'bc0534d6dbf66628d6b257121febeb37') in 0.003005959 seconds
Number of updated asset objects reloaded before import = 0Number of asset objects unloaded after import = 3

========================================================================
Received Prepare
Begin MonoManager ReloadAssembly
Thread 0x17fd63000 may have been prematurely finalized
- Loaded All Assemblies, in  0.254 seconds
Refreshing native plugins compatible for Editor in 0.08 ms, found 0 plugins.
Native extension for OSXStandalone target not found
Native extension for WebGL target not found
Mono: successfully reloaded assembly
- Finished resetting the current domain, in  0.178 seconds
Domain Reload Profiling: 433ms
	BeginReloadAssembly (140ms)
		ExecutionOrderSort (0ms)
		DisableScriptedObjects (13ms)
		BackupInstance (0ms)
		ReleaseScriptingObjects (0ms)
		CreateAndSetChildDomain (56ms)
	RebuildCommonClasses (22ms)
	RebuildNativeTypeToScriptingClass (8ms)
	initialDomainReloadingComplete (15ms)
	LoadAllAssembliesAndSetupDomain (70ms)
		LoadAssemblies (99ms)
		RebuildTransferFunctionScriptingTraits (0ms)
		AnalyzeDomain (12ms)
			TypeCache.Refresh (7ms)
				TypeCache.ScanAssembly (1ms)
			BuildScriptInfoCaches (3ms)
			ResolveRequiredComponents (0ms)
	FinalizeReload (178ms)
		ReleaseScriptCaches (0ms)
		RebuildScriptCaches (0ms)
		SetupLoadedEditorAssemblies (130ms)
			LogAssemblyErrors (0ms)
			InitializePlatformSupportModulesInManaged (2ms)
			SetLoadedEditorAssemblies (2ms)
			BeforeProcessingInitializeOnLoad (51ms)
			ProcessInitializeOnLoadAttributes (64ms)
			ProcessInitializeOnLoadMethodAttributes (10ms)
			AfterProcessingInitializeOnLoad (0ms)
			EditorAssembliesLoaded (0ms)
		ExecutionOrderSort2 (0ms)
		AwakeInstancesAfterBackupRestoration (2ms)
Refreshing native plugins compatible for Editor in 0.03 ms, found 0 plugins.
Preloading 0 native plugins for Editor in 0.00 ms.
Unloading 0 Unused Serialized files (Serialized files now loaded: 0)
Unloading 62 unused Assets / (1.0 KB). Loaded Objects now: 592.
Memory consumption went from 81.0 MB to 81.0 MB.
Total: 2.748875 ms (FindLiveObjects: 0.023583 ms CreateObjectMapping: 0.003667 ms MarkObjects: 2.706458 ms  DeleteObjects: 0.015083 ms)

Prepare: number of updated asset objects reloaded= 1
AssetImportWorkerClient::OnTransportError - code=2 error=End of file
