Unity Editor version:    6000.0.36f1 (9fe3b5f71dbb)
Branch:                  6000.0/staging
Build type:              Release
Batch mode:              YES
macOS version:           Version 15.3.2 (Build 24D81)
Darwin version:          24.3.0
Architecture:            arm64
Running under Rosetta:   NO
Available memory:        16384 MB
Using pre-set license
Pro License: YES

COMMAND LINE ARGUMENTS:
/Applications/Unity/Hub/Editor/6000.0.36f1/Unity.app/Contents/MacOS/Unity
-adb2
-batchMode
-noUpm
-name
AssetImportWorker1
-projectPath
/Users/zachcollins/Documents/GitHub/GameDev3/Area 1 (grass land) copy 2
-logFile
Logs/AssetImportWorker1.log
-srvPort
51005
-job-worker-count
3
-background-job-worker-count
8
-gc-helper-count
1
Successfully changed project path to: /Users/zachcollins/Documents/GitHub/GameDev3/Area 1 (grass land) copy 2
/Users/zachcollins/Documents/GitHub/GameDev3/Area 1 (grass land) copy 2
[UnityMemory] Configuration Parameters - Can be set up in boot.config
    "memorysetup-bucket-allocator-granularity=16"
    "memorysetup-bucket-allocator-bucket-count=8"
    "memorysetup-bucket-allocator-block-size=33554432"
    "memorysetup-bucket-allocator-block-count=8"
    "memorysetup-main-allocator-block-size=16777216"
    "memorysetup-thread-allocator-block-size=16777216"
    "memorysetup-gfx-main-allocator-block-size=16777216"
    "memorysetup-gfx-thread-allocator-block-size=16777216"
    "memorysetup-cache-allocator-block-size=4194304"
    "memorysetup-typetree-allocator-block-size=2097152"
    "memorysetup-profiler-bucket-allocator-granularity=16"
    "memorysetup-profiler-bucket-allocator-bucket-count=8"
    "memorysetup-profiler-bucket-allocator-block-size=33554432"
    "memorysetup-profiler-bucket-allocator-block-count=8"
    "memorysetup-profiler-allocator-block-size=16777216"
    "memorysetup-profiler-editor-allocator-block-size=1048576"
    "memorysetup-temp-allocator-size-main=16777216"
    "memorysetup-job-temp-allocator-block-size=2097152"
    "memorysetup-job-temp-allocator-block-size-background=1048576"
    "memorysetup-job-temp-allocator-reduction-small-platforms=262144"
    "memorysetup-allocator-temp-initial-block-size-main=262144"
    "memorysetup-allocator-temp-initial-block-size-worker=262144"
    "memorysetup-temp-allocator-size-background-worker=32768"
    "memorysetup-temp-allocator-size-job-worker=262144"
    "memorysetup-temp-allocator-size-preload-manager=33554432"
    "memorysetup-temp-allocator-size-nav-mesh-worker=65536"
    "memorysetup-temp-allocator-size-audio-worker=65536"
    "memorysetup-temp-allocator-size-cloud-worker=32768"
    "memorysetup-temp-allocator-size-gi-baking-worker=262144"
    "memorysetup-temp-allocator-size-gi-baking-worker=262144"
    "memorysetup-temp-allocator-size-gi-baking-worker=262144"
    "memorysetup-temp-allocator-size-gi-baking-worker=262144"
    "memorysetup-temp-allocator-size-gi-baking-worker=262144"
    "memorysetup-temp-allocator-size-gfx=262144"
Player connection [8393066560]  Target information:

Player connection [8393066560]  * "[IP] 192.168.1.11 [Port] 0 [Flags] 2 [Guid] 2959256111 [EditorId] 2959256111 [Version] 1048832 [Id] OSXEditor(0,Zachs-Laptop-3.local) [Debug] 1 [PackageName] OSXEditor [ProjectName] Editor" 

Player connection [8393066560] Host joined multi-casting on [225.0.0.222:54997]...
Player connection [8393066560] Host joined alternative multi-casting on [225.0.0.222:34997]...
JobSystem: Creating JobQueue using job-worker-count value 3
Input System module state changed to: Initialized.
[Physics::Module] Initialized fallback backend.
[Physics::Module] Id: 0xdecafbad
Library Redirect Path: Library/
[Physics::Module] Selected backend.
[Physics::Module] Name: PhysX
[Physics::Module] Id: 0xf2b8ea05
[Physics::Module] SDK Version: 4.1.2
[Physics::Module] Integration Version: 1.0.0
[Physics::Module] Threading Mode: Multi-Threaded
Refreshing native plugins compatible for Editor in 1.97 ms, found 3 plugins.
Preloading 0 native plugins for Editor in 0.00 ms.
Initialize engine version: 6000.0.36f1 (9fe3b5f71dbb)
[Subsystems] Discovering subsystems at path /Applications/Unity/Hub/Editor/6000.0.36f1/Unity.app/Contents/Resources/UnitySubsystems
[Subsystems] Discovering subsystems at path /Users/zachcollins/Documents/GitHub/GameDev3/Area 1 (grass land) copy 2/Assets
GfxDevice: creating device client; kGfxThreadingModeNonThreaded
 preferred device: Apple M3 (high power)
Metal devices available: 1
0: Apple M3 (high power)
Using device Apple M3 (high power)
Initializing Metal device caps: Apple M3
Initialize mono
Mono path[0] = '/Applications/Unity/Hub/Editor/6000.0.36f1/Unity.app/Contents/Managed'
Mono path[1] = '/Applications/Unity/Hub/Editor/6000.0.36f1/Unity.app/Contents/MonoBleedingEdge/lib/mono/unityjit-macos'
Mono config path = '/Applications/Unity/Hub/Editor/6000.0.36f1/Unity.app/Contents/MonoBleedingEdge/etc'
Using monoOptions --debugger-agent=transport=dt_socket,embedding=1,server=y,suspend=n,address=127.0.0.1:56269
Begin MonoManager ReloadAssembly
Registering precompiled unity dll's ...
Register platform support module: /Applications/Unity/Hub/Editor/6000.0.36f1/PlaybackEngines/WebGLSupport/UnityEditor.WebGL.Extensions.dll
Register platform support module: /Applications/Unity/Hub/Editor/6000.0.36f1/Unity.app/Contents/PlaybackEngines/MacStandaloneSupport/UnityEditor.OSXStandalone.Extensions.dll
Registered in 0.003441 seconds.
- Loaded All Assemblies, in  0.263 seconds
Native extension for OSXStandalone target not found
Native extension for WebGL target not found
Mono: successfully reloaded assembly
- Finished resetting the current domain, in  0.210 seconds
Domain Reload Profiling: 473ms
	BeginReloadAssembly (100ms)
		ExecutionOrderSort (0ms)
		DisableScriptedObjects (0ms)
		BackupInstance (0ms)
		ReleaseScriptingObjects (0ms)
		CreateAndSetChildDomain (0ms)
	RebuildCommonClasses (22ms)
	RebuildNativeTypeToScriptingClass (9ms)
	initialDomainReloadingComplete (27ms)
	LoadAllAssembliesAndSetupDomain (105ms)
		LoadAssemblies (100ms)
		RebuildTransferFunctionScriptingTraits (0ms)
		AnalyzeDomain (103ms)
			TypeCache.Refresh (102ms)
				TypeCache.ScanAssembly (94ms)
			BuildScriptInfoCaches (0ms)
			ResolveRequiredComponents (0ms)
	FinalizeReload (210ms)
		ReleaseScriptCaches (0ms)
		RebuildScriptCaches (0ms)
		SetupLoadedEditorAssemblies (183ms)
			LogAssemblyErrors (0ms)
			InitializePlatformSupportModulesInManaged (22ms)
			SetLoadedEditorAssemblies (2ms)
			BeforeProcessingInitializeOnLoad (33ms)
			ProcessInitializeOnLoadAttributes (81ms)
			ProcessInitializeOnLoadMethodAttributes (44ms)
			AfterProcessingInitializeOnLoad (0ms)
			EditorAssembliesLoaded (0ms)
		ExecutionOrderSort2 (0ms)
		AwakeInstancesAfterBackupRestoration (0ms)
========================================================================
Worker process is ready to serve import requests
Import Worker Mode flag is 0x00
Begin MonoManager ReloadAssembly
- Loaded All Assemblies, in  0.463 seconds
Refreshing native plugins compatible for Editor in 0.34 ms, found 3 plugins.
Native extension for OSXStandalone target not found
Native extension for WebGL target not found
Mono: successfully reloaded assembly
- Finished resetting the current domain, in  0.405 seconds
Domain Reload Profiling: 868ms
	BeginReloadAssembly (76ms)
		ExecutionOrderSort (0ms)
		DisableScriptedObjects (3ms)
		BackupInstance (0ms)
		ReleaseScriptingObjects (0ms)
		CreateAndSetChildDomain (23ms)
	RebuildCommonClasses (24ms)
	RebuildNativeTypeToScriptingClass (8ms)
	initialDomainReloadingComplete (19ms)
	LoadAllAssembliesAndSetupDomain (334ms)
		LoadAssemblies (230ms)
		RebuildTransferFunctionScriptingTraits (0ms)
		AnalyzeDomain (136ms)
			TypeCache.Refresh (109ms)
				TypeCache.ScanAssembly (97ms)
			BuildScriptInfoCaches (22ms)
			ResolveRequiredComponents (3ms)
	FinalizeReload (405ms)
		ReleaseScriptCaches (0ms)
		RebuildScriptCaches (0ms)
		SetupLoadedEditorAssemblies (345ms)
			LogAssemblyErrors (0ms)
			InitializePlatformSupportModulesInManaged (2ms)
			SetLoadedEditorAssemblies (3ms)
			BeforeProcessingInitializeOnLoad (66ms)
			ProcessInitializeOnLoadAttributes (249ms)
			ProcessInitializeOnLoadMethodAttributes (24ms)
			AfterProcessingInitializeOnLoad (1ms)
			EditorAssembliesLoaded (0ms)
		ExecutionOrderSort2 (0ms)
		AwakeInstancesAfterBackupRestoration (2ms)
Launching external process: /Applications/Unity/Hub/Editor/6000.0.36f1/Unity.app/Contents/Tools/UnityShaderCompiler
Launched and connected shader compiler UnityShaderCompiler after 0.03 seconds
Refreshing native plugins compatible for Editor in 0.55 ms, found 3 plugins.
Preloading 0 native plugins for Editor in 0.00 ms.
Unloading 14 Unused Serialized files (Serialized files now loaded: 0)
Unloading 4746 unused Assets / (1.0 MB). Loaded Objects now: 5218.
Memory consumption went from 104.8 MB to 103.8 MB.
Total: 5.377000 ms (FindLiveObjects: 0.396334 ms CreateObjectMapping: 0.130167 ms MarkObjects: 3.550792 ms  DeleteObjects: 1.299459 ms)

========================================================================
Received Import Request.
  Time since last request: 8670.148043 seconds.
  path: Assets/New Tile Palette.prefab
  artifactKey: Guid(ff8bb735f743d47b28c8a9cc7e4905dc) Importer(815301076,1909f56bfc062723c751e8b465ee728b)
Start importing Assets/New Tile Palette.prefab using Guid(ff8bb735f743d47b28c8a9cc7e4905dc) Importer(815301076,1909f56bfc062723c751e8b465ee728b) (PreviewImporter) -> (artifact id: '75c71517b41bc16fec0337b790ac7ec9') in 0.246071917 seconds
Number of updated asset objects reloaded before import = 0Number of asset objects unloaded after import = 1235

========================================================================
Received Import Request.
  Time since last request: 0.000199 seconds.
  path: Assets/topDown_baseTiles_7.asset
  artifactKey: Guid(339d478e90ec041eeb00b08dd96efa39) Importer(815301076,1909f56bfc062723c751e8b465ee728b)
Start importing Assets/topDown_baseTiles_7.asset using Guid(339d478e90ec041eeb00b08dd96efa39) Importer(815301076,1909f56bfc062723c751e8b465ee728b) (PreviewImporter) -> (artifact id: '654563a8789bd20a9c169a181500961c') in 0.00988625 seconds
Number of updated asset objects reloaded before import = 0Number of asset objects unloaded after import = 3

========================================================================
Received Import Request.
  Time since last request: 0.000042 seconds.
  path: Assets/topDown_baseTiles_8.asset
  artifactKey: Guid(3000fcd688ec544cdb7897c5f2bac2a9) Importer(815301076,1909f56bfc062723c751e8b465ee728b)
Start importing Assets/topDown_baseTiles_8.asset using Guid(3000fcd688ec544cdb7897c5f2bac2a9) Importer(815301076,1909f56bfc062723c751e8b465ee728b) (PreviewImporter) -> (artifact id: '304ed9b7e56d26b22f05f85d18f07625') in 0.002926375 seconds
Number of updated asset objects reloaded before import = 0Number of asset objects unloaded after import = 3

========================================================================
Received Import Request.
  Time since last request: 16.070477 seconds.
  path: Assets/topDown_baseTiles_21.asset
  artifactKey: Guid(a4747d1f4d9994acfb25e8f3214902ca) Importer(815301076,1909f56bfc062723c751e8b465ee728b)
Start importing Assets/topDown_baseTiles_21.asset using Guid(a4747d1f4d9994acfb25e8f3214902ca) Importer(815301076,1909f56bfc062723c751e8b465ee728b) (PreviewImporter) -> (artifact id: 'b2a38a5f5068b93696484ada731b28c1') in 0.007424708 seconds
Number of updated asset objects reloaded before import = 0Number of asset objects unloaded after import = 3

========================================================================
Received Import Request.
  Time since last request: 0.000024 seconds.
  path: Assets/topDown_baseTiles_25.asset
  artifactKey: Guid(1af0ef6274242433a88e02b1e8ae9f4d) Importer(815301076,1909f56bfc062723c751e8b465ee728b)
Start importing Assets/topDown_baseTiles_25.asset using Guid(1af0ef6274242433a88e02b1e8ae9f4d) Importer(815301076,1909f56bfc062723c751e8b465ee728b) (PreviewImporter) -> (artifact id: '7d6e92e23196c1eb59d695920ae8868d') in 0.003076625 seconds
Number of updated asset objects reloaded before import = 0Number of asset objects unloaded after import = 3

========================================================================
Received Import Request.
  Time since last request: 0.000076 seconds.
  path: Assets/topDown_baseTiles_30.asset
  artifactKey: Guid(303f0afa68a1c4f359cea49f96b5d841) Importer(815301076,1909f56bfc062723c751e8b465ee728b)
Start importing Assets/topDown_baseTiles_30.asset using Guid(303f0afa68a1c4f359cea49f96b5d841) Importer(815301076,1909f56bfc062723c751e8b465ee728b) (PreviewImporter) -> (artifact id: '5b051bc7e3baf2621a60ab6876cce47b') in 0.003599083 seconds
Number of updated asset objects reloaded before import = 0Number of asset objects unloaded after import = 3

========================================================================
Received Import Request.
  Time since last request: 0.000051 seconds.
  path: Assets/topDown_baseTiles_27.asset
  artifactKey: Guid(95191644214c44fcb983dc5ac040aa63) Importer(815301076,1909f56bfc062723c751e8b465ee728b)
Start importing Assets/topDown_baseTiles_27.asset using Guid(95191644214c44fcb983dc5ac040aa63) Importer(815301076,1909f56bfc062723c751e8b465ee728b) (PreviewImporter) -> (artifact id: '77ac3094d415daae87ec424c9c7a505e') in 0.004084625 seconds
Number of updated asset objects reloaded before import = 0Number of asset objects unloaded after import = 3

========================================================================
Received Import Request.
  Time since last request: 0.000139 seconds.
  path: Assets/topDown_baseTiles_26.asset
  artifactKey: Guid(9e9cf3e2196b74f20a2cb0a88cd76ebd) Importer(815301076,1909f56bfc062723c751e8b465ee728b)
Start importing Assets/topDown_baseTiles_26.asset using Guid(9e9cf3e2196b74f20a2cb0a88cd76ebd) Importer(815301076,1909f56bfc062723c751e8b465ee728b) (PreviewImporter) -> (artifact id: 'bf607c54d02c348cf5cffc193a1301f2') in 0.003258458 seconds
Number of updated asset objects reloaded before import = 0Number of asset objects unloaded after import = 3

========================================================================
Received Import Request.
  Time since last request: 0.000029 seconds.
  path: Assets/topDown_baseTiles_24.asset
  artifactKey: Guid(f0813a4573e564f36a7291be59fd3b41) Importer(815301076,1909f56bfc062723c751e8b465ee728b)
Start importing Assets/topDown_baseTiles_24.asset using Guid(f0813a4573e564f36a7291be59fd3b41) Importer(815301076,1909f56bfc062723c751e8b465ee728b) (PreviewImporter) -> (artifact id: '4969f3800abc28df1dab946c8d00ec45') in 0.002535708 seconds
Number of updated asset objects reloaded before import = 0Number of asset objects unloaded after import = 3

========================================================================
Received Import Request.
  Time since last request: 0.118723 seconds.
  path: Assets/topDown_baseTiles_32.asset
  artifactKey: Guid(24e38d8ccce0a4ac6b41f0f34f87ee65) Importer(815301076,1909f56bfc062723c751e8b465ee728b)
Start importing Assets/topDown_baseTiles_32.asset using Guid(24e38d8ccce0a4ac6b41f0f34f87ee65) Importer(815301076,1909f56bfc062723c751e8b465ee728b) (PreviewImporter) -> (artifact id: '911d9329b94a50c40f28b00e84d39e7b') in 0.002249042 seconds
Number of updated asset objects reloaded before import = 0Number of asset objects unloaded after import = 3

========================================================================
Received Import Request.
  Time since last request: 0.000022 seconds.
  path: Assets/topDown_baseTiles_36.asset
  artifactKey: Guid(ae4f1b52b96e44a8093c926adb0d8f8c) Importer(815301076,1909f56bfc062723c751e8b465ee728b)
Start importing Assets/topDown_baseTiles_36.asset using Guid(ae4f1b52b96e44a8093c926adb0d8f8c) Importer(815301076,1909f56bfc062723c751e8b465ee728b) (PreviewImporter) -> (artifact id: '68d5b35e796733916921c135e319e3d1') in 0.003041709 seconds
Number of updated asset objects reloaded before import = 0Number of asset objects unloaded after import = 3

========================================================================
Received Import Request.
  Time since last request: 0.000189 seconds.
  path: Assets/topDown_baseTiles_41.asset
  artifactKey: Guid(2607e0c0e97d14cd4a1137cc0d0e4fb0) Importer(815301076,1909f56bfc062723c751e8b465ee728b)
Start importing Assets/topDown_baseTiles_41.asset using Guid(2607e0c0e97d14cd4a1137cc0d0e4fb0) Importer(815301076,1909f56bfc062723c751e8b465ee728b) (PreviewImporter) -> (artifact id: '89dbde8b380b68c349db2dd3c50a7e00') in 0.002791667 seconds
Number of updated asset objects reloaded before import = 0Number of asset objects unloaded after import = 3

========================================================================
Received Import Request.
  Time since last request: 0.000027 seconds.
  path: Assets/topDown_baseTiles_37.asset
  artifactKey: Guid(b7c646b6466e842d1a8970600950c7d8) Importer(815301076,1909f56bfc062723c751e8b465ee728b)
Start importing Assets/topDown_baseTiles_37.asset using Guid(b7c646b6466e842d1a8970600950c7d8) Importer(815301076,1909f56bfc062723c751e8b465ee728b) (PreviewImporter) -> (artifact id: 'ccfa173b7359b78f20192cb95e843012') in 0.003815417 seconds
Number of updated asset objects reloaded before import = 0Number of asset objects unloaded after import = 3

========================================================================
Received Import Request.
  Time since last request: 0.000040 seconds.
  path: Assets/topDown_baseTiles_35.asset
  artifactKey: Guid(b4ba0cdd424ad46dcb5a7a2d5e412792) Importer(815301076,1909f56bfc062723c751e8b465ee728b)
Start importing Assets/topDown_baseTiles_35.asset using Guid(b4ba0cdd424ad46dcb5a7a2d5e412792) Importer(815301076,1909f56bfc062723c751e8b465ee728b) (PreviewImporter) -> (artifact id: 'dddeddbea8e85b596a01b2f20c48f3e9') in 0.003345125 seconds
Number of updated asset objects reloaded before import = 0Number of asset objects unloaded after import = 3

========================================================================
Received Import Request.
  Time since last request: 0.000129 seconds.
  path: Assets/topDown_baseTiles_38.asset
  artifactKey: Guid(36cb6ba3e8d87409eaad1d4c6b09913a) Importer(815301076,1909f56bfc062723c751e8b465ee728b)
Start importing Assets/topDown_baseTiles_38.asset using Guid(36cb6ba3e8d87409eaad1d4c6b09913a) Importer(815301076,1909f56bfc062723c751e8b465ee728b) (PreviewImporter) -> (artifact id: '644b1435326c88f2b7aa4ba6955da8fc') in 0.00292675 seconds
Number of updated asset objects reloaded before import = 0Number of asset objects unloaded after import = 3

========================================================================
Received Import Request.
  Time since last request: 0.113961 seconds.
  path: Assets/topDown_baseTiles_43.asset
  artifactKey: Guid(f6f48d4ba21b54ff490148c8f90ad270) Importer(815301076,1909f56bfc062723c751e8b465ee728b)
Start importing Assets/topDown_baseTiles_43.asset using Guid(f6f48d4ba21b54ff490148c8f90ad270) Importer(815301076,1909f56bfc062723c751e8b465ee728b) (PreviewImporter) -> (artifact id: '440c540c7c900c37d5b44c8a3ab36fb4') in 0.0022655 seconds
Number of updated asset objects reloaded before import = 0Number of asset objects unloaded after import = 3

========================================================================
Received Import Request.
  Time since last request: 0.000035 seconds.
  path: Assets/topDown_baseTiles_50.asset
  artifactKey: Guid(5cef58f53052044b6a1331a4a2120f48) Importer(815301076,1909f56bfc062723c751e8b465ee728b)
Start importing Assets/topDown_baseTiles_50.asset using Guid(5cef58f53052044b6a1331a4a2120f48) Importer(815301076,1909f56bfc062723c751e8b465ee728b) (PreviewImporter) -> (artifact id: '18fe928150b6907ccb02c63993bcf28a') in 0.002958959 seconds
Number of updated asset objects reloaded before import = 0Number of asset objects unloaded after import = 3

========================================================================
Received Import Request.
  Time since last request: 0.000118 seconds.
  path: Assets/topDown_baseTiles_46.asset
  artifactKey: Guid(e680d8e2be8a14d378c020c6b852c0c1) Importer(815301076,1909f56bfc062723c751e8b465ee728b)
Start importing Assets/topDown_baseTiles_46.asset using Guid(e680d8e2be8a14d378c020c6b852c0c1) Importer(815301076,1909f56bfc062723c751e8b465ee728b) (PreviewImporter) -> (artifact id: '215bb3973867a2b2fa6b1c108ee3db12') in 0.00316525 seconds
Number of updated asset objects reloaded before import = 0Number of asset objects unloaded after import = 3

========================================================================
Received Import Request.
  Time since last request: 0.000089 seconds.
  path: Assets/topDown_baseTiles_45.asset
  artifactKey: Guid(0b2a73321aba74806acb5ec988014478) Importer(815301076,1909f56bfc062723c751e8b465ee728b)
Start importing Assets/topDown_baseTiles_45.asset using Guid(0b2a73321aba74806acb5ec988014478) Importer(815301076,1909f56bfc062723c751e8b465ee728b) (PreviewImporter) -> (artifact id: 'c005797135bc03ad866fc777d5cec772') in 0.003071084 seconds
Number of updated asset objects reloaded before import = 0Number of asset objects unloaded after import = 3

========================================================================
Received Import Request.
  Time since last request: 0.000057 seconds.
  path: Assets/topDown_baseTiles_44.asset
  artifactKey: Guid(26e970605a6ee4be585a16b4f496942a) Importer(815301076,1909f56bfc062723c751e8b465ee728b)
Start importing Assets/topDown_baseTiles_44.asset using Guid(26e970605a6ee4be585a16b4f496942a) Importer(815301076,1909f56bfc062723c751e8b465ee728b) (PreviewImporter) -> (artifact id: '9c5402c40dc92457492a189d4b327351') in 0.002853792 seconds
Number of updated asset objects reloaded before import = 0Number of asset objects unloaded after import = 3

========================================================================
Received Import Request.
  Time since last request: 0.000029 seconds.
  path: Assets/topDown_baseTiles_51.asset
  artifactKey: Guid(89faa1a0305cd4d5793f2460ee3ed260) Importer(815301076,1909f56bfc062723c751e8b465ee728b)
Start importing Assets/topDown_baseTiles_51.asset using Guid(89faa1a0305cd4d5793f2460ee3ed260) Importer(815301076,1909f56bfc062723c751e8b465ee728b) (PreviewImporter) -> (artifact id: 'f4f0c4d30e3d6f0c89085a124b253782') in 0.002932958 seconds
Number of updated asset objects reloaded before import = 0Number of asset objects unloaded after import = 3

========================================================================
Received Import Request.
  Time since last request: 0.247710 seconds.
  path: Assets/topDown_baseTiles_54.asset
  artifactKey: Guid(38634508fdef340dd98f9c4ad13ef076) Importer(815301076,1909f56bfc062723c751e8b465ee728b)
Start importing Assets/topDown_baseTiles_54.asset using Guid(38634508fdef340dd98f9c4ad13ef076) Importer(815301076,1909f56bfc062723c751e8b465ee728b) (PreviewImporter) -> (artifact id: 'f897ccb0232858e178baba050de4cd9c') in 0.0021365 seconds
Number of updated asset objects reloaded before import = 0Number of asset objects unloaded after import = 3

========================================================================
Received Import Request.
  Time since last request: 0.000031 seconds.
  path: Assets/topDown_baseTiles_60.asset
  artifactKey: Guid(7038127d3ec3641a599a53119b01d3f7) Importer(815301076,1909f56bfc062723c751e8b465ee728b)
Start importing Assets/topDown_baseTiles_60.asset using Guid(7038127d3ec3641a599a53119b01d3f7) Importer(815301076,1909f56bfc062723c751e8b465ee728b) (PreviewImporter) -> (artifact id: 'a1e48e6fbb4e24aac33b246c77703209') in 0.0028005 seconds
Number of updated asset objects reloaded before import = 0Number of asset objects unloaded after import = 3

========================================================================
Received Import Request.
  Time since last request: 0.000039 seconds.
  path: Assets/topDown_baseTiles_56.asset
  artifactKey: Guid(2515070e8323f47b8b8c10e8b028e624) Importer(815301076,1909f56bfc062723c751e8b465ee728b)
Start importing Assets/topDown_baseTiles_56.asset using Guid(2515070e8323f47b8b8c10e8b028e624) Importer(815301076,1909f56bfc062723c751e8b465ee728b) (PreviewImporter) -> (artifact id: '720b154d3d4b1bbde17952fc56477116') in 0.003895542 seconds
Number of updated asset objects reloaded before import = 0Number of asset objects unloaded after import = 3

========================================================================
Received Import Request.
  Time since last request: 0.000024 seconds.
  path: Assets/topDown_baseTiles_58.asset
  artifactKey: Guid(051d6b98e6e374750b930c18c317c6b7) Importer(815301076,1909f56bfc062723c751e8b465ee728b)
Start importing Assets/topDown_baseTiles_58.asset using Guid(051d6b98e6e374750b930c18c317c6b7) Importer(815301076,1909f56bfc062723c751e8b465ee728b) (PreviewImporter) -> (artifact id: '6f27c96c1f1afd6d6c6112f3abc6fc6d') in 0.002732 seconds
Number of updated asset objects reloaded before import = 0Number of asset objects unloaded after import = 3

========================================================================
Received Import Request.
  Time since last request: 0.000094 seconds.
  path: Assets/topDown_baseTiles_57.asset
  artifactKey: Guid(1e8921f7aa8604cada7997893d1013fa) Importer(815301076,1909f56bfc062723c751e8b465ee728b)
Start importing Assets/topDown_baseTiles_57.asset using Guid(1e8921f7aa8604cada7997893d1013fa) Importer(815301076,1909f56bfc062723c751e8b465ee728b) (PreviewImporter) -> (artifact id: '6973086709995214e37b64e0c36053e6') in 0.002813 seconds
Number of updated asset objects reloaded before import = 0Number of asset objects unloaded after import = 3

========================================================================
Received Import Request.
  Time since last request: 0.018381 seconds.
  path: Assets/topDown_baseTiles_65.asset
  artifactKey: Guid(05da65b1b5e4d42899a44dc3b9534827) Importer(815301076,1909f56bfc062723c751e8b465ee728b)
Start importing Assets/topDown_baseTiles_65.asset using Guid(05da65b1b5e4d42899a44dc3b9534827) Importer(815301076,1909f56bfc062723c751e8b465ee728b) (PreviewImporter) -> (artifact id: 'b99b5d0990be297af463bf8decf67d69') in 0.002425041 seconds
Number of updated asset objects reloaded before import = 0Number of asset objects unloaded after import = 3

========================================================================
Received Import Request.
  Time since last request: 0.000070 seconds.
  path: Assets/topDown_baseTiles_66.asset
  artifactKey: Guid(cf3df02e4746f46be84b7c203063a615) Importer(815301076,1909f56bfc062723c751e8b465ee728b)
Start importing Assets/topDown_baseTiles_66.asset using Guid(cf3df02e4746f46be84b7c203063a615) Importer(815301076,1909f56bfc062723c751e8b465ee728b) (PreviewImporter) -> (artifact id: 'a4b31ac7389742464d1c5b5fcd0e0ed5') in 0.002988417 seconds
Number of updated asset objects reloaded before import = 0Number of asset objects unloaded after import = 3

========================================================================
Received Import Request.
  Time since last request: 0.000068 seconds.
  path: Assets/topDown_baseTiles_68.asset
  artifactKey: Guid(5bb5f3bd935df4a4bb223f9ec8288319) Importer(815301076,1909f56bfc062723c751e8b465ee728b)
Start importing Assets/topDown_baseTiles_68.asset using Guid(5bb5f3bd935df4a4bb223f9ec8288319) Importer(815301076,1909f56bfc062723c751e8b465ee728b) (PreviewImporter) -> (artifact id: 'db36db893cbe7fb7cb3ce3712e9f12aa') in 0.002815125 seconds
Number of updated asset objects reloaded before import = 0Number of asset objects unloaded after import = 3

========================================================================
Received Import Request.
  Time since last request: 0.000028 seconds.
  path: Assets/topDown_baseTiles_71.asset
  artifactKey: Guid(efa43cbc93eec488da57fbaac4085887) Importer(815301076,1909f56bfc062723c751e8b465ee728b)
Start importing Assets/topDown_baseTiles_71.asset using Guid(efa43cbc93eec488da57fbaac4085887) Importer(815301076,1909f56bfc062723c751e8b465ee728b) (PreviewImporter) -> (artifact id: 'ec6d5f3834d0b2525a2e1807321dbc48') in 0.002613667 seconds
Number of updated asset objects reloaded before import = 0Number of asset objects unloaded after import = 3

========================================================================
Received Import Request.
  Time since last request: 0.000165 seconds.
  path: Assets/topDown_baseTiles_74.asset
  artifactKey: Guid(d95b7ddd5909f423ea425ff4e4f6ae43) Importer(815301076,1909f56bfc062723c751e8b465ee728b)
Start importing Assets/topDown_baseTiles_74.asset using Guid(d95b7ddd5909f423ea425ff4e4f6ae43) Importer(815301076,1909f56bfc062723c751e8b465ee728b) (PreviewImporter) -> (artifact id: '5a6c4d6f9ffac7e6f72bb3197a70ea02') in 0.002719208 seconds
Number of updated asset objects reloaded before import = 0Number of asset objects unloaded after import = 3

========================================================================
Received Import Request.
  Time since last request: 0.000046 seconds.
  path: Assets/topDown_baseTiles_70.asset
  artifactKey: Guid(35f115be6124d43788b15ee763b943f3) Importer(815301076,1909f56bfc062723c751e8b465ee728b)
Start importing Assets/topDown_baseTiles_70.asset using Guid(35f115be6124d43788b15ee763b943f3) Importer(815301076,1909f56bfc062723c751e8b465ee728b) (PreviewImporter) -> (artifact id: '4e86ec04bf9ee4090f87b1b79e67fcf7') in 0.002655917 seconds
Number of updated asset objects reloaded before import = 0Number of asset objects unloaded after import = 3

========================================================================
Received Import Request.
  Time since last request: 0.012844 seconds.
  path: Assets/topDown_baseTiles_76.asset
  artifactKey: Guid(16282ad265a694480b7a711ad9307396) Importer(815301076,1909f56bfc062723c751e8b465ee728b)
Start importing Assets/topDown_baseTiles_76.asset using Guid(16282ad265a694480b7a711ad9307396) Importer(815301076,1909f56bfc062723c751e8b465ee728b) (PreviewImporter) -> (artifact id: '3f6172c8e6fd43ccdb6253a8c482dc2d') in 0.00256725 seconds
Number of updated asset objects reloaded before import = 0Number of asset objects unloaded after import = 3

========================================================================
Received Import Request.
  Time since last request: 0.000025 seconds.
  path: Assets/topDown_baseTiles_82.asset
  artifactKey: Guid(8ce27da0429b942d7ba532d24340233f) Importer(815301076,1909f56bfc062723c751e8b465ee728b)
Start importing Assets/topDown_baseTiles_82.asset using Guid(8ce27da0429b942d7ba532d24340233f) Importer(815301076,1909f56bfc062723c751e8b465ee728b) (PreviewImporter) -> (artifact id: '23e94881c8528c2e5e59be2b8061b19b') in 0.002565583 seconds
Number of updated asset objects reloaded before import = 0Number of asset objects unloaded after import = 3

========================================================================
Received Import Request.
  Time since last request: 0.000028 seconds.
  path: Assets/topDown_baseTiles_77.asset
  artifactKey: Guid(86ddbf4d8834a4e3aa42952cde10819c) Importer(815301076,1909f56bfc062723c751e8b465ee728b)
Start importing Assets/topDown_baseTiles_77.asset using Guid(86ddbf4d8834a4e3aa42952cde10819c) Importer(815301076,1909f56bfc062723c751e8b465ee728b) (PreviewImporter) -> (artifact id: 'ca5eb3e0f632534450fe46bf5a0b350c') in 0.00279525 seconds
Number of updated asset objects reloaded before import = 0Number of asset objects unloaded after import = 3

========================================================================
Received Import Request.
  Time since last request: 0.000024 seconds.
  path: Assets/topDown_baseTiles_85.asset
  artifactKey: Guid(753cf75c9895940ca8a8ad88de9c3a54) Importer(815301076,1909f56bfc062723c751e8b465ee728b)
Start importing Assets/topDown_baseTiles_85.asset using Guid(753cf75c9895940ca8a8ad88de9c3a54) Importer(815301076,1909f56bfc062723c751e8b465ee728b) (PreviewImporter) -> (artifact id: '082f597b2e57d32fbf3cf8b5fd0cf325') in 0.00342475 seconds
Number of updated asset objects reloaded before import = 0Number of asset objects unloaded after import = 3

========================================================================
Received Import Request.
  Time since last request: 0.000031 seconds.
  path: Assets/topDown_baseTiles_79.asset
  artifactKey: Guid(25cde6ba1b6854d0ca0542510f46261b) Importer(815301076,1909f56bfc062723c751e8b465ee728b)
Start importing Assets/topDown_baseTiles_79.asset using Guid(25cde6ba1b6854d0ca0542510f46261b) Importer(815301076,1909f56bfc062723c751e8b465ee728b) (PreviewImporter) -> (artifact id: 'e40dfe5bdfef264f4516b759cb475c59') in 0.002901666 seconds
Number of updated asset objects reloaded before import = 0Number of asset objects unloaded after import = 3

========================================================================
Received Import Request.
  Time since last request: 0.006256 seconds.
  path: Assets/topDown_baseTiles_87.asset
  artifactKey: Guid(3c1395b5936ab4d45a620bf62e9375d3) Importer(815301076,1909f56bfc062723c751e8b465ee728b)
Start importing Assets/topDown_baseTiles_87.asset using Guid(3c1395b5936ab4d45a620bf62e9375d3) Importer(815301076,1909f56bfc062723c751e8b465ee728b) (PreviewImporter) -> (artifact id: '0fda866506dc65743c79404310e6c105') in 0.002704709 seconds
Number of updated asset objects reloaded before import = 0Number of asset objects unloaded after import = 3

========================================================================
Received Import Request.
  Time since last request: 0.000026 seconds.
  path: Assets/topDown_baseTiles_88.asset
  artifactKey: Guid(b9584fef6925f4672bdd592302f54671) Importer(815301076,1909f56bfc062723c751e8b465ee728b)
Start importing Assets/topDown_baseTiles_88.asset using Guid(b9584fef6925f4672bdd592302f54671) Importer(815301076,1909f56bfc062723c751e8b465ee728b) (PreviewImporter) -> (artifact id: 'd7cf2eb9b2aac1a744dddc60126fc1e0') in 0.002841709 seconds
Number of updated asset objects reloaded before import = 0Number of asset objects unloaded after import = 3

========================================================================
Received Import Request.
  Time since last request: 0.000024 seconds.
  path: Assets/topDown_baseTiles_96.asset
  artifactKey: Guid(c126d8e92806e4c8aab014d0c1460752) Importer(815301076,1909f56bfc062723c751e8b465ee728b)
Start importing Assets/topDown_baseTiles_96.asset using Guid(c126d8e92806e4c8aab014d0c1460752) Importer(815301076,1909f56bfc062723c751e8b465ee728b) (PreviewImporter) -> (artifact id: '1aa7fe11322f594b54a28f5865818003') in 0.002809166 seconds
Number of updated asset objects reloaded before import = 0Number of asset objects unloaded after import = 3

========================================================================
Received Import Request.
  Time since last request: 0.000030 seconds.
  path: Assets/topDown_baseTiles_94.asset
  artifactKey: Guid(3a76637aee6284d029f0919df8f9a4f4) Importer(815301076,1909f56bfc062723c751e8b465ee728b)
Start importing Assets/topDown_baseTiles_94.asset using Guid(3a76637aee6284d029f0919df8f9a4f4) Importer(815301076,1909f56bfc062723c751e8b465ee728b) (PreviewImporter) -> (artifact id: '2f48c8121e8dffd1803f0586381ae8d1') in 0.00288975 seconds
Number of updated asset objects reloaded before import = 0Number of asset objects unloaded after import = 3

========================================================================
Received Import Request.
  Time since last request: 0.000065 seconds.
  path: Assets/topDown_baseTiles_99.asset
  artifactKey: Guid(896d26a8bc06a43cf87995c40e087088) Importer(815301076,1909f56bfc062723c751e8b465ee728b)
Start importing Assets/topDown_baseTiles_99.asset using Guid(896d26a8bc06a43cf87995c40e087088) Importer(815301076,1909f56bfc062723c751e8b465ee728b) (PreviewImporter) -> (artifact id: 'a3c5d10614dc3f8a43bc165e2375850a') in 0.002532375 seconds
Number of updated asset objects reloaded before import = 0Number of asset objects unloaded after import = 3

========================================================================
Received Import Request.
  Time since last request: 0.000041 seconds.
  path: Assets/topDown_baseTiles_100.asset
  artifactKey: Guid(2420d435912c14ec193e1d36f80b98d8) Importer(815301076,1909f56bfc062723c751e8b465ee728b)
Start importing Assets/topDown_baseTiles_100.asset using Guid(2420d435912c14ec193e1d36f80b98d8) Importer(815301076,1909f56bfc062723c751e8b465ee728b) (PreviewImporter) -> (artifact id: '5da730d16b799c606f9650f84d85fa21') in 0.002960917 seconds
Number of updated asset objects reloaded before import = 0Number of asset objects unloaded after import = 3

========================================================================
Received Import Request.
  Time since last request: 0.000041 seconds.
  path: Assets/topDown_baseTiles_107.asset
  artifactKey: Guid(80fa5ace8f70a48bbb0c20ce3f02bc7d) Importer(815301076,1909f56bfc062723c751e8b465ee728b)
Start importing Assets/topDown_baseTiles_107.asset using Guid(80fa5ace8f70a48bbb0c20ce3f02bc7d) Importer(815301076,1909f56bfc062723c751e8b465ee728b) (PreviewImporter) -> (artifact id: '467c8bee127c0fc30181944b13efc003') in 0.0030175 seconds
Number of updated asset objects reloaded before import = 0Number of asset objects unloaded after import = 3

========================================================================
Received Import Request.
  Time since last request: 0.000036 seconds.
  path: Assets/topDown_baseTiles_106.asset
  artifactKey: Guid(726ccad6aeaff423fb91d7b92be4bd16) Importer(815301076,1909f56bfc062723c751e8b465ee728b)
Start importing Assets/topDown_baseTiles_106.asset using Guid(726ccad6aeaff423fb91d7b92be4bd16) Importer(815301076,1909f56bfc062723c751e8b465ee728b) (PreviewImporter) -> (artifact id: 'e769f4309d411b5dac33da2cf7ce1ab6') in 0.00419725 seconds
Number of updated asset objects reloaded before import = 0Number of asset objects unloaded after import = 3

========================================================================
Received Import Request.
  Time since last request: 0.000061 seconds.
  path: Assets/topDown_baseTiles_98.asset
  artifactKey: Guid(3e9144ce944624510898318a6b126398) Importer(815301076,1909f56bfc062723c751e8b465ee728b)
Start importing Assets/topDown_baseTiles_98.asset using Guid(3e9144ce944624510898318a6b126398) Importer(815301076,1909f56bfc062723c751e8b465ee728b) (PreviewImporter) -> (artifact id: 'ff7b28f06877507fab488f17d97d0b66') in 0.002637 seconds
Number of updated asset objects reloaded before import = 0Number of asset objects unloaded after import = 3

========================================================================
Received Import Request.
  Time since last request: 0.000047 seconds.
  path: Assets/topDown_baseTiles_89.asset
  artifactKey: Guid(7e2be510e31994f559389f9a50e1aa85) Importer(815301076,1909f56bfc062723c751e8b465ee728b)
Start importing Assets/topDown_baseTiles_89.asset using Guid(7e2be510e31994f559389f9a50e1aa85) Importer(815301076,1909f56bfc062723c751e8b465ee728b) (PreviewImporter) -> (artifact id: 'f78bae13124b637d13189844f5997c7f') in 0.002726208 seconds
Number of updated asset objects reloaded before import = 0Number of asset objects unloaded after import = 3

========================================================================
Received Import Request.
  Time since last request: 0.000040 seconds.
  path: Assets/topDown_baseTiles_109.asset
  artifactKey: Guid(7358be83389414f688c7e6c082e524c1) Importer(815301076,1909f56bfc062723c751e8b465ee728b)
Start importing Assets/topDown_baseTiles_109.asset using Guid(7358be83389414f688c7e6c082e524c1) Importer(815301076,1909f56bfc062723c751e8b465ee728b) (PreviewImporter) -> (artifact id: 'aaadfb0422f32f07ccb5828eaf64ee9a') in 0.002589458 seconds
Number of updated asset objects reloaded before import = 0Number of asset objects unloaded after import = 3

========================================================================
Received Import Request.
  Time since last request: 0.000030 seconds.
  path: Assets/topDown_baseTiles_114.asset
  artifactKey: Guid(04d15da5cb4c64a8e9b3a1e54f6768b7) Importer(815301076,1909f56bfc062723c751e8b465ee728b)
Start importing Assets/topDown_baseTiles_114.asset using Guid(04d15da5cb4c64a8e9b3a1e54f6768b7) Importer(815301076,1909f56bfc062723c751e8b465ee728b) (PreviewImporter) -> (artifact id: 'd538d956b3e4129c2db0041c91e22b6e') in 0.003139125 seconds
Number of updated asset objects reloaded before import = 0Number of asset objects unloaded after import = 3

========================================================================
Received Import Request.
  Time since last request: 0.000043 seconds.
  path: Assets/topDown_baseTiles_115.asset
  artifactKey: Guid(be3a4d2fdc7e84aed82a9ae99104059f) Importer(815301076,1909f56bfc062723c751e8b465ee728b)
Start importing Assets/topDown_baseTiles_115.asset using Guid(be3a4d2fdc7e84aed82a9ae99104059f) Importer(815301076,1909f56bfc062723c751e8b465ee728b) (PreviewImporter) -> (artifact id: '66ba18f3c3980e8d6d0e9078b94e2d2c') in 0.003980667 seconds
Number of updated asset objects reloaded before import = 0Number of asset objects unloaded after import = 3

========================================================================
Received Import Request.
  Time since last request: 0.000043 seconds.
  path: Assets/topDown_baseTiles_110.asset
  artifactKey: Guid(813aade1cc31a47aba4aa656362cfddb) Importer(815301076,1909f56bfc062723c751e8b465ee728b)
Start importing Assets/topDown_baseTiles_110.asset using Guid(813aade1cc31a47aba4aa656362cfddb) Importer(815301076,1909f56bfc062723c751e8b465ee728b) (PreviewImporter) -> (artifact id: '49929f84806e42a7b19a5979a9f5182d') in 0.003225125 seconds
Number of updated asset objects reloaded before import = 0Number of asset objects unloaded after import = 3

========================================================================
Received Import Request.
  Time since last request: 0.000080 seconds.
  path: Assets/topDown_baseTiles_111.asset
  artifactKey: Guid(420b5e5538f2049e6a2af2465bc3e6ba) Importer(815301076,1909f56bfc062723c751e8b465ee728b)
Start importing Assets/topDown_baseTiles_111.asset using Guid(420b5e5538f2049e6a2af2465bc3e6ba) Importer(815301076,1909f56bfc062723c751e8b465ee728b) (PreviewImporter) -> (artifact id: 'd9eb40060eab0e977343f1afbd5d8e2d') in 0.0033785 seconds
Number of updated asset objects reloaded before import = 0Number of asset objects unloaded after import = 3

========================================================================
Received Import Request.
  Time since last request: 0.000041 seconds.
  path: Assets/topDown_baseTiles_93.asset
  artifactKey: Guid(0a858da5cbed34f79b6692fb28fc3616) Importer(815301076,1909f56bfc062723c751e8b465ee728b)
Start importing Assets/topDown_baseTiles_93.asset using Guid(0a858da5cbed34f79b6692fb28fc3616) Importer(815301076,1909f56bfc062723c751e8b465ee728b) (PreviewImporter) -> (artifact id: '7790ada7a503151ab102d1dea84033de') in 0.002467791 seconds
Number of updated asset objects reloaded before import = 0Number of asset objects unloaded after import = 3

========================================================================
Received Import Request.
  Time since last request: 0.000026 seconds.
  path: Assets/topDown_baseTiles_119.asset
  artifactKey: Guid(27f8c9ce185f14e45b6bdc687dd83c7b) Importer(815301076,1909f56bfc062723c751e8b465ee728b)
Start importing Assets/topDown_baseTiles_119.asset using Guid(27f8c9ce185f14e45b6bdc687dd83c7b) Importer(815301076,1909f56bfc062723c751e8b465ee728b) (PreviewImporter) -> (artifact id: 'a48fa06f99c0a8f523c1ec688b5c3d82') in 0.002591958 seconds
Number of updated asset objects reloaded before import = 0Number of asset objects unloaded after import = 3

========================================================================
Received Import Request.
  Time since last request: 0.000093 seconds.
  path: Assets/topDown_baseTiles_124.asset
  artifactKey: Guid(ea2be67780f2b45ef91aeb2776590e1b) Importer(815301076,1909f56bfc062723c751e8b465ee728b)
Start importing Assets/topDown_baseTiles_124.asset using Guid(ea2be67780f2b45ef91aeb2776590e1b) Importer(815301076,1909f56bfc062723c751e8b465ee728b) (PreviewImporter) -> (artifact id: 'fabae0342910b4e0fb7f9dc68aaa75ae') in 0.003260584 seconds
Number of updated asset objects reloaded before import = 0Number of asset objects unloaded after import = 3

========================================================================
Received Import Request.
  Time since last request: 0.000029 seconds.
  path: Assets/topDown_baseTiles_120.asset
  artifactKey: Guid(e22ca343a56374dcda4a8751d90609c1) Importer(815301076,1909f56bfc062723c751e8b465ee728b)
Start importing Assets/topDown_baseTiles_120.asset using Guid(e22ca343a56374dcda4a8751d90609c1) Importer(815301076,1909f56bfc062723c751e8b465ee728b) (PreviewImporter) -> (artifact id: '00d1f629b66b374674bb1dea0f0dfddd') in 0.003293375 seconds
Number of updated asset objects reloaded before import = 0Number of asset objects unloaded after import = 3

========================================================================
Received Import Request.
  Time since last request: 0.000036 seconds.
  path: Assets/topDown_baseTiles_121.asset
  artifactKey: Guid(e42a89662c08e478285796a994f5c49e) Importer(815301076,1909f56bfc062723c751e8b465ee728b)
Start importing Assets/topDown_baseTiles_121.asset using Guid(e42a89662c08e478285796a994f5c49e) Importer(815301076,1909f56bfc062723c751e8b465ee728b) (PreviewImporter) -> (artifact id: 'a01fb9352cd3453a1f83ad50a0f98fda') in 0.003728375 seconds
Number of updated asset objects reloaded before import = 0Number of asset objects unloaded after import = 3

========================================================================
Received Import Request.
  Time since last request: 0.000045 seconds.
  path: Assets/topDown_baseTiles_125.asset
  artifactKey: Guid(0d07010c83ed140869d251616f159936) Importer(815301076,1909f56bfc062723c751e8b465ee728b)
Start importing Assets/topDown_baseTiles_125.asset using Guid(0d07010c83ed140869d251616f159936) Importer(815301076,1909f56bfc062723c751e8b465ee728b) (PreviewImporter) -> (artifact id: 'ed289cc014f7526bd5d48f5da4adbc3c') in 0.003015833 seconds
Number of updated asset objects reloaded before import = 0Number of asset objects unloaded after import = 3

========================================================================
Received Import Request.
  Time since last request: 0.000038 seconds.
  path: Assets/topDown_baseTiles_129.asset
  artifactKey: Guid(20e05be0083c54f499114a54a0f57bd7) Importer(815301076,1909f56bfc062723c751e8b465ee728b)
Start importing Assets/topDown_baseTiles_129.asset using Guid(20e05be0083c54f499114a54a0f57bd7) Importer(815301076,1909f56bfc062723c751e8b465ee728b) (PreviewImporter) -> (artifact id: 'a20386129198c844a927b352558da240') in 0.003721625 seconds
Number of updated asset objects reloaded before import = 0Number of asset objects unloaded after import = 3

========================================================================
Received Import Request.
  Time since last request: 0.012399 seconds.
  path: Assets/topDown_baseTiles_131.asset
  artifactKey: Guid(e1a7a3d52be624c80a28c198979b76f9) Importer(815301076,1909f56bfc062723c751e8b465ee728b)
Start importing Assets/topDown_baseTiles_131.asset using Guid(e1a7a3d52be624c80a28c198979b76f9) Importer(815301076,1909f56bfc062723c751e8b465ee728b) (PreviewImporter) -> (artifact id: 'd32def668f8b0e2c4fbad41d9a70e21e') in 0.0024795 seconds
Number of updated asset objects reloaded before import = 0Number of asset objects unloaded after import = 3

========================================================================
Received Import Request.
  Time since last request: 0.000053 seconds.
  path: Assets/topDown_baseTiles_135.asset
  artifactKey: Guid(71c3174aeac0041dcba475a53d8f60ec) Importer(815301076,1909f56bfc062723c751e8b465ee728b)
Start importing Assets/topDown_baseTiles_135.asset using Guid(71c3174aeac0041dcba475a53d8f60ec) Importer(815301076,1909f56bfc062723c751e8b465ee728b) (PreviewImporter) -> (artifact id: 'e344cec208d1b832cdb365e54aae37b7') in 0.003962125 seconds
Number of updated asset objects reloaded before import = 0Number of asset objects unloaded after import = 3

========================================================================
Received Import Request.
  Time since last request: 0.000025 seconds.
  path: Assets/topDown_baseTiles_138.asset
  artifactKey: Guid(b1c690864591c43ceb844eb3ee6e13e2) Importer(815301076,1909f56bfc062723c751e8b465ee728b)
Start importing Assets/topDown_baseTiles_138.asset using Guid(b1c690864591c43ceb844eb3ee6e13e2) Importer(815301076,1909f56bfc062723c751e8b465ee728b) (PreviewImporter) -> (artifact id: 'bcf558d7dfd9940c32d4cc9f7a254e85') in 0.0030675 seconds
Number of updated asset objects reloaded before import = 0Number of asset objects unloaded after import = 3

========================================================================
Received Import Request.
  Time since last request: 0.000024 seconds.
  path: Assets/topDown_baseTiles_132.asset
  artifactKey: Guid(35db6e50b8f184fab972002b390f374d) Importer(815301076,1909f56bfc062723c751e8b465ee728b)
Start importing Assets/topDown_baseTiles_132.asset using Guid(35db6e50b8f184fab972002b390f374d) Importer(815301076,1909f56bfc062723c751e8b465ee728b) (PreviewImporter) -> (artifact id: '06eb15596eb08637f4e7a765cd45af33') in 0.00238725 seconds
Number of updated asset objects reloaded before import = 0Number of asset objects unloaded after import = 3

========================================================================
Received Import Request.
  Time since last request: 0.000022 seconds.
  path: Assets/topDown_baseTiles_134.asset
  artifactKey: Guid(a5331f0641a694c08bb4bc3a816d2484) Importer(815301076,1909f56bfc062723c751e8b465ee728b)
Start importing Assets/topDown_baseTiles_134.asset using Guid(a5331f0641a694c08bb4bc3a816d2484) Importer(815301076,1909f56bfc062723c751e8b465ee728b) (PreviewImporter) -> (artifact id: 'f70b0d8fba989bbfbded3bd02fff495a') in 0.002337792 seconds
Number of updated asset objects reloaded before import = 0Number of asset objects unloaded after import = 3

========================================================================
Received Import Request.
  Time since last request: 0.000035 seconds.
  path: Assets/topDown_baseTiles_145.asset
  artifactKey: Guid(6bbe2dfcab7ce4de8bfe1586fb5243d9) Importer(815301076,1909f56bfc062723c751e8b465ee728b)
Start importing Assets/topDown_baseTiles_145.asset using Guid(6bbe2dfcab7ce4de8bfe1586fb5243d9) Importer(815301076,1909f56bfc062723c751e8b465ee728b) (PreviewImporter) -> (artifact id: '82c0d2044640425163cf603b4f83257d') in 0.003672625 seconds
Number of updated asset objects reloaded before import = 0Number of asset objects unloaded after import = 3

========================================================================
Received Import Request.
  Time since last request: 0.000066 seconds.
  path: Assets/topDown_baseTiles_146.asset
  artifactKey: Guid(6767ba6c279414ff3b16a47bdcd8b1b2) Importer(815301076,1909f56bfc062723c751e8b465ee728b)
Start importing Assets/topDown_baseTiles_146.asset using Guid(6767ba6c279414ff3b16a47bdcd8b1b2) Importer(815301076,1909f56bfc062723c751e8b465ee728b) (PreviewImporter) -> (artifact id: 'ba4b98361e56702caa3ea6a18ff933a0') in 0.002881875 seconds
Number of updated asset objects reloaded before import = 0Number of asset objects unloaded after import = 3

========================================================================
Received Import Request.
  Time since last request: 0.000103 seconds.
  path: Assets/topDown_baseTiles_143.asset
  artifactKey: Guid(f284ed7c9084240688c1306ee5888af7) Importer(815301076,1909f56bfc062723c751e8b465ee728b)
Start importing Assets/topDown_baseTiles_143.asset using Guid(f284ed7c9084240688c1306ee5888af7) Importer(815301076,1909f56bfc062723c751e8b465ee728b) (PreviewImporter) -> (artifact id: '32e436417187ad4f8d07ce8110c6b13f') in 0.003143334 seconds
Number of updated asset objects reloaded before import = 0Number of asset objects unloaded after import = 3

========================================================================
Received Import Request.
  Time since last request: 0.000102 seconds.
  path: Assets/topDown_baseTiles_153.asset
  artifactKey: Guid(cb013d467f7c54b2d8801c0f43588b83) Importer(815301076,1909f56bfc062723c751e8b465ee728b)
Start importing Assets/topDown_baseTiles_153.asset using Guid(cb013d467f7c54b2d8801c0f43588b83) Importer(815301076,1909f56bfc062723c751e8b465ee728b) (PreviewImporter) -> (artifact id: 'ffe19227c7e929abcf1022fa5f1d55cf') in 0.003055875 seconds
Number of updated asset objects reloaded before import = 0Number of asset objects unloaded after import = 3

========================================================================
Received Import Request.
  Time since last request: 0.000083 seconds.
  path: Assets/topDown_baseTiles_157.asset
  artifactKey: Guid(9091de51075304eee9cab220fb2868de) Importer(815301076,1909f56bfc062723c751e8b465ee728b)
Start importing Assets/topDown_baseTiles_157.asset using Guid(9091de51075304eee9cab220fb2868de) Importer(815301076,1909f56bfc062723c751e8b465ee728b) (PreviewImporter) -> (artifact id: 'd5af84eab2379a78da8d5489e75394c5') in 0.002856041 seconds
Number of updated asset objects reloaded before import = 0Number of asset objects unloaded after import = 3

========================================================================
Received Import Request.
  Time since last request: 0.000049 seconds.
  path: Assets/topDown_baseTiles_161.asset
  artifactKey: Guid(a2e05bb7ac25a421aa2fbea6d677ba9b) Importer(815301076,1909f56bfc062723c751e8b465ee728b)
Start importing Assets/topDown_baseTiles_161.asset using Guid(a2e05bb7ac25a421aa2fbea6d677ba9b) Importer(815301076,1909f56bfc062723c751e8b465ee728b) (PreviewImporter) -> (artifact id: '28e2a752b9529d51d5eb009656fd1740') in 0.003580459 seconds
Number of updated asset objects reloaded before import = 0Number of asset objects unloaded after import = 3

========================================================================
Received Import Request.
  Time since last request: 0.000028 seconds.
  path: Assets/topDown_baseTiles_159.asset
  artifactKey: Guid(9a3774bca1b094b6f93debdc43f2dd7a) Importer(815301076,1909f56bfc062723c751e8b465ee728b)
Start importing Assets/topDown_baseTiles_159.asset using Guid(9a3774bca1b094b6f93debdc43f2dd7a) Importer(815301076,1909f56bfc062723c751e8b465ee728b) (PreviewImporter) -> (artifact id: '128985ae2b126354dc5517c29ae499a5') in 0.002966125 seconds
Number of updated asset objects reloaded before import = 0Number of asset objects unloaded after import = 3

========================================================================
Received Import Request.
  Time since last request: 0.000028 seconds.
  path: Assets/topDown_baseTiles_160.asset
  artifactKey: Guid(82f55865a5a754ca3abef7292e1b0916) Importer(815301076,1909f56bfc062723c751e8b465ee728b)
Start importing Assets/topDown_baseTiles_160.asset using Guid(82f55865a5a754ca3abef7292e1b0916) Importer(815301076,1909f56bfc062723c751e8b465ee728b) (PreviewImporter) -> (artifact id: '91374624eb6beab327993223f90b10c9') in 0.002608167 seconds
Number of updated asset objects reloaded before import = 0Number of asset objects unloaded after import = 3

========================================================================
Received Import Request.
  Time since last request: 0.000090 seconds.
  path: Assets/topDown_baseTiles_149.asset
  artifactKey: Guid(2d7e5e73871ee4a3ba518cdcc2e890a3) Importer(815301076,1909f56bfc062723c751e8b465ee728b)
Start importing Assets/topDown_baseTiles_149.asset using Guid(2d7e5e73871ee4a3ba518cdcc2e890a3) Importer(815301076,1909f56bfc062723c751e8b465ee728b) (PreviewImporter) -> (artifact id: '4109622168555ba5e21031549095003f') in 0.003037125 seconds
Number of updated asset objects reloaded before import = 0Number of asset objects unloaded after import = 3

========================================================================
Received Import Request.
  Time since last request: 0.000062 seconds.
  path: Assets/topDown_baseTiles_158.asset
  artifactKey: Guid(e564b3c68ac944e3cbf6ba93222fdb4f) Importer(815301076,1909f56bfc062723c751e8b465ee728b)
Start importing Assets/topDown_baseTiles_158.asset using Guid(e564b3c68ac944e3cbf6ba93222fdb4f) Importer(815301076,1909f56bfc062723c751e8b465ee728b) (PreviewImporter) -> (artifact id: '47db2dd79eaf7e84a59eefe7f1790d58') in 0.002891708 seconds
Number of updated asset objects reloaded before import = 0Number of asset objects unloaded after import = 3

========================================================================
Received Import Request.
  Time since last request: 0.000053 seconds.
  path: Assets/topDown_baseTiles_147.asset
  artifactKey: Guid(8f37da8315e864749bc1b1f345976c07) Importer(815301076,1909f56bfc062723c751e8b465ee728b)
Start importing Assets/topDown_baseTiles_147.asset using Guid(8f37da8315e864749bc1b1f345976c07) Importer(815301076,1909f56bfc062723c751e8b465ee728b) (PreviewImporter) -> (artifact id: 'f3e104b4f006fbf9a6e385ffba545c82') in 0.002976375 seconds
Number of updated asset objects reloaded before import = 0Number of asset objects unloaded after import = 3

========================================================================
Received Import Request.
  Time since last request: 0.000026 seconds.
  path: Assets/topDown_baseTiles_137.asset
  artifactKey: Guid(4f24d2eee3aa1440e9c1907021f28815) Importer(815301076,1909f56bfc062723c751e8b465ee728b)
Start importing Assets/topDown_baseTiles_137.asset using Guid(4f24d2eee3aa1440e9c1907021f28815) Importer(815301076,1909f56bfc062723c751e8b465ee728b) (PreviewImporter) -> (artifact id: '6e519fcc2e8ea5aba8ec578f7e9b0619') in 0.002227208 seconds
Number of updated asset objects reloaded before import = 0Number of asset objects unloaded after import = 3

========================================================================
Received Import Request.
  Time since last request: 0.010883 seconds.
  path: Assets/topDown_baseTiles_164.asset
  artifactKey: Guid(b7f199466f33e41e390d15478a0ee6d3) Importer(815301076,1909f56bfc062723c751e8b465ee728b)
Start importing Assets/topDown_baseTiles_164.asset using Guid(b7f199466f33e41e390d15478a0ee6d3) Importer(815301076,1909f56bfc062723c751e8b465ee728b) (PreviewImporter) -> (artifact id: '155a4b72b153742012b1fa382c0dd52b') in 0.002611416 seconds
Number of updated asset objects reloaded before import = 0Number of asset objects unloaded after import = 3

========================================================================
Received Import Request.
  Time since last request: 0.000111 seconds.
  path: Assets/topDown_baseTiles_167.asset
  artifactKey: Guid(40d30ff5b6ee749eba8488172f3cbf76) Importer(815301076,1909f56bfc062723c751e8b465ee728b)
Start importing Assets/topDown_baseTiles_167.asset using Guid(40d30ff5b6ee749eba8488172f3cbf76) Importer(815301076,1909f56bfc062723c751e8b465ee728b) (PreviewImporter) -> (artifact id: '75fe4e3f2ab28278e08ee2fb7956a7ba') in 0.003546625 seconds
Number of updated asset objects reloaded before import = 0Number of asset objects unloaded after import = 3

========================================================================
Received Import Request.
  Time since last request: 0.000038 seconds.
  path: Assets/topDown_baseTiles_166.asset
  artifactKey: Guid(dab219350137e491ea934e9f5932e2d1) Importer(815301076,1909f56bfc062723c751e8b465ee728b)
Start importing Assets/topDown_baseTiles_166.asset using Guid(dab219350137e491ea934e9f5932e2d1) Importer(815301076,1909f56bfc062723c751e8b465ee728b) (PreviewImporter) -> (artifact id: '6baccdae1c7ed24dcab3658556312bc2') in 0.003489666 seconds
Number of updated asset objects reloaded before import = 0Number of asset objects unloaded after import = 3

========================================================================
Received Import Request.
  Time since last request: 0.000056 seconds.
  path: Assets/topDown_baseTiles_173.asset
  artifactKey: Guid(009064c2143814d0a964f968c9255a86) Importer(815301076,1909f56bfc062723c751e8b465ee728b)
Start importing Assets/topDown_baseTiles_173.asset using Guid(009064c2143814d0a964f968c9255a86) Importer(815301076,1909f56bfc062723c751e8b465ee728b) (PreviewImporter) -> (artifact id: 'b0a416dbf6f5b3bef2eb80f3aac86488') in 0.003287167 seconds
Number of updated asset objects reloaded before import = 0Number of asset objects unloaded after import = 3

========================================================================
Received Import Request.
  Time since last request: 0.000051 seconds.
  path: Assets/topDown_baseTiles_165.asset
  artifactKey: Guid(153c9514edfa04bc3ac2ec6eb22c5552) Importer(815301076,1909f56bfc062723c751e8b465ee728b)
Start importing Assets/topDown_baseTiles_165.asset using Guid(153c9514edfa04bc3ac2ec6eb22c5552) Importer(815301076,1909f56bfc062723c751e8b465ee728b) (PreviewImporter) -> (artifact id: '6b8410ce4803a2a1ffd3720d9a62fe14') in 0.002351583 seconds
Number of updated asset objects reloaded before import = 0Number of asset objects unloaded after import = 3

========================================================================
Received Import Request.
  Time since last request: 0.010463 seconds.
  path: Assets/topDown_baseTiles_175.asset
  artifactKey: Guid(ce7bdc76db1f744e290e4188a04567dc) Importer(815301076,1909f56bfc062723c751e8b465ee728b)
Start importing Assets/topDown_baseTiles_175.asset using Guid(ce7bdc76db1f744e290e4188a04567dc) Importer(815301076,1909f56bfc062723c751e8b465ee728b) (PreviewImporter) -> (artifact id: 'fd76b8b276fa135ac3eaebe86b819639') in 0.003010625 seconds
Number of updated asset objects reloaded before import = 0Number of asset objects unloaded after import = 3

========================================================================
Received Import Request.
  Time since last request: 0.000029 seconds.
  path: Assets/topDown_baseTiles_181.asset
  artifactKey: Guid(2873dcffe687c4d07bc690b613ce1b59) Importer(815301076,1909f56bfc062723c751e8b465ee728b)
Start importing Assets/topDown_baseTiles_181.asset using Guid(2873dcffe687c4d07bc690b613ce1b59) Importer(815301076,1909f56bfc062723c751e8b465ee728b) (PreviewImporter) -> (artifact id: 'af6ad65f2710311c9a2122ac11f27a95') in 0.002776125 seconds
Number of updated asset objects reloaded before import = 0Number of asset objects unloaded after import = 3

========================================================================
Received Import Request.
  Time since last request: 0.000028 seconds.
  path: Assets/topDown_baseTiles_177.asset
  artifactKey: Guid(4194f7d9ccda84f1b91e296065425a14) Importer(815301076,1909f56bfc062723c751e8b465ee728b)
Start importing Assets/topDown_baseTiles_177.asset using Guid(4194f7d9ccda84f1b91e296065425a14) Importer(815301076,1909f56bfc062723c751e8b465ee728b) (PreviewImporter) -> (artifact id: '8d6289689e2094ddc533503f845ef5a2') in 0.003571 seconds
Number of updated asset objects reloaded before import = 0Number of asset objects unloaded after import = 3

========================================================================
Received Import Request.
  Time since last request: 0.000025 seconds.
  path: Assets/topDown_baseTiles_180.asset
  artifactKey: Guid(10ae19f4bb53b4eddb9cafcd3aef7aef) Importer(815301076,1909f56bfc062723c751e8b465ee728b)
Start importing Assets/topDown_baseTiles_180.asset using Guid(10ae19f4bb53b4eddb9cafcd3aef7aef) Importer(815301076,1909f56bfc062723c751e8b465ee728b) (PreviewImporter) -> (artifact id: 'fe14e03ceebab8808687fa67ad37fd2e') in 0.002310375 seconds
Number of updated asset objects reloaded before import = 0Number of asset objects unloaded after import = 3

========================================================================
Received Import Request.
  Time since last request: 0.000094 seconds.
  path: Assets/topDown_baseTiles_184.asset
  artifactKey: Guid(c215d6e342046402885071f10ccef735) Importer(815301076,1909f56bfc062723c751e8b465ee728b)
Start importing Assets/topDown_baseTiles_184.asset using Guid(c215d6e342046402885071f10ccef735) Importer(815301076,1909f56bfc062723c751e8b465ee728b) (PreviewImporter) -> (artifact id: 'bfd9145a12431f2d3ce2c643ac2718d6') in 0.00291575 seconds
Number of updated asset objects reloaded before import = 0Number of asset objects unloaded after import = 3

========================================================================
Received Import Request.
  Time since last request: 0.000078 seconds.
  path: Assets/topDown_baseTiles_176.asset
  artifactKey: Guid(2a8f4465b1e774fbc8ccb8eb132ee839) Importer(815301076,1909f56bfc062723c751e8b465ee728b)
Start importing Assets/topDown_baseTiles_176.asset using Guid(2a8f4465b1e774fbc8ccb8eb132ee839) Importer(815301076,1909f56bfc062723c751e8b465ee728b) (PreviewImporter) -> (artifact id: '6cea268e87a98470331cea7e2baf388d') in 0.003033708 seconds
Number of updated asset objects reloaded before import = 0Number of asset objects unloaded after import = 3

========================================================================
Received Import Request.
  Time since last request: 0.011546 seconds.
  path: Assets/topDown_baseTiles_186.asset
  artifactKey: Guid(aad3c3adc6615485093d82883eda70ca) Importer(815301076,1909f56bfc062723c751e8b465ee728b)
Start importing Assets/topDown_baseTiles_186.asset using Guid(aad3c3adc6615485093d82883eda70ca) Importer(815301076,1909f56bfc062723c751e8b465ee728b) (PreviewImporter) -> (artifact id: 'abf3ab157d94e976620772229fef8482') in 0.003040875 seconds
Number of updated asset objects reloaded before import = 0Number of asset objects unloaded after import = 3

========================================================================
Received Import Request.
  Time since last request: 0.000055 seconds.
  path: Assets/topDown_baseTiles_187.asset
  artifactKey: Guid(79426701c57444daa87da6d0f07df671) Importer(815301076,1909f56bfc062723c751e8b465ee728b)
Start importing Assets/topDown_baseTiles_187.asset using Guid(79426701c57444daa87da6d0f07df671) Importer(815301076,1909f56bfc062723c751e8b465ee728b) (PreviewImporter) -> (artifact id: '50607bd789fa8777599c31082c0cef9d') in 0.002869 seconds
Number of updated asset objects reloaded before import = 0Number of asset objects unloaded after import = 3

========================================================================
Received Import Request.
  Time since last request: 0.000025 seconds.
  path: Assets/topDown_baseTiles_193.asset
  artifactKey: Guid(0566f40ccca3c4d0699a3f6413981dc0) Importer(815301076,1909f56bfc062723c751e8b465ee728b)
Start importing Assets/topDown_baseTiles_193.asset using Guid(0566f40ccca3c4d0699a3f6413981dc0) Importer(815301076,1909f56bfc062723c751e8b465ee728b) (PreviewImporter) -> (artifact id: 'b17465f8b9f9c59c2357ef1a80504fc1') in 0.002898041 seconds
Number of updated asset objects reloaded before import = 0Number of asset objects unloaded after import = 3

========================================================================
Received Import Request.
  Time since last request: 0.000052 seconds.
  path: Assets/topDown_baseTiles_188.asset
  artifactKey: Guid(de1cad8491d144b74b34b509574d8f79) Importer(815301076,1909f56bfc062723c751e8b465ee728b)
Start importing Assets/topDown_baseTiles_188.asset using Guid(de1cad8491d144b74b34b509574d8f79) Importer(815301076,1909f56bfc062723c751e8b465ee728b) (PreviewImporter) -> (artifact id: 'ae677aa7e4355a53d9ffd1df587b8e4d') in 0.003257625 seconds
Number of updated asset objects reloaded before import = 0Number of asset objects unloaded after import = 3

========================================================================
Received Import Request.
  Time since last request: 0.000027 seconds.
  path: Assets/topDown_baseTiles_192.asset
  artifactKey: Guid(fd4f9e8d7f60e4bedb03776bbe808bee) Importer(815301076,1909f56bfc062723c751e8b465ee728b)
Start importing Assets/topDown_baseTiles_192.asset using Guid(fd4f9e8d7f60e4bedb03776bbe808bee) Importer(815301076,1909f56bfc062723c751e8b465ee728b) (PreviewImporter) -> (artifact id: '5a2c18279fe599d9492c4ca107993bde') in 0.002436708 seconds
Number of updated asset objects reloaded before import = 0Number of asset objects unloaded after import = 3

========================================================================
Received Import Request.
  Time since last request: 0.000040 seconds.
  path: Assets/topDown_baseTiles_194.asset
  artifactKey: Guid(62cf3f731b8b445fe921bddf2b9bd5d0) Importer(815301076,1909f56bfc062723c751e8b465ee728b)
Start importing Assets/topDown_baseTiles_194.asset using Guid(62cf3f731b8b445fe921bddf2b9bd5d0) Importer(815301076,1909f56bfc062723c751e8b465ee728b) (PreviewImporter) -> (artifact id: '722766841003b87a2b79ee34947a197a') in 0.002723541 seconds
Number of updated asset objects reloaded before import = 0Number of asset objects unloaded after import = 3

========================================================================
Received Import Request.
  Time since last request: 0.026264 seconds.
  path: Assets/topDown_baseTiles_197.asset
  artifactKey: Guid(fbf2f6689a2394d71bbb2c1f6fbc4f9c) Importer(815301076,1909f56bfc062723c751e8b465ee728b)
Start importing Assets/topDown_baseTiles_197.asset using Guid(fbf2f6689a2394d71bbb2c1f6fbc4f9c) Importer(815301076,1909f56bfc062723c751e8b465ee728b) (PreviewImporter) -> (artifact id: '03cf0550dced6f3d2c70911eb01e21c9') in 0.002316875 seconds
Number of updated asset objects reloaded before import = 0Number of asset objects unloaded after import = 3

========================================================================
Received Import Request.
  Time since last request: 0.000037 seconds.
  path: Assets/topDown_baseTiles_204.asset
  artifactKey: Guid(231cc2f5d77ae4c21bee0279a46466f3) Importer(815301076,1909f56bfc062723c751e8b465ee728b)
Start importing Assets/topDown_baseTiles_204.asset using Guid(231cc2f5d77ae4c21bee0279a46466f3) Importer(815301076,1909f56bfc062723c751e8b465ee728b) (PreviewImporter) -> (artifact id: '24ccbc5caf8ec8cb9e50413946ff4fea') in 0.003041959 seconds
Number of updated asset objects reloaded before import = 0Number of asset objects unloaded after import = 3

========================================================================
Received Import Request.
  Time since last request: 0.000105 seconds.
  path: Assets/topDown_baseTiles_202.asset
  artifactKey: Guid(7ec04065b753140208cb65b118191882) Importer(815301076,1909f56bfc062723c751e8b465ee728b)
Start importing Assets/topDown_baseTiles_202.asset using Guid(7ec04065b753140208cb65b118191882) Importer(815301076,1909f56bfc062723c751e8b465ee728b) (PreviewImporter) -> (artifact id: '8e804519b5fa99df8620fcae4a179700') in 0.002957709 seconds
Number of updated asset objects reloaded before import = 0Number of asset objects unloaded after import = 3

========================================================================
Received Import Request.
  Time since last request: 0.000070 seconds.
  path: Assets/topDown_baseTiles_205.asset
  artifactKey: Guid(e1906b379e8c444a79f07e320174dfc6) Importer(815301076,1909f56bfc062723c751e8b465ee728b)
Start importing Assets/topDown_baseTiles_205.asset using Guid(e1906b379e8c444a79f07e320174dfc6) Importer(815301076,1909f56bfc062723c751e8b465ee728b) (PreviewImporter) -> (artifact id: '7f76a96ebbb4c334ed21f716cd9fb660') in 0.002674167 seconds
Number of updated asset objects reloaded before import = 0Number of asset objects unloaded after import = 3

========================================================================
Received Import Request.
  Time since last request: 0.000043 seconds.
  path: Assets/topDown_baseTiles_200.asset
  artifactKey: Guid(735511e051a1945a5b02369d9cb5ecd1) Importer(815301076,1909f56bfc062723c751e8b465ee728b)
Start importing Assets/topDown_baseTiles_200.asset using Guid(735511e051a1945a5b02369d9cb5ecd1) Importer(815301076,1909f56bfc062723c751e8b465ee728b) (PreviewImporter) -> (artifact id: 'b96a9ec369cf7487def21427deef4c02') in 0.003104334 seconds
Number of updated asset objects reloaded before import = 0Number of asset objects unloaded after import = 3

========================================================================
Received Import Request.
  Time since last request: 0.036976 seconds.
  path: Assets/topDown_baseTiles_208.asset
  artifactKey: Guid(03fa0160c83654a0ebb406bc26e571b1) Importer(815301076,1909f56bfc062723c751e8b465ee728b)
Start importing Assets/topDown_baseTiles_208.asset using Guid(03fa0160c83654a0ebb406bc26e571b1) Importer(815301076,1909f56bfc062723c751e8b465ee728b) (PreviewImporter) -> (artifact id: 'f72cb8d046478eaa1f903332f4b9e5cc') in 0.0027085 seconds
Number of updated asset objects reloaded before import = 0Number of asset objects unloaded after import = 3

========================================================================
Received Import Request.
  Time since last request: 0.000052 seconds.
  path: Assets/topDown_baseTiles_216.asset
  artifactKey: Guid(af65d11bec09c41b08a8dc37ac4c81fa) Importer(815301076,1909f56bfc062723c751e8b465ee728b)
Start importing Assets/topDown_baseTiles_216.asset using Guid(af65d11bec09c41b08a8dc37ac4c81fa) Importer(815301076,1909f56bfc062723c751e8b465ee728b) (PreviewImporter) -> (artifact id: '81786ee6d68c2ad2411ac8e7d3217435') in 0.002899375 seconds
Number of updated asset objects reloaded before import = 0Number of asset objects unloaded after import = 3

========================================================================
Received Import Request.
  Time since last request: 0.000034 seconds.
  path: Assets/topDown_baseTiles_215.asset
  artifactKey: Guid(f1f8c0cef624045abbd59012f70676c5) Importer(815301076,1909f56bfc062723c751e8b465ee728b)
Start importing Assets/topDown_baseTiles_215.asset using Guid(f1f8c0cef624045abbd59012f70676c5) Importer(815301076,1909f56bfc062723c751e8b465ee728b) (PreviewImporter) -> (artifact id: 'cd514f8d7c5e66e93043bb96d712e524') in 0.002844167 seconds
Number of updated asset objects reloaded before import = 0Number of asset objects unloaded after import = 3

========================================================================
Received Import Request.
  Time since last request: 0.000028 seconds.
  path: Assets/topDown_baseTiles_211.asset
  artifactKey: Guid(624c44245c90d4c3cac6c6a5fb89f379) Importer(815301076,1909f56bfc062723c751e8b465ee728b)
Start importing Assets/topDown_baseTiles_211.asset using Guid(624c44245c90d4c3cac6c6a5fb89f379) Importer(815301076,1909f56bfc062723c751e8b465ee728b) (PreviewImporter) -> (artifact id: 'b600a071a089f7db336769815d5bb416') in 0.003123375 seconds
Number of updated asset objects reloaded before import = 0Number of asset objects unloaded after import = 3

========================================================================
Received Import Request.
  Time since last request: 0.000100 seconds.
  path: Assets/topDown_baseTiles_214.asset
  artifactKey: Guid(9892af14c06d449d0aa2913e90ee1571) Importer(815301076,1909f56bfc062723c751e8b465ee728b)
Start importing Assets/topDown_baseTiles_214.asset using Guid(9892af14c06d449d0aa2913e90ee1571) Importer(815301076,1909f56bfc062723c751e8b465ee728b) (PreviewImporter) -> (artifact id: '5e322bde131027bf982632b09d0108eb') in 0.002946292 seconds
Number of updated asset objects reloaded before import = 0Number of asset objects unloaded after import = 3

========================================================================
Received Import Request.
  Time since last request: 0.065976 seconds.
  path: Assets/topDown_baseTiles_219.asset
  artifactKey: Guid(43b02d7d5c05d4d05b24875e8688f4ef) Importer(815301076,1909f56bfc062723c751e8b465ee728b)
Start importing Assets/topDown_baseTiles_219.asset using Guid(43b02d7d5c05d4d05b24875e8688f4ef) Importer(815301076,1909f56bfc062723c751e8b465ee728b) (PreviewImporter) -> (artifact id: '34dd3ce50b26cd325b88a9507e7504f6') in 0.002433458 seconds
Number of updated asset objects reloaded before import = 0Number of asset objects unloaded after import = 3

========================================================================
Received Import Request.
  Time since last request: 0.000025 seconds.
  path: Assets/topDown_baseTiles_221.asset
  artifactKey: Guid(e081ec3914bab4cbe9626073f13c3cf5) Importer(815301076,1909f56bfc062723c751e8b465ee728b)
Start importing Assets/topDown_baseTiles_221.asset using Guid(e081ec3914bab4cbe9626073f13c3cf5) Importer(815301076,1909f56bfc062723c751e8b465ee728b) (PreviewImporter) -> (artifact id: 'f1f0bb84a6a6be1eb66ebd1dd0bae987') in 0.002918167 seconds
Number of updated asset objects reloaded before import = 0Number of asset objects unloaded after import = 3

========================================================================
Received Import Request.
  Time since last request: 0.000046 seconds.
  path: Assets/topDown_baseTiles_226.asset
  artifactKey: Guid(d535749732a8447ebb367aac5f927642) Importer(815301076,1909f56bfc062723c751e8b465ee728b)
Start importing Assets/topDown_baseTiles_226.asset using Guid(d535749732a8447ebb367aac5f927642) Importer(815301076,1909f56bfc062723c751e8b465ee728b) (PreviewImporter) -> (artifact id: 'faecef01160c6ae464bf1c3386c2688e') in 0.002827833 seconds
Number of updated asset objects reloaded before import = 0Number of asset objects unloaded after import = 3

========================================================================
Received Import Request.
  Time since last request: 0.000026 seconds.
  path: Assets/topDown_baseTiles_225.asset
  artifactKey: Guid(e96d7d271e6bd454899ccb73754da3f5) Importer(815301076,1909f56bfc062723c751e8b465ee728b)
Start importing Assets/topDown_baseTiles_225.asset using Guid(e96d7d271e6bd454899ccb73754da3f5) Importer(815301076,1909f56bfc062723c751e8b465ee728b) (PreviewImporter) -> (artifact id: '6925ae45501de0be109d92b9d1148518') in 0.00284975 seconds
Number of updated asset objects reloaded before import = 0Number of asset objects unloaded after import = 3

========================================================================
Received Import Request.
  Time since last request: 0.000077 seconds.
  path: Assets/topDown_baseTiles_220.asset
  artifactKey: Guid(796d0bcf80ed4453d83d93a4cff02b51) Importer(815301076,1909f56bfc062723c751e8b465ee728b)
Start importing Assets/topDown_baseTiles_220.asset using Guid(796d0bcf80ed4453d83d93a4cff02b51) Importer(815301076,1909f56bfc062723c751e8b465ee728b) (PreviewImporter) -> (artifact id: '76881d21ada0066c17f54100a880a74c') in 0.00353725 seconds
Number of updated asset objects reloaded before import = 0Number of asset objects unloaded after import = 3

========================================================================
Received Import Request.
  Time since last request: 0.000059 seconds.
  path: Assets/topDown_baseTiles_228.asset
  artifactKey: Guid(bfecb305b8ac44cba912c0695f8617f7) Importer(815301076,1909f56bfc062723c751e8b465ee728b)
Start importing Assets/topDown_baseTiles_228.asset using Guid(bfecb305b8ac44cba912c0695f8617f7) Importer(815301076,1909f56bfc062723c751e8b465ee728b) (PreviewImporter) -> (artifact id: 'bc7aab75001b3023c644343710ddd4b6') in 0.00274975 seconds
Number of updated asset objects reloaded before import = 0Number of asset objects unloaded after import = 3

========================================================================
Received Import Request.
  Time since last request: 0.137797 seconds.
  path: Assets/topDown_baseTiles_230.asset
  artifactKey: Guid(d8d43a7dbfce245efaaff4d07dd371f7) Importer(815301076,1909f56bfc062723c751e8b465ee728b)
Start importing Assets/topDown_baseTiles_230.asset using Guid(d8d43a7dbfce245efaaff4d07dd371f7) Importer(815301076,1909f56bfc062723c751e8b465ee728b) (PreviewImporter) -> (artifact id: '93e11c8b7f649b52bebb8428e1e55db8') in 0.002635958 seconds
Number of updated asset objects reloaded before import = 0Number of asset objects unloaded after import = 3

========================================================================
Received Import Request.
  Time since last request: 0.000141 seconds.
  path: Assets/topDown_baseTiles_237.asset
  artifactKey: Guid(79503658954a24c52a2c1b023b4c5a3c) Importer(815301076,1909f56bfc062723c751e8b465ee728b)
Start importing Assets/topDown_baseTiles_237.asset using Guid(79503658954a24c52a2c1b023b4c5a3c) Importer(815301076,1909f56bfc062723c751e8b465ee728b) (PreviewImporter) -> (artifact id: '8040f2f244226a54ea1ca20f393dab33') in 0.002504083 seconds
Number of updated asset objects reloaded before import = 0Number of asset objects unloaded after import = 3

========================================================================
Received Import Request.
  Time since last request: 0.000027 seconds.
  path: Assets/topDown_baseTiles_232.asset
  artifactKey: Guid(23712af7fea324aa29d85bcd6fcf8c68) Importer(815301076,1909f56bfc062723c751e8b465ee728b)
Start importing Assets/topDown_baseTiles_232.asset using Guid(23712af7fea324aa29d85bcd6fcf8c68) Importer(815301076,1909f56bfc062723c751e8b465ee728b) (PreviewImporter) -> (artifact id: 'ff31ca7acad127516835f6b6a4e46dc9') in 0.00284225 seconds
Number of updated asset objects reloaded before import = 0Number of asset objects unloaded after import = 3

========================================================================
Received Import Request.
  Time since last request: 0.000035 seconds.
  path: Assets/topDown_baseTiles_234.asset
  artifactKey: Guid(a6dec1ea8a58e4cd19f92c4cff18aea6) Importer(815301076,1909f56bfc062723c751e8b465ee728b)
Start importing Assets/topDown_baseTiles_234.asset using Guid(a6dec1ea8a58e4cd19f92c4cff18aea6) Importer(815301076,1909f56bfc062723c751e8b465ee728b) (PreviewImporter) -> (artifact id: '73c626e6674fcf41e8115004635c6b47') in 0.003540333 seconds
Number of updated asset objects reloaded before import = 0Number of asset objects unloaded after import = 3

========================================================================
Received Import Request.
  Time since last request: 0.000028 seconds.
  path: Assets/topDown_baseTiles_239.asset
  artifactKey: Guid(01c25f9d5a7544cf2926a9a7191ed8fd) Importer(815301076,1909f56bfc062723c751e8b465ee728b)
Start importing Assets/topDown_baseTiles_239.asset using Guid(01c25f9d5a7544cf2926a9a7191ed8fd) Importer(815301076,1909f56bfc062723c751e8b465ee728b) (PreviewImporter) -> (artifact id: 'fcd5c3c6b0ea8ed7b98b69ab771710ad') in 0.003568792 seconds
Number of updated asset objects reloaded before import = 0Number of asset objects unloaded after import = 3

========================================================================
Received Import Request.
  Time since last request: 0.015486 seconds.
  path: Assets/topDown_baseTiles_241.asset
  artifactKey: Guid(4e74ec631661b4a21bced1cd4dedb5cc) Importer(815301076,1909f56bfc062723c751e8b465ee728b)
Start importing Assets/topDown_baseTiles_241.asset using Guid(4e74ec631661b4a21bced1cd4dedb5cc) Importer(815301076,1909f56bfc062723c751e8b465ee728b) (PreviewImporter) -> (artifact id: '37568204827e5f3d41c6b553f6d10eb9') in 0.002303875 seconds
Number of updated asset objects reloaded before import = 0Number of asset objects unloaded after import = 3

========================================================================
Received Import Request.
  Time since last request: 0.000031 seconds.
  path: Assets/topDown_baseTiles_245.asset
  artifactKey: Guid(9fe527dc341614fc5b0fe5d9c09bfa78) Importer(815301076,1909f56bfc062723c751e8b465ee728b)
Start importing Assets/topDown_baseTiles_245.asset using Guid(9fe527dc341614fc5b0fe5d9c09bfa78) Importer(815301076,1909f56bfc062723c751e8b465ee728b) (PreviewImporter) -> (artifact id: '6752bf4db336bc5ee389525c65de0100') in 0.002609125 seconds
Number of updated asset objects reloaded before import = 0Number of asset objects unloaded after import = 3

========================================================================
Received Import Request.
  Time since last request: 0.000040 seconds.
  path: Assets/topDown_baseTiles_247.asset
  artifactKey: Guid(83aa5501be4ba49009b9b5a0cb385709) Importer(815301076,1909f56bfc062723c751e8b465ee728b)
Start importing Assets/topDown_baseTiles_247.asset using Guid(83aa5501be4ba49009b9b5a0cb385709) Importer(815301076,1909f56bfc062723c751e8b465ee728b) (PreviewImporter) -> (artifact id: 'e06c64b3a8a830ab16b22303838ef855') in 0.003362125 seconds
Number of updated asset objects reloaded before import = 0Number of asset objects unloaded after import = 3

========================================================================
Received Import Request.
  Time since last request: 0.000027 seconds.
  path: Assets/topDown_baseTiles_242.asset
  artifactKey: Guid(8235ba553f3e94900a7768c4ef88415e) Importer(815301076,1909f56bfc062723c751e8b465ee728b)
Start importing Assets/topDown_baseTiles_242.asset using Guid(8235ba553f3e94900a7768c4ef88415e) Importer(815301076,1909f56bfc062723c751e8b465ee728b) (PreviewImporter) -> (artifact id: 'cef580d9ac4a93cd7474a7f201c73662') in 0.003162916 seconds
Number of updated asset objects reloaded before import = 0Number of asset objects unloaded after import = 3

========================================================================
Received Import Request.
  Time since last request: 0.000046 seconds.
  path: Assets/topDown_baseTiles_250.asset
  artifactKey: Guid(2aff0dce7733b469baccff93549c1181) Importer(815301076,1909f56bfc062723c751e8b465ee728b)
Start importing Assets/topDown_baseTiles_250.asset using Guid(2aff0dce7733b469baccff93549c1181) Importer(815301076,1909f56bfc062723c751e8b465ee728b) (PreviewImporter) -> (artifact id: 'a67951359c1950c2f4efd14044a48552') in 0.003304375 seconds
Number of updated asset objects reloaded before import = 0Number of asset objects unloaded after import = 3

========================================================================
Received Import Request.
  Time since last request: 0.011540 seconds.
  path: Assets/topDown_baseTiles_252.asset
  artifactKey: Guid(31bcecab9b003456c9669e48339cd4f6) Importer(815301076,1909f56bfc062723c751e8b465ee728b)
Start importing Assets/topDown_baseTiles_252.asset using Guid(31bcecab9b003456c9669e48339cd4f6) Importer(815301076,1909f56bfc062723c751e8b465ee728b) (PreviewImporter) -> (artifact id: '671c5d18dfdf607ddbd9156ec46fdcf0') in 0.002468417 seconds
Number of updated asset objects reloaded before import = 0Number of asset objects unloaded after import = 3

========================================================================
Received Import Request.
  Time since last request: 0.000040 seconds.
  path: Assets/topDown_baseTiles_258.asset
  artifactKey: Guid(919ebcaf197fd49028d848bde926b014) Importer(815301076,1909f56bfc062723c751e8b465ee728b)
Start importing Assets/topDown_baseTiles_258.asset using Guid(919ebcaf197fd49028d848bde926b014) Importer(815301076,1909f56bfc062723c751e8b465ee728b) (PreviewImporter) -> (artifact id: 'f54f596f2022f7b7bbce6ed118cd4a6b') in 0.003018958 seconds
Number of updated asset objects reloaded before import = 0Number of asset objects unloaded after import = 3

========================================================================
Received Import Request.
  Time since last request: 0.000065 seconds.
  path: Assets/topDown_baseTiles_270.asset
  artifactKey: Guid(c8a39411655374f958eb4922890e0b95) Importer(815301076,1909f56bfc062723c751e8b465ee728b)
Start importing Assets/topDown_baseTiles_270.asset using Guid(c8a39411655374f958eb4922890e0b95) Importer(815301076,1909f56bfc062723c751e8b465ee728b) (PreviewImporter) -> (artifact id: '6d497cc56938f447b2c5a2a717122693') in 0.003155875 seconds
Number of updated asset objects reloaded before import = 0Number of asset objects unloaded after import = 3

========================================================================
Received Import Request.
  Time since last request: 0.000063 seconds.
  path: Assets/topDown_baseTiles_254.asset
  artifactKey: Guid(ef353ef9ffca74ffd9071010f3c0004d) Importer(815301076,1909f56bfc062723c751e8b465ee728b)
Start importing Assets/topDown_baseTiles_254.asset using Guid(ef353ef9ffca74ffd9071010f3c0004d) Importer(815301076,1909f56bfc062723c751e8b465ee728b) (PreviewImporter) -> (artifact id: '77631c3f7a9503f6c5c88d13aef9cfb0') in 0.002616459 seconds
Number of updated asset objects reloaded before import = 0Number of asset objects unloaded after import = 3

========================================================================
Received Import Request.
  Time since last request: 0.000150 seconds.
  path: Assets/topDown_baseTiles_264.asset
  artifactKey: Guid(fda9ce7d7ab6949408ff6b9cbdc2cb17) Importer(815301076,1909f56bfc062723c751e8b465ee728b)
Start importing Assets/topDown_baseTiles_264.asset using Guid(fda9ce7d7ab6949408ff6b9cbdc2cb17) Importer(815301076,1909f56bfc062723c751e8b465ee728b) (PreviewImporter) -> (artifact id: '0c293db774928874393d5abe0af858c2') in 0.004213041 seconds
Number of updated asset objects reloaded before import = 0Number of asset objects unloaded after import = 3

========================================================================
Received Import Request.
  Time since last request: 0.000052 seconds.
  path: Assets/topDown_baseTiles_263.asset
  artifactKey: Guid(504a67a53769146a8901b7ad993d68e1) Importer(815301076,1909f56bfc062723c751e8b465ee728b)
Start importing Assets/topDown_baseTiles_263.asset using Guid(504a67a53769146a8901b7ad993d68e1) Importer(815301076,1909f56bfc062723c751e8b465ee728b) (PreviewImporter) -> (artifact id: '9cf8184c17068f7c7c0101356e656ed9') in 0.002916291 seconds
Number of updated asset objects reloaded before import = 0Number of asset objects unloaded after import = 3

========================================================================
Received Import Request.
  Time since last request: 0.000048 seconds.
  path: Assets/topDown_baseTiles_260.asset
  artifactKey: Guid(500965dde445e4695b9453faaf26f1ff) Importer(815301076,1909f56bfc062723c751e8b465ee728b)
Start importing Assets/topDown_baseTiles_260.asset using Guid(500965dde445e4695b9453faaf26f1ff) Importer(815301076,1909f56bfc062723c751e8b465ee728b) (PreviewImporter) -> (artifact id: 'aea4606a0165f572331e70e6e844ff3c') in 0.003170167 seconds
Number of updated asset objects reloaded before import = 0Number of asset objects unloaded after import = 3

========================================================================
Received Import Request.
  Time since last request: 0.000029 seconds.
  path: Assets/topDown_baseTiles_281.asset
  artifactKey: Guid(47c6f1832dab24397bab490a7c2ee1a8) Importer(815301076,1909f56bfc062723c751e8b465ee728b)
Start importing Assets/topDown_baseTiles_281.asset using Guid(47c6f1832dab24397bab490a7c2ee1a8) Importer(815301076,1909f56bfc062723c751e8b465ee728b) (PreviewImporter) -> (artifact id: 'de779e1cb9f7af759c130d8bd7f797bb') in 0.002969875 seconds
Number of updated asset objects reloaded before import = 0Number of asset objects unloaded after import = 3

========================================================================
Received Import Request.
  Time since last request: 0.000029 seconds.
  path: Assets/topDown_baseTiles_280.asset
  artifactKey: Guid(b3cbfaf027b22469eb03c02ccdb9ad4c) Importer(815301076,1909f56bfc062723c751e8b465ee728b)
Start importing Assets/topDown_baseTiles_280.asset using Guid(b3cbfaf027b22469eb03c02ccdb9ad4c) Importer(815301076,1909f56bfc062723c751e8b465ee728b) (PreviewImporter) -> (artifact id: '40417038bef9ad7abbb8451df4d4a64b') in 0.00267025 seconds
Number of updated asset objects reloaded before import = 0Number of asset objects unloaded after import = 3

========================================================================
Received Import Request.
  Time since last request: 0.000031 seconds.
  path: Assets/topDown_baseTiles_279.asset
  artifactKey: Guid(84676a1b0e051400488e038fc06d4d3c) Importer(815301076,1909f56bfc062723c751e8b465ee728b)
Start importing Assets/topDown_baseTiles_279.asset using Guid(84676a1b0e051400488e038fc06d4d3c) Importer(815301076,1909f56bfc062723c751e8b465ee728b) (PreviewImporter) -> (artifact id: 'b7210febb2549b0db682f6d25223410f') in 0.003181625 seconds
Number of updated asset objects reloaded before import = 0Number of asset objects unloaded after import = 3

========================================================================
Received Import Request.
  Time since last request: 0.000031 seconds.
  path: Assets/topDown_baseTiles_278.asset
  artifactKey: Guid(f2d4ab93c32ac40abb4f96dff2a79069) Importer(815301076,1909f56bfc062723c751e8b465ee728b)
Start importing Assets/topDown_baseTiles_278.asset using Guid(f2d4ab93c32ac40abb4f96dff2a79069) Importer(815301076,1909f56bfc062723c751e8b465ee728b) (PreviewImporter) -> (artifact id: '534e343ffa94c36817e56bbbda53afa4') in 0.002640125 seconds
Number of updated asset objects reloaded before import = 0Number of asset objects unloaded after import = 3

========================================================================
Received Import Request.
  Time since last request: 0.000027 seconds.
  path: Assets/topDown_baseTiles_257.asset
  artifactKey: Guid(e3564199086474aaaaf45cd658f07571) Importer(815301076,1909f56bfc062723c751e8b465ee728b)
Start importing Assets/topDown_baseTiles_257.asset using Guid(e3564199086474aaaaf45cd658f07571) Importer(815301076,1909f56bfc062723c751e8b465ee728b) (PreviewImporter) -> (artifact id: '40edf7af1a2384ff6082e8419152ff1c') in 0.002749583 seconds
Number of updated asset objects reloaded before import = 0Number of asset objects unloaded after import = 3

========================================================================
Received Import Request.
  Time since last request: 0.000077 seconds.
  path: Assets/topDown_baseTiles_294.asset
  artifactKey: Guid(4b2f83699c46d42938c9cbf75df9e879) Importer(815301076,1909f56bfc062723c751e8b465ee728b)
Start importing Assets/topDown_baseTiles_294.asset using Guid(4b2f83699c46d42938c9cbf75df9e879) Importer(815301076,1909f56bfc062723c751e8b465ee728b) (PreviewImporter) -> (artifact id: '63c8e8d57aefd1d0ff0f84e85f2e9c90') in 0.002728958 seconds
Number of updated asset objects reloaded before import = 0Number of asset objects unloaded after import = 3

========================================================================
Received Import Request.
  Time since last request: 0.000028 seconds.
  path: Assets/topDown_baseTiles_293.asset
  artifactKey: Guid(a6c5cc8a5f14c47109a40973fff4766b) Importer(815301076,1909f56bfc062723c751e8b465ee728b)
Start importing Assets/topDown_baseTiles_293.asset using Guid(a6c5cc8a5f14c47109a40973fff4766b) Importer(815301076,1909f56bfc062723c751e8b465ee728b) (PreviewImporter) -> (artifact id: '687dfde95f918ac1bc38f956f342a13a') in 0.002865125 seconds
Number of updated asset objects reloaded before import = 0Number of asset objects unloaded after import = 3

========================================================================
Received Import Request.
  Time since last request: 0.000035 seconds.
  path: Assets/topDown_baseTiles_256.asset
  artifactKey: Guid(257721a8175fa4c1196c2312f8c90ff7) Importer(815301076,1909f56bfc062723c751e8b465ee728b)
Start importing Assets/topDown_baseTiles_256.asset using Guid(257721a8175fa4c1196c2312f8c90ff7) Importer(815301076,1909f56bfc062723c751e8b465ee728b) (PreviewImporter) -> (artifact id: 'f280c02ebc6af436cb7bd5efbe9a7e01') in 0.002995667 seconds
Number of updated asset objects reloaded before import = 0Number of asset objects unloaded after import = 3

========================================================================
Received Import Request.
  Time since last request: 0.000081 seconds.
  path: Assets/topDown_baseTiles_277.asset
  artifactKey: Guid(0a019b9b435ef456c9a0f0d03372fc7f) Importer(815301076,1909f56bfc062723c751e8b465ee728b)
Start importing Assets/topDown_baseTiles_277.asset using Guid(0a019b9b435ef456c9a0f0d03372fc7f) Importer(815301076,1909f56bfc062723c751e8b465ee728b) (PreviewImporter) -> (artifact id: '35b414789bc020eb069f8ab9f4ce0e8b') in 0.003066542 seconds
Number of updated asset objects reloaded before import = 0Number of asset objects unloaded after import = 3

========================================================================
Received Import Request.
  Time since last request: 0.000041 seconds.
  path: Assets/topDown_baseTiles_284.asset
  artifactKey: Guid(1bac93132171241fa8c21dbf583b189d) Importer(815301076,1909f56bfc062723c751e8b465ee728b)
Start importing Assets/topDown_baseTiles_284.asset using Guid(1bac93132171241fa8c21dbf583b189d) Importer(815301076,1909f56bfc062723c751e8b465ee728b) (PreviewImporter) -> (artifact id: 'd8eef5833cad9f1cb2e2f29ad9d3189a') in 0.003340916 seconds
Number of updated asset objects reloaded before import = 0Number of asset objects unloaded after import = 3

========================================================================
Received Import Request.
  Time since last request: 0.000024 seconds.
  path: Assets/topDown_baseTiles_272.asset
  artifactKey: Guid(4c24c1ec2bd5d4c7b9646b567bb4204a) Importer(815301076,1909f56bfc062723c751e8b465ee728b)
Start importing Assets/topDown_baseTiles_272.asset using Guid(4c24c1ec2bd5d4c7b9646b567bb4204a) Importer(815301076,1909f56bfc062723c751e8b465ee728b) (PreviewImporter) -> (artifact id: '35493b5124625726f8482fe48ac6da6c') in 0.002582 seconds
Number of updated asset objects reloaded before import = 0Number of asset objects unloaded after import = 3

========================================================================
Received Import Request.
  Time since last request: 0.000025 seconds.
  path: Assets/topDown_baseTiles_300.asset
  artifactKey: Guid(a20548008bcde45baab9e96f32741ebb) Importer(815301076,1909f56bfc062723c751e8b465ee728b)
Start importing Assets/topDown_baseTiles_300.asset using Guid(a20548008bcde45baab9e96f32741ebb) Importer(815301076,1909f56bfc062723c751e8b465ee728b) (PreviewImporter) -> (artifact id: '14ae404bd74be122eff39dfcbce68233') in 0.002415708 seconds
Number of updated asset objects reloaded before import = 0Number of asset objects unloaded after import = 3

========================================================================
Received Import Request.
  Time since last request: 0.000022 seconds.
  path: Assets/topDown_baseTiles_308.asset
  artifactKey: Guid(4813f02d72bb2417e872f5fec6d9f9cc) Importer(815301076,1909f56bfc062723c751e8b465ee728b)
Start importing Assets/topDown_baseTiles_308.asset using Guid(4813f02d72bb2417e872f5fec6d9f9cc) Importer(815301076,1909f56bfc062723c751e8b465ee728b) (PreviewImporter) -> (artifact id: '4c0ef47334cee73ee307034c2dc56a2e') in 0.002377083 seconds
Number of updated asset objects reloaded before import = 0Number of asset objects unloaded after import = 3

========================================================================
Received Import Request.
  Time since last request: 0.000082 seconds.
  path: Assets/topDown_baseTiles_311.asset
  artifactKey: Guid(49d9b2de250694284a044814e339442a) Importer(815301076,1909f56bfc062723c751e8b465ee728b)
Start importing Assets/topDown_baseTiles_311.asset using Guid(49d9b2de250694284a044814e339442a) Importer(815301076,1909f56bfc062723c751e8b465ee728b) (PreviewImporter) -> (artifact id: '0a833c44b9188636eaf197b52c1cd56b') in 0.003168625 seconds
Number of updated asset objects reloaded before import = 0Number of asset objects unloaded after import = 3

========================================================================
Received Import Request.
  Time since last request: 0.000034 seconds.
  path: Assets/topDown_baseTiles_312.asset
  artifactKey: Guid(9c21820c91b474be7b56d51bb5a77fe9) Importer(815301076,1909f56bfc062723c751e8b465ee728b)
Start importing Assets/topDown_baseTiles_312.asset using Guid(9c21820c91b474be7b56d51bb5a77fe9) Importer(815301076,1909f56bfc062723c751e8b465ee728b) (PreviewImporter) -> (artifact id: '4243b9ed6223ebb996136598f04386fd') in 0.002941875 seconds
Number of updated asset objects reloaded before import = 0Number of asset objects unloaded after import = 3

========================================================================
Received Import Request.
  Time since last request: 0.000062 seconds.
  path: Assets/topDown_baseTiles_296.asset
  artifactKey: Guid(65a609c34971b49fe8f4099c0abde477) Importer(815301076,1909f56bfc062723c751e8b465ee728b)
Start importing Assets/topDown_baseTiles_296.asset using Guid(65a609c34971b49fe8f4099c0abde477) Importer(815301076,1909f56bfc062723c751e8b465ee728b) (PreviewImporter) -> (artifact id: '130ee3bf95f94903628d4c06d4979609') in 0.002920084 seconds
Number of updated asset objects reloaded before import = 0Number of asset objects unloaded after import = 3

========================================================================
Received Import Request.
  Time since last request: 0.000034 seconds.
  path: Assets/topDown_baseTiles_295.asset
  artifactKey: Guid(7b9fcceb77e8246adbd5abf66460d469) Importer(815301076,1909f56bfc062723c751e8b465ee728b)
Start importing Assets/topDown_baseTiles_295.asset using Guid(7b9fcceb77e8246adbd5abf66460d469) Importer(815301076,1909f56bfc062723c751e8b465ee728b) (PreviewImporter) -> (artifact id: 'c118ca9c63cd81176099e0952073a5b3') in 0.002663875 seconds
Number of updated asset objects reloaded before import = 0Number of asset objects unloaded after import = 3

========================================================================
Received Import Request.
  Time since last request: 0.000027 seconds.
  path: Assets/topDown_baseTiles_315.asset
  artifactKey: Guid(fa5ae06cea6ea4b50b0a7e3711d5b19e) Importer(815301076,1909f56bfc062723c751e8b465ee728b)
Start importing Assets/topDown_baseTiles_315.asset using Guid(fa5ae06cea6ea4b50b0a7e3711d5b19e) Importer(815301076,1909f56bfc062723c751e8b465ee728b) (PreviewImporter) -> (artifact id: '8f53e8781c77ac1503b75bb876e8cee9') in 0.002909084 seconds
Number of updated asset objects reloaded before import = 0Number of asset objects unloaded after import = 3

========================================================================
Received Import Request.
  Time since last request: 0.000025 seconds.
  path: Assets/topDown_baseTiles_299.asset
  artifactKey: Guid(c349bb9bf0f8f457f852656a3a622fd5) Importer(815301076,1909f56bfc062723c751e8b465ee728b)
Start importing Assets/topDown_baseTiles_299.asset using Guid(c349bb9bf0f8f457f852656a3a622fd5) Importer(815301076,1909f56bfc062723c751e8b465ee728b) (PreviewImporter) -> (artifact id: '9f828e6999d2dd8da42b15e0b7f72d7f') in 0.003158167 seconds
Number of updated asset objects reloaded before import = 0Number of asset objects unloaded after import = 3

========================================================================
Received Import Request.
  Time since last request: 0.000056 seconds.
  path: Assets/topDown_baseTiles_301.asset
  artifactKey: Guid(a89076413852e41a89bf741d35ee9d30) Importer(815301076,1909f56bfc062723c751e8b465ee728b)
Start importing Assets/topDown_baseTiles_301.asset using Guid(a89076413852e41a89bf741d35ee9d30) Importer(815301076,1909f56bfc062723c751e8b465ee728b) (PreviewImporter) -> (artifact id: '0354b72d5a61356f513a38b499e8e633') in 0.002233417 seconds
Number of updated asset objects reloaded before import = 0Number of asset objects unloaded after import = 3

========================================================================
Received Import Request.
  Time since last request: 0.000024 seconds.
  path: Assets/topDown_baseTiles_318.asset
  artifactKey: Guid(db2e3348e7e4d49a68731a08773950f6) Importer(815301076,1909f56bfc062723c751e8b465ee728b)
Start importing Assets/topDown_baseTiles_318.asset using Guid(db2e3348e7e4d49a68731a08773950f6) Importer(815301076,1909f56bfc062723c751e8b465ee728b) (PreviewImporter) -> (artifact id: 'b0851d264b6a1073c1be3f7684e112a7') in 0.002830875 seconds
Number of updated asset objects reloaded before import = 0Number of asset objects unloaded after import = 3

========================================================================
Received Import Request.
  Time since last request: 0.000063 seconds.
  path: Assets/topDown_baseTiles_325.asset
  artifactKey: Guid(960374a6bbbac4d4a8de371025d42299) Importer(815301076,1909f56bfc062723c751e8b465ee728b)
Start importing Assets/topDown_baseTiles_325.asset using Guid(960374a6bbbac4d4a8de371025d42299) Importer(815301076,1909f56bfc062723c751e8b465ee728b) (PreviewImporter) -> (artifact id: 'a7e913240da3675c9d3339228ed684a0') in 0.00335375 seconds
Number of updated asset objects reloaded before import = 0Number of asset objects unloaded after import = 3

========================================================================
Received Import Request.
  Time since last request: 0.000030 seconds.
  path: Assets/topDown_baseTiles_321.asset
  artifactKey: Guid(2f6c122ae45db4535b5f5e17cda65019) Importer(815301076,1909f56bfc062723c751e8b465ee728b)
Start importing Assets/topDown_baseTiles_321.asset using Guid(2f6c122ae45db4535b5f5e17cda65019) Importer(815301076,1909f56bfc062723c751e8b465ee728b) (PreviewImporter) -> (artifact id: 'd331c21e80d86bebd976a06486418bbb') in 0.002971834 seconds
Number of updated asset objects reloaded before import = 0Number of asset objects unloaded after import = 3

========================================================================
Received Import Request.
  Time since last request: 0.000069 seconds.
  path: Assets/topDown_baseTiles_326.asset
  artifactKey: Guid(7a4d883e577a145928dcac2609db6165) Importer(815301076,1909f56bfc062723c751e8b465ee728b)
Start importing Assets/topDown_baseTiles_326.asset using Guid(7a4d883e577a145928dcac2609db6165) Importer(815301076,1909f56bfc062723c751e8b465ee728b) (PreviewImporter) -> (artifact id: '57e67bbb38a82e16042fe7a0f61cf673') in 0.002554458 seconds
Number of updated asset objects reloaded before import = 0Number of asset objects unloaded after import = 3

========================================================================
Received Import Request.
  Time since last request: 0.000039 seconds.
  path: Assets/topDown_baseTiles_331.asset
  artifactKey: Guid(817f5aa80ae9a4ee59dda6202969dec9) Importer(815301076,1909f56bfc062723c751e8b465ee728b)
Start importing Assets/topDown_baseTiles_331.asset using Guid(817f5aa80ae9a4ee59dda6202969dec9) Importer(815301076,1909f56bfc062723c751e8b465ee728b) (PreviewImporter) -> (artifact id: 'ec3a3ffa6fef26f4c4354019a52c9b1c') in 0.002554042 seconds
Number of updated asset objects reloaded before import = 0Number of asset objects unloaded after import = 3

========================================================================
Received Import Request.
  Time since last request: 0.000050 seconds.
  path: Assets/topDown_baseTiles_333.asset
  artifactKey: Guid(fe8cf4aa0363843948dc8c5b3cc39349) Importer(815301076,1909f56bfc062723c751e8b465ee728b)
Start importing Assets/topDown_baseTiles_333.asset using Guid(fe8cf4aa0363843948dc8c5b3cc39349) Importer(815301076,1909f56bfc062723c751e8b465ee728b) (PreviewImporter) -> (artifact id: '73fd1894763c44212168a504857abae3') in 0.003143458 seconds
Number of updated asset objects reloaded before import = 0Number of asset objects unloaded after import = 3

========================================================================
Received Import Request.
  Time since last request: 0.000171 seconds.
  path: Assets/topDown_baseTiles_336.asset
  artifactKey: Guid(cff89ac1bda454b77a0cac6eacd9dd38) Importer(815301076,1909f56bfc062723c751e8b465ee728b)
Start importing Assets/topDown_baseTiles_336.asset using Guid(cff89ac1bda454b77a0cac6eacd9dd38) Importer(815301076,1909f56bfc062723c751e8b465ee728b) (PreviewImporter) -> (artifact id: '891fbbd9e2b4a8d19e7a2bf2b7ac5d68') in 0.003320208 seconds
Number of updated asset objects reloaded before import = 0Number of asset objects unloaded after import = 3

========================================================================
Received Import Request.
  Time since last request: 0.000072 seconds.
  path: Assets/topDown_baseTiles_335.asset
  artifactKey: Guid(c7ace06fc95e64e52b5f98476680d7d6) Importer(815301076,1909f56bfc062723c751e8b465ee728b)
Start importing Assets/topDown_baseTiles_335.asset using Guid(c7ace06fc95e64e52b5f98476680d7d6) Importer(815301076,1909f56bfc062723c751e8b465ee728b) (PreviewImporter) -> (artifact id: 'd39daa2b5283533a7f02ae75eb212db4') in 0.002648958 seconds
Number of updated asset objects reloaded before import = 0Number of asset objects unloaded after import = 3

========================================================================
Received Import Request.
  Time since last request: 0.000039 seconds.
  path: Assets/topDown_baseTiles_343.asset
  artifactKey: Guid(f45220377fbf94242a05139827311ec6) Importer(815301076,1909f56bfc062723c751e8b465ee728b)
Start importing Assets/topDown_baseTiles_343.asset using Guid(f45220377fbf94242a05139827311ec6) Importer(815301076,1909f56bfc062723c751e8b465ee728b) (PreviewImporter) -> (artifact id: 'a2c30837a201b1d9e0b2fa0f30d888ab') in 0.004746834 seconds
Number of updated asset objects reloaded before import = 0Number of asset objects unloaded after import = 3

========================================================================
Received Import Request.
  Time since last request: 0.000031 seconds.
  path: Assets/topDown_baseTiles_346.asset
  artifactKey: Guid(788f479deaaa446ccbd6f4eedeca773b) Importer(815301076,1909f56bfc062723c751e8b465ee728b)
Start importing Assets/topDown_baseTiles_346.asset using Guid(788f479deaaa446ccbd6f4eedeca773b) Importer(815301076,1909f56bfc062723c751e8b465ee728b) (PreviewImporter) -> (artifact id: '217180fb458fa0a6fc669e0d6adc9edd') in 0.002309084 seconds
Number of updated asset objects reloaded before import = 0Number of asset objects unloaded after import = 3

========================================================================
Received Import Request.
  Time since last request: 0.000027 seconds.
  path: Assets/topDown_baseTiles_349.asset
  artifactKey: Guid(1cb3592fee229402eb661e868ac82474) Importer(815301076,1909f56bfc062723c751e8b465ee728b)
Start importing Assets/topDown_baseTiles_349.asset using Guid(1cb3592fee229402eb661e868ac82474) Importer(815301076,1909f56bfc062723c751e8b465ee728b) (PreviewImporter) -> (artifact id: 'd8edc0fe595a78a1b0f5d5b1fa0f542a') in 0.002725833 seconds
Number of updated asset objects reloaded before import = 0Number of asset objects unloaded after import = 3

========================================================================
Received Import Request.
  Time since last request: 0.000041 seconds.
  path: Assets/topDown_baseTiles_344.asset
  artifactKey: Guid(a13deab0f866f412fadc222ef3481937) Importer(815301076,1909f56bfc062723c751e8b465ee728b)
Start importing Assets/topDown_baseTiles_344.asset using Guid(a13deab0f866f412fadc222ef3481937) Importer(815301076,1909f56bfc062723c751e8b465ee728b) (PreviewImporter) -> (artifact id: '3adc2deeaff52299c069ed0ce7a504c3') in 0.002889917 seconds
Number of updated asset objects reloaded before import = 0Number of asset objects unloaded after import = 3

========================================================================
Received Import Request.
  Time since last request: 0.000121 seconds.
  path: Assets/topDown_baseTiles_339.asset
  artifactKey: Guid(628c1cd403f304c0293065042912aef6) Importer(815301076,1909f56bfc062723c751e8b465ee728b)
Start importing Assets/topDown_baseTiles_339.asset using Guid(628c1cd403f304c0293065042912aef6) Importer(815301076,1909f56bfc062723c751e8b465ee728b) (PreviewImporter) -> (artifact id: '80231949401982730edd0b06228010ac') in 0.002114334 seconds
Number of updated asset objects reloaded before import = 0Number of asset objects unloaded after import = 3

========================================================================
Received Import Request.
  Time since last request: 0.000024 seconds.
  path: Assets/topDown_baseTiles_319.asset
  artifactKey: Guid(d08e755413bba44f88641ec674a4072e) Importer(815301076,1909f56bfc062723c751e8b465ee728b)
Start importing Assets/topDown_baseTiles_319.asset using Guid(d08e755413bba44f88641ec674a4072e) Importer(815301076,1909f56bfc062723c751e8b465ee728b) (PreviewImporter) -> (artifact id: '754e5bbf464f2a81abdac88b90e5d53a') in 0.002889125 seconds
Number of updated asset objects reloaded before import = 0Number of asset objects unloaded after import = 3

========================================================================
Received Import Request.
  Time since last request: 0.000025 seconds.
  path: Assets/topDown_baseTiles_348.asset
  artifactKey: Guid(24c4551cb2ee94f6ba7b321ea318b0c3) Importer(815301076,1909f56bfc062723c751e8b465ee728b)
Start importing Assets/topDown_baseTiles_348.asset using Guid(24c4551cb2ee94f6ba7b321ea318b0c3) Importer(815301076,1909f56bfc062723c751e8b465ee728b) (PreviewImporter) -> (artifact id: '4e90fe63edaa4ff784ceb974e983efe2') in 0.002323 seconds
Number of updated asset objects reloaded before import = 0Number of asset objects unloaded after import = 3

========================================================================
Received Import Request.
  Time since last request: 0.000056 seconds.
  path: Assets/topDown_baseTiles_298.asset
  artifactKey: Guid(b8864e67b19b442b7b2001601feb77b2) Importer(815301076,1909f56bfc062723c751e8b465ee728b)
Start importing Assets/topDown_baseTiles_298.asset using Guid(b8864e67b19b442b7b2001601feb77b2) Importer(815301076,1909f56bfc062723c751e8b465ee728b) (PreviewImporter) -> (artifact id: '8970d884fcf555b298aeb522db0714ad') in 0.002127875 seconds
Number of updated asset objects reloaded before import = 0Number of asset objects unloaded after import = 3

========================================================================
Received Import Request.
  Time since last request: 0.000036 seconds.
  path: Assets/topDown_baseTiles_351.asset
  artifactKey: Guid(6bc7a210a7afa46b4b1c90f215253575) Importer(815301076,1909f56bfc062723c751e8b465ee728b)
Start importing Assets/topDown_baseTiles_351.asset using Guid(6bc7a210a7afa46b4b1c90f215253575) Importer(815301076,1909f56bfc062723c751e8b465ee728b) (PreviewImporter) -> (artifact id: '0328136f2a84fa49a6ee76dbbd830b54') in 0.002697542 seconds
Number of updated asset objects reloaded before import = 0Number of asset objects unloaded after import = 3

========================================================================
Received Import Request.
  Time since last request: 0.000039 seconds.
  path: Assets/topDown_baseTiles_354.asset
  artifactKey: Guid(e6000408fce0249cc824de6d4ddc5d59) Importer(815301076,1909f56bfc062723c751e8b465ee728b)
Start importing Assets/topDown_baseTiles_354.asset using Guid(e6000408fce0249cc824de6d4ddc5d59) Importer(815301076,1909f56bfc062723c751e8b465ee728b) (PreviewImporter) -> (artifact id: 'ed4869df780278b50cc65c08284a43a8') in 0.002482208 seconds
Number of updated asset objects reloaded before import = 0Number of asset objects unloaded after import = 3

========================================================================
Received Import Request.
  Time since last request: 0.000026 seconds.
  path: Assets/topDown_baseTiles_359.asset
  artifactKey: Guid(b0003224952b04e119dc70085854d868) Importer(815301076,1909f56bfc062723c751e8b465ee728b)
Start importing Assets/topDown_baseTiles_359.asset using Guid(b0003224952b04e119dc70085854d868) Importer(815301076,1909f56bfc062723c751e8b465ee728b) (PreviewImporter) -> (artifact id: 'ab5b6ab81fbe40175c45973d00d72f8b') in 0.002428792 seconds
Number of updated asset objects reloaded before import = 0Number of asset objects unloaded after import = 3

========================================================================
Received Import Request.
  Time since last request: 0.000063 seconds.
  path: Assets/topDown_baseTiles_362.asset
  artifactKey: Guid(eaf735d66cfa74bcdb77006798207cc8) Importer(815301076,1909f56bfc062723c751e8b465ee728b)
Start importing Assets/topDown_baseTiles_362.asset using Guid(eaf735d66cfa74bcdb77006798207cc8) Importer(815301076,1909f56bfc062723c751e8b465ee728b) (PreviewImporter) -> (artifact id: 'c4c0e709f4595e221c3863f209d2c482') in 0.002619584 seconds
Number of updated asset objects reloaded before import = 0Number of asset objects unloaded after import = 3

========================================================================
Received Import Request.
  Time since last request: 0.000024 seconds.
  path: Assets/topDown_baseTiles_371.asset
  artifactKey: Guid(195b767d5918040caa049be8dcc6a444) Importer(815301076,1909f56bfc062723c751e8b465ee728b)
Start importing Assets/topDown_baseTiles_371.asset using Guid(195b767d5918040caa049be8dcc6a444) Importer(815301076,1909f56bfc062723c751e8b465ee728b) (PreviewImporter) -> (artifact id: '88b3f8b84f1a5011e5e143a880bbbf28') in 0.0025565 seconds
Number of updated asset objects reloaded before import = 0Number of asset objects unloaded after import = 3

========================================================================
Received Import Request.
  Time since last request: 0.000091 seconds.
  path: Assets/topDown_baseTiles_365.asset
  artifactKey: Guid(a6f7c2cdf781c4a089b10413a957fd8f) Importer(815301076,1909f56bfc062723c751e8b465ee728b)
Start importing Assets/topDown_baseTiles_365.asset using Guid(a6f7c2cdf781c4a089b10413a957fd8f) Importer(815301076,1909f56bfc062723c751e8b465ee728b) (PreviewImporter) -> (artifact id: '73f5bcdbd64c3b38d9cde97d68f85056') in 0.002721792 seconds
Number of updated asset objects reloaded before import = 0Number of asset objects unloaded after import = 3

========================================================================
Received Import Request.
  Time since last request: 0.000142 seconds.
  path: Assets/topDown_baseTiles_357.asset
  artifactKey: Guid(71fd75cf2ea564cea90f1ac5b33d1249) Importer(815301076,1909f56bfc062723c751e8b465ee728b)
Start importing Assets/topDown_baseTiles_357.asset using Guid(71fd75cf2ea564cea90f1ac5b33d1249) Importer(815301076,1909f56bfc062723c751e8b465ee728b) (PreviewImporter) -> (artifact id: 'bfc5d5b17a59c6018ac51297275b9f09') in 0.0028205 seconds
Number of updated asset objects reloaded before import = 0Number of asset objects unloaded after import = 3

========================================================================
Received Import Request.
  Time since last request: 0.000063 seconds.
  path: Assets/topDown_baseTiles_376.asset
  artifactKey: Guid(1339d078e64764fcfb5c0899fd3b4a9a) Importer(815301076,1909f56bfc062723c751e8b465ee728b)
Start importing Assets/topDown_baseTiles_376.asset using Guid(1339d078e64764fcfb5c0899fd3b4a9a) Importer(815301076,1909f56bfc062723c751e8b465ee728b) (PreviewImporter) -> (artifact id: '344d98cb9dfd111bb756654deba22bfb') in 0.002616208 seconds
Number of updated asset objects reloaded before import = 0Number of asset objects unloaded after import = 3

========================================================================
Received Import Request.
  Time since last request: 0.000029 seconds.
  path: Assets/topDown_baseTiles_380.asset
  artifactKey: Guid(e609c0df4175443c5b77d543c2b57bb4) Importer(815301076,1909f56bfc062723c751e8b465ee728b)
Start importing Assets/topDown_baseTiles_380.asset using Guid(e609c0df4175443c5b77d543c2b57bb4) Importer(815301076,1909f56bfc062723c751e8b465ee728b) (PreviewImporter) -> (artifact id: '6fa88e580bad926a463131f8ee283779') in 0.002562083 seconds
Number of updated asset objects reloaded before import = 0Number of asset objects unloaded after import = 3

========================================================================
Received Import Request.
  Time since last request: 0.000104 seconds.
  path: Assets/topDown_baseTiles_374.asset
  artifactKey: Guid(41e03f8505e1c4ff295eac2d3de5b803) Importer(815301076,1909f56bfc062723c751e8b465ee728b)
Start importing Assets/topDown_baseTiles_374.asset using Guid(41e03f8505e1c4ff295eac2d3de5b803) Importer(815301076,1909f56bfc062723c751e8b465ee728b) (PreviewImporter) -> (artifact id: 'eff00e3bb9e3c8c2fd04d2013f853650') in 0.00240025 seconds
Number of updated asset objects reloaded before import = 0Number of asset objects unloaded after import = 3

========================================================================
Received Import Request.
  Time since last request: 0.000027 seconds.
  path: Assets/topDown_baseTiles_356.asset
  artifactKey: Guid(9239cf05902864bda9cd54460f83ad22) Importer(815301076,1909f56bfc062723c751e8b465ee728b)
Start importing Assets/topDown_baseTiles_356.asset using Guid(9239cf05902864bda9cd54460f83ad22) Importer(815301076,1909f56bfc062723c751e8b465ee728b) (PreviewImporter) -> (artifact id: '2f9f61f346bba986133116523707eae1') in 0.002935834 seconds
Number of updated asset objects reloaded before import = 0Number of asset objects unloaded after import = 3

========================================================================
Received Import Request.
  Time since last request: 0.000033 seconds.
  path: Assets/topDown_baseTiles_366.asset
  artifactKey: Guid(2a217ef5c9c2a4be7acde81e28786c3e) Importer(815301076,1909f56bfc062723c751e8b465ee728b)
Start importing Assets/topDown_baseTiles_366.asset using Guid(2a217ef5c9c2a4be7acde81e28786c3e) Importer(815301076,1909f56bfc062723c751e8b465ee728b) (PreviewImporter) -> (artifact id: '1a3a1fff5019970224831c69aad9870e') in 0.0032095 seconds
Number of updated asset objects reloaded before import = 0Number of asset objects unloaded after import = 3

========================================================================
Received Import Request.
  Time since last request: 0.000032 seconds.
  path: Assets/topDown_baseTiles_377.asset
  artifactKey: Guid(420109dcd7a3a422390c2189b8da902c) Importer(815301076,1909f56bfc062723c751e8b465ee728b)
Start importing Assets/topDown_baseTiles_377.asset using Guid(420109dcd7a3a422390c2189b8da902c) Importer(815301076,1909f56bfc062723c751e8b465ee728b) (PreviewImporter) -> (artifact id: '0bc3f3c6f41421135cd93a8108d17bee') in 0.002952667 seconds
Number of updated asset objects reloaded before import = 0Number of asset objects unloaded after import = 3

========================================================================
Received Import Request.
  Time since last request: 0.000092 seconds.
  path: Assets/topDown_baseTiles_382.asset
  artifactKey: Guid(3f06cc941a5494aa7ab0c5764404bf41) Importer(815301076,1909f56bfc062723c751e8b465ee728b)
Start importing Assets/topDown_baseTiles_382.asset using Guid(3f06cc941a5494aa7ab0c5764404bf41) Importer(815301076,1909f56bfc062723c751e8b465ee728b) (PreviewImporter) -> (artifact id: '6f5f4ee463067ccad1f99a36a5e79d23') in 0.002700209 seconds
Number of updated asset objects reloaded before import = 0Number of asset objects unloaded after import = 3

========================================================================
Received Import Request.
  Time since last request: 0.000029 seconds.
  path: Assets/topDown_baseTiles_381.asset
  artifactKey: Guid(ae9aefb44795046a09b32bf21081c5ba) Importer(815301076,1909f56bfc062723c751e8b465ee728b)
Start importing Assets/topDown_baseTiles_381.asset using Guid(ae9aefb44795046a09b32bf21081c5ba) Importer(815301076,1909f56bfc062723c751e8b465ee728b) (PreviewImporter) -> (artifact id: 'caf19c07ab0ba553fa698088e400852d') in 0.00255675 seconds
Number of updated asset objects reloaded before import = 0Number of asset objects unloaded after import = 3

========================================================================
Received Import Request.
  Time since last request: 0.000081 seconds.
  path: Assets/topDown_baseTiles_352.asset
  artifactKey: Guid(0367476c63f8d4198ab2379f8fa8013c) Importer(815301076,1909f56bfc062723c751e8b465ee728b)
Start importing Assets/topDown_baseTiles_352.asset using Guid(0367476c63f8d4198ab2379f8fa8013c) Importer(815301076,1909f56bfc062723c751e8b465ee728b) (PreviewImporter) -> (artifact id: 'd567c1101fcee0d98389cf866a1cc008') in 0.002552334 seconds
Number of updated asset objects reloaded before import = 0Number of asset objects unloaded after import = 3

========================================================================
Received Import Request.
  Time since last request: 0.000166 seconds.
  path: Assets/topDown_baseTiles_384.asset
  artifactKey: Guid(4377c82481fef4a97878430264bb4428) Importer(815301076,1909f56bfc062723c751e8b465ee728b)
Start importing Assets/topDown_baseTiles_384.asset using Guid(4377c82481fef4a97878430264bb4428) Importer(815301076,1909f56bfc062723c751e8b465ee728b) (PreviewImporter) -> (artifact id: 'b1fc6d5cd08e49c8df00239f333e3d2b') in 0.002712709 seconds
Number of updated asset objects reloaded before import = 0Number of asset objects unloaded after import = 3

========================================================================
Received Import Request.
  Time since last request: 0.000052 seconds.
  path: Assets/topDown_baseTiles_387.asset
  artifactKey: Guid(1dc8b6bf244214816b91c9e5a143be2c) Importer(815301076,1909f56bfc062723c751e8b465ee728b)
Start importing Assets/topDown_baseTiles_387.asset using Guid(1dc8b6bf244214816b91c9e5a143be2c) Importer(815301076,1909f56bfc062723c751e8b465ee728b) (PreviewImporter) -> (artifact id: '308a29f5f3a6053ea08c274d3d9f7a10') in 0.003092041 seconds
Number of updated asset objects reloaded before import = 0Number of asset objects unloaded after import = 3

========================================================================
Received Import Request.
  Time since last request: 0.000040 seconds.
  path: Assets/topDown_baseTiles_388.asset
  artifactKey: Guid(ca3c93eaba16e412cb1711de461d78c9) Importer(815301076,1909f56bfc062723c751e8b465ee728b)
Start importing Assets/topDown_baseTiles_388.asset using Guid(ca3c93eaba16e412cb1711de461d78c9) Importer(815301076,1909f56bfc062723c751e8b465ee728b) (PreviewImporter) -> (artifact id: '450fc4f73852ab574563a370113bf503') in 0.002657375 seconds
Number of updated asset objects reloaded before import = 0Number of asset objects unloaded after import = 3

========================================================================
Received Import Request.
  Time since last request: 0.000060 seconds.
  path: Assets/topDown_baseTiles_392.asset
  artifactKey: Guid(346215621ad5f42d1851d4bdcb6eae8d) Importer(815301076,1909f56bfc062723c751e8b465ee728b)
Start importing Assets/topDown_baseTiles_392.asset using Guid(346215621ad5f42d1851d4bdcb6eae8d) Importer(815301076,1909f56bfc062723c751e8b465ee728b) (PreviewImporter) -> (artifact id: '59c6f04323a57a9fca3c5f28edd963a3') in 0.002998 seconds
Number of updated asset objects reloaded before import = 0Number of asset objects unloaded after import = 3

========================================================================
Received Import Request.
  Time since last request: 0.000041 seconds.
  path: Assets/topDown_baseTiles_383.asset
  artifactKey: Guid(34e3405fe27fd4979868899ac9ffab2d) Importer(815301076,1909f56bfc062723c751e8b465ee728b)
Start importing Assets/topDown_baseTiles_383.asset using Guid(34e3405fe27fd4979868899ac9ffab2d) Importer(815301076,1909f56bfc062723c751e8b465ee728b) (PreviewImporter) -> (artifact id: '5751904596dc7596128ae8c66f9c63c9') in 0.003805584 seconds
Number of updated asset objects reloaded before import = 0Number of asset objects unloaded after import = 3

========================================================================
Received Import Request.
  Time since last request: 0.000076 seconds.
  path: Assets/topDown_baseTiles_286.asset
  artifactKey: Guid(afc73103628564de686a17aaf629a1d1) Importer(815301076,1909f56bfc062723c751e8b465ee728b)
Start importing Assets/topDown_baseTiles_286.asset using Guid(afc73103628564de686a17aaf629a1d1) Importer(815301076,1909f56bfc062723c751e8b465ee728b) (PreviewImporter) -> (artifact id: '34b7905590b570b1ff80bfb6b0bd271b') in 0.002343542 seconds
Number of updated asset objects reloaded before import = 0Number of asset objects unloaded after import = 3

========================================================================
Received Import Request.
  Time since last request: 0.000032 seconds.
  path: Assets/topDown_baseTiles_394.asset
  artifactKey: Guid(435a064039265439986b3ac6d38fbb64) Importer(815301076,1909f56bfc062723c751e8b465ee728b)
Start importing Assets/topDown_baseTiles_394.asset using Guid(435a064039265439986b3ac6d38fbb64) Importer(815301076,1909f56bfc062723c751e8b465ee728b) (PreviewImporter) -> (artifact id: 'eee23495b6863e26b28dffc6150b210f') in 0.002763667 seconds
Number of updated asset objects reloaded before import = 0Number of asset objects unloaded after import = 3

========================================================================
Received Import Request.
  Time since last request: 0.000041 seconds.
  path: Assets/topDown_baseTiles_403.asset
  artifactKey: Guid(56063ffc67a4549699a818dc26d45a70) Importer(815301076,1909f56bfc062723c751e8b465ee728b)
Start importing Assets/topDown_baseTiles_403.asset using Guid(56063ffc67a4549699a818dc26d45a70) Importer(815301076,1909f56bfc062723c751e8b465ee728b) (PreviewImporter) -> (artifact id: 'c907878886c3f8508da3d0f57e7f1c6c') in 0.002775042 seconds
Number of updated asset objects reloaded before import = 0Number of asset objects unloaded after import = 3

========================================================================
Received Import Request.
  Time since last request: 0.000025 seconds.
  path: Assets/topDown_baseTiles_398.asset
  artifactKey: Guid(4ae7bfcd7719c4a32a6a5680fffe088b) Importer(815301076,1909f56bfc062723c751e8b465ee728b)
Start importing Assets/topDown_baseTiles_398.asset using Guid(4ae7bfcd7719c4a32a6a5680fffe088b) Importer(815301076,1909f56bfc062723c751e8b465ee728b) (PreviewImporter) -> (artifact id: 'c630d8fb65f899f953007fa55e28dff2') in 0.002896834 seconds
Number of updated asset objects reloaded before import = 0Number of asset objects unloaded after import = 3

========================================================================
Received Import Request.
  Time since last request: 0.000030 seconds.
  path: Assets/topDown_baseTiles_397.asset
  artifactKey: Guid(650d2e19606b245d68a6d2e623de8e01) Importer(815301076,1909f56bfc062723c751e8b465ee728b)
Start importing Assets/topDown_baseTiles_397.asset using Guid(650d2e19606b245d68a6d2e623de8e01) Importer(815301076,1909f56bfc062723c751e8b465ee728b) (PreviewImporter) -> (artifact id: '16ab3716438334d55de778a0186b4949') in 0.00233825 seconds
Number of updated asset objects reloaded before import = 0Number of asset objects unloaded after import = 3

========================================================================
Received Import Request.
  Time since last request: 0.000026 seconds.
  path: Assets/topDown_baseTiles_407.asset
  artifactKey: Guid(e0174f28324014510a702580992bad79) Importer(815301076,1909f56bfc062723c751e8b465ee728b)
Start importing Assets/topDown_baseTiles_407.asset using Guid(e0174f28324014510a702580992bad79) Importer(815301076,1909f56bfc062723c751e8b465ee728b) (PreviewImporter) -> (artifact id: '91b16e6aacce52d2b47551437807c0ef') in 0.002307959 seconds
Number of updated asset objects reloaded before import = 0Number of asset objects unloaded after import = 3

========================================================================
Received Import Request.
  Time since last request: 0.000049 seconds.
  path: Assets/topDown_baseTiles_415.asset
  artifactKey: Guid(033516e84fbc740efb69c74cad62e9ec) Importer(815301076,1909f56bfc062723c751e8b465ee728b)
Start importing Assets/topDown_baseTiles_415.asset using Guid(033516e84fbc740efb69c74cad62e9ec) Importer(815301076,1909f56bfc062723c751e8b465ee728b) (PreviewImporter) -> (artifact id: '9ac0e2a1d11bc3d3ede59aa35e3b824d') in 0.002896459 seconds
Number of updated asset objects reloaded before import = 0Number of asset objects unloaded after import = 3

========================================================================
Received Import Request.
  Time since last request: 0.000036 seconds.
  path: Assets/topDown_baseTiles_411.asset
  artifactKey: Guid(76ebab020f8784140ab35e3d9afb066c) Importer(815301076,1909f56bfc062723c751e8b465ee728b)
Start importing Assets/topDown_baseTiles_411.asset using Guid(76ebab020f8784140ab35e3d9afb066c) Importer(815301076,1909f56bfc062723c751e8b465ee728b) (PreviewImporter) -> (artifact id: '20665b9cc2c6d588d3bcf461307c0bf4') in 0.002909875 seconds
Number of updated asset objects reloaded before import = 0Number of asset objects unloaded after import = 3

========================================================================
Received Import Request.
  Time since last request: 0.000025 seconds.
  path: Assets/topDown_baseTiles_413.asset
  artifactKey: Guid(f509f49067de34cbe965c1dee2cef394) Importer(815301076,1909f56bfc062723c751e8b465ee728b)
Start importing Assets/topDown_baseTiles_413.asset using Guid(f509f49067de34cbe965c1dee2cef394) Importer(815301076,1909f56bfc062723c751e8b465ee728b) (PreviewImporter) -> (artifact id: 'c9c110b3fba163be8117aaa8995c17a0') in 0.002757708 seconds
Number of updated asset objects reloaded before import = 0Number of asset objects unloaded after import = 3

========================================================================
Received Import Request.
  Time since last request: 0.000117 seconds.
  path: Assets/topDown_baseTiles_409.asset
  artifactKey: Guid(e50003de10a8d43a690272cda7965969) Importer(815301076,1909f56bfc062723c751e8b465ee728b)
Start importing Assets/topDown_baseTiles_409.asset using Guid(e50003de10a8d43a690272cda7965969) Importer(815301076,1909f56bfc062723c751e8b465ee728b) (PreviewImporter) -> (artifact id: '123875de549a287bdaca62f91c462df4') in 0.003015625 seconds
Number of updated asset objects reloaded before import = 0Number of asset objects unloaded after import = 3

========================================================================
Received Import Request.
  Time since last request: 0.000024 seconds.
  path: Assets/topDown_baseTiles_402.asset
  artifactKey: Guid(bab3dc89d7a45489f87a91568cf76343) Importer(815301076,1909f56bfc062723c751e8b465ee728b)
Start importing Assets/topDown_baseTiles_402.asset using Guid(bab3dc89d7a45489f87a91568cf76343) Importer(815301076,1909f56bfc062723c751e8b465ee728b) (PreviewImporter) -> (artifact id: '3d99b905dd9b456776fe9c5a68a0a3fe') in 0.002830625 seconds
Number of updated asset objects reloaded before import = 0Number of asset objects unloaded after import = 3

========================================================================
Received Import Request.
  Time since last request: 0.000024 seconds.
  path: Assets/topDown_baseTiles_288.asset
  artifactKey: Guid(ff5962cbd8c664b9f93d2d80da1c8fc3) Importer(815301076,1909f56bfc062723c751e8b465ee728b)
Start importing Assets/topDown_baseTiles_288.asset using Guid(ff5962cbd8c664b9f93d2d80da1c8fc3) Importer(815301076,1909f56bfc062723c751e8b465ee728b) (PreviewImporter) -> (artifact id: '702128e7ed407cb6c3aa37ba70f68108') in 0.003404916 seconds
Number of updated asset objects reloaded before import = 0Number of asset objects unloaded after import = 3

========================================================================
Received Import Request.
  Time since last request: 0.000052 seconds.
  path: Assets/topDown_baseTiles_306.asset
  artifactKey: Guid(147286dc5a31c43f18a54d5266d02aa8) Importer(815301076,1909f56bfc062723c751e8b465ee728b)
Start importing Assets/topDown_baseTiles_306.asset using Guid(147286dc5a31c43f18a54d5266d02aa8) Importer(815301076,1909f56bfc062723c751e8b465ee728b) (PreviewImporter) -> (artifact id: '1c2c5303dbc38baa75ac7b9674f2e23d') in 0.002823042 seconds
Number of updated asset objects reloaded before import = 0Number of asset objects unloaded after import = 3

========================================================================
Received Import Request.
  Time since last request: 0.000028 seconds.
  path: Assets/topDown_baseTiles_420.asset
  artifactKey: Guid(7add5d32089f64354b496b570592beaa) Importer(815301076,1909f56bfc062723c751e8b465ee728b)
Start importing Assets/topDown_baseTiles_420.asset using Guid(7add5d32089f64354b496b570592beaa) Importer(815301076,1909f56bfc062723c751e8b465ee728b) (PreviewImporter) -> (artifact id: 'b7febf23edb15e1758909b9b66b57a1c') in 0.002529708 seconds
Number of updated asset objects reloaded before import = 0Number of asset objects unloaded after import = 3

========================================================================
Received Import Request.
  Time since last request: 0.000039 seconds.
  path: Assets/topDown_baseTiles_422.asset
  artifactKey: Guid(f2974d4e5f9814f149d214fb6174e701) Importer(815301076,1909f56bfc062723c751e8b465ee728b)
Start importing Assets/topDown_baseTiles_422.asset using Guid(f2974d4e5f9814f149d214fb6174e701) Importer(815301076,1909f56bfc062723c751e8b465ee728b) (PreviewImporter) -> (artifact id: '7fdb8a9384a8542fc9c458adc97989f7') in 0.002796958 seconds
Number of updated asset objects reloaded before import = 0Number of asset objects unloaded after import = 3

========================================================================
Received Import Request.
  Time since last request: 0.000027 seconds.
  path: Assets/topDown_baseTiles_416.asset
  artifactKey: Guid(2f15856d598284565bd98573ffefa1da) Importer(815301076,1909f56bfc062723c751e8b465ee728b)
Start importing Assets/topDown_baseTiles_416.asset using Guid(2f15856d598284565bd98573ffefa1da) Importer(815301076,1909f56bfc062723c751e8b465ee728b) (PreviewImporter) -> (artifact id: '1028f63122a4733a19d1ea2f28a6df09') in 0.00372475 seconds
Number of updated asset objects reloaded before import = 0Number of asset objects unloaded after import = 3

========================================================================
Received Import Request.
  Time since last request: 0.000047 seconds.
  path: Assets/topDown_baseTiles_418.asset
  artifactKey: Guid(dd68b662ec0a6438d9497000e38832be) Importer(815301076,1909f56bfc062723c751e8b465ee728b)
Start importing Assets/topDown_baseTiles_418.asset using Guid(dd68b662ec0a6438d9497000e38832be) Importer(815301076,1909f56bfc062723c751e8b465ee728b) (PreviewImporter) -> (artifact id: '715fadeb525cbb63a75167d8728b2f19') in 0.002493541 seconds
Number of updated asset objects reloaded before import = 0Number of asset objects unloaded after import = 3

========================================================================
Received Import Request.
  Time since last request: 0.000033 seconds.
  path: Assets/topDown_baseTiles_426.asset
  artifactKey: Guid(836786a0af45b43e4a65dceb508fa2f4) Importer(815301076,1909f56bfc062723c751e8b465ee728b)
Start importing Assets/topDown_baseTiles_426.asset using Guid(836786a0af45b43e4a65dceb508fa2f4) Importer(815301076,1909f56bfc062723c751e8b465ee728b) (PreviewImporter) -> (artifact id: '1dfe0763d724c95f958a4fedbd0941fb') in 0.002835375 seconds
Number of updated asset objects reloaded before import = 0Number of asset objects unloaded after import = 3

========================================================================
Received Import Request.
  Time since last request: 0.000032 seconds.
  path: Assets/topDown_baseTiles_429.asset
  artifactKey: Guid(14d220c133bd64daf8ff96e7cdbb2b51) Importer(815301076,1909f56bfc062723c751e8b465ee728b)
Start importing Assets/topDown_baseTiles_429.asset using Guid(14d220c133bd64daf8ff96e7cdbb2b51) Importer(815301076,1909f56bfc062723c751e8b465ee728b) (PreviewImporter) -> (artifact id: '29d8d0962bd9e96e22ae3dba7c122a6a') in 0.003029375 seconds
Number of updated asset objects reloaded before import = 0Number of asset objects unloaded after import = 3

========================================================================
Received Import Request.
  Time since last request: 0.000033 seconds.
  path: Assets/topDown_baseTiles_430.asset
  artifactKey: Guid(f89a21e6d83614164a126755c0b9b3aa) Importer(815301076,1909f56bfc062723c751e8b465ee728b)
Start importing Assets/topDown_baseTiles_430.asset using Guid(f89a21e6d83614164a126755c0b9b3aa) Importer(815301076,1909f56bfc062723c751e8b465ee728b) (PreviewImporter) -> (artifact id: '1b1637663be147944e11044ff09183fd') in 0.002375208 seconds
Number of updated asset objects reloaded before import = 0Number of asset objects unloaded after import = 3

========================================================================
Received Import Request.
  Time since last request: 0.000027 seconds.
  path: Assets/topDown_baseTiles_435.asset
  artifactKey: Guid(c1edbd3a3ecba44fc9820a0946442a9c) Importer(815301076,1909f56bfc062723c751e8b465ee728b)
Start importing Assets/topDown_baseTiles_435.asset using Guid(c1edbd3a3ecba44fc9820a0946442a9c) Importer(815301076,1909f56bfc062723c751e8b465ee728b) (PreviewImporter) -> (artifact id: '097af0e334851fa4171c9b8e1050c3b2') in 0.002668458 seconds
Number of updated asset objects reloaded before import = 0Number of asset objects unloaded after import = 3

========================================================================
Received Import Request.
  Time since last request: 0.000067 seconds.
  path: Assets/topDown_baseTiles_436.asset
  artifactKey: Guid(6306a6692c5c4417a95f823fe875fe41) Importer(815301076,1909f56bfc062723c751e8b465ee728b)
Start importing Assets/topDown_baseTiles_436.asset using Guid(6306a6692c5c4417a95f823fe875fe41) Importer(815301076,1909f56bfc062723c751e8b465ee728b) (PreviewImporter) -> (artifact id: '96c192d0c7c3341b6dedd042ae5ba066') in 0.003288291 seconds
Number of updated asset objects reloaded before import = 0Number of asset objects unloaded after import = 3

========================================================================
Received Import Request.
  Time since last request: 0.000034 seconds.
  path: Assets/topDown_baseTiles_423.asset
  artifactKey: Guid(5ad799aa4fa094dd4afc7eb868f523f8) Importer(815301076,1909f56bfc062723c751e8b465ee728b)
Start importing Assets/topDown_baseTiles_423.asset using Guid(5ad799aa4fa094dd4afc7eb868f523f8) Importer(815301076,1909f56bfc062723c751e8b465ee728b) (PreviewImporter) -> (artifact id: 'a72ab84004b0f53dc5300f93e8a10878') in 0.003363083 seconds
Number of updated asset objects reloaded before import = 0Number of asset objects unloaded after import = 3

========================================================================
Received Import Request.
  Time since last request: 0.000090 seconds.
  path: Assets/topDown_baseTiles_428.asset
  artifactKey: Guid(f68566ee4e32f46728148f588e006bb5) Importer(815301076,1909f56bfc062723c751e8b465ee728b)
Start importing Assets/topDown_baseTiles_428.asset using Guid(f68566ee4e32f46728148f588e006bb5) Importer(815301076,1909f56bfc062723c751e8b465ee728b) (PreviewImporter) -> (artifact id: '44285004de4e5d2ee2fc44bb635bc47c') in 0.003323791 seconds
Number of updated asset objects reloaded before import = 0Number of asset objects unloaded after import = 3

========================================================================
Received Import Request.
  Time since last request: 0.000039 seconds.
  path: Assets/topDown_baseTiles_330.asset
  artifactKey: Guid(3df7fb5cd1e264a1cb6cffc564f1f9c9) Importer(815301076,1909f56bfc062723c751e8b465ee728b)
Start importing Assets/topDown_baseTiles_330.asset using Guid(3df7fb5cd1e264a1cb6cffc564f1f9c9) Importer(815301076,1909f56bfc062723c751e8b465ee728b) (PreviewImporter) -> (artifact id: 'a73f3074a506bc602c18b92f0cb36907') in 0.00321775 seconds
Number of updated asset objects reloaded before import = 0Number of asset objects unloaded after import = 3

========================================================================
Received Import Request.
  Time since last request: 0.000084 seconds.
  path: Assets/topDown_baseTiles_372.asset
  artifactKey: Guid(61052276d6ecb4df1816aa1421937fa5) Importer(815301076,1909f56bfc062723c751e8b465ee728b)
Start importing Assets/topDown_baseTiles_372.asset using Guid(61052276d6ecb4df1816aa1421937fa5) Importer(815301076,1909f56bfc062723c751e8b465ee728b) (PreviewImporter) -> (artifact id: '9cf29592bf72253de6e531f5d2b1ff9a') in 0.004731209 seconds
Number of updated asset objects reloaded before import = 0Number of asset objects unloaded after import = 3

========================================================================
Received Import Request.
  Time since last request: 0.000031 seconds.
  path: Assets/topDown_baseTiles_283.asset
  artifactKey: Guid(ead3a4cc6490e40fdbc19aa84ebd1cc1) Importer(815301076,1909f56bfc062723c751e8b465ee728b)
Start importing Assets/topDown_baseTiles_283.asset using Guid(ead3a4cc6490e40fdbc19aa84ebd1cc1) Importer(815301076,1909f56bfc062723c751e8b465ee728b) (PreviewImporter) -> (artifact id: '112e44d7d9c34f59542b6518250d71f9') in 0.0043905 seconds
Number of updated asset objects reloaded before import = 0Number of asset objects unloaded after import = 3

========================================================================
Received Import Request.
  Time since last request: 0.000045 seconds.
  path: Assets/topDown_baseTiles_291.asset
  artifactKey: Guid(1fd96d57158c64480bca99bccd3a650f) Importer(815301076,1909f56bfc062723c751e8b465ee728b)
Start importing Assets/topDown_baseTiles_291.asset using Guid(1fd96d57158c64480bca99bccd3a650f) Importer(815301076,1909f56bfc062723c751e8b465ee728b) (PreviewImporter) -> (artifact id: '327ddf4e11a4fe14493011941f5ffcfd') in 0.003151083 seconds
Number of updated asset objects reloaded before import = 0Number of asset objects unloaded after import = 3

========================================================================
Received Import Request.
  Time since last request: 0.000087 seconds.
  path: Assets/topDown_baseTiles_444.asset
  artifactKey: Guid(077518491df08469598e7bfade84e414) Importer(815301076,1909f56bfc062723c751e8b465ee728b)
Start importing Assets/topDown_baseTiles_444.asset using Guid(077518491df08469598e7bfade84e414) Importer(815301076,1909f56bfc062723c751e8b465ee728b) (PreviewImporter) -> (artifact id: '58123e41a449ca313c405a9a5a9b6fbe') in 0.003530916 seconds
Number of updated asset objects reloaded before import = 0Number of asset objects unloaded after import = 3

========================================================================
Received Import Request.
  Time since last request: 0.000045 seconds.
  path: Assets/topDown_baseTiles_445.asset
  artifactKey: Guid(5c486b0a680254cebb0775695d2ceb4a) Importer(815301076,1909f56bfc062723c751e8b465ee728b)
Start importing Assets/topDown_baseTiles_445.asset using Guid(5c486b0a680254cebb0775695d2ceb4a) Importer(815301076,1909f56bfc062723c751e8b465ee728b) (PreviewImporter) -> (artifact id: 'e12560718a49c6cc2ac0060ba972c004') in 0.003266708 seconds
Number of updated asset objects reloaded before import = 0Number of asset objects unloaded after import = 3

========================================================================
Received Import Request.
  Time since last request: 0.000052 seconds.
  path: Assets/topDown_baseTiles_443.asset
  artifactKey: Guid(6dcb86024b76d4d0fbd4ac6983b8ff55) Importer(815301076,1909f56bfc062723c751e8b465ee728b)
Start importing Assets/topDown_baseTiles_443.asset using Guid(6dcb86024b76d4d0fbd4ac6983b8ff55) Importer(815301076,1909f56bfc062723c751e8b465ee728b) (PreviewImporter) -> (artifact id: 'a2c8148d3e69b59005339f6115543599') in 0.003031584 seconds
Number of updated asset objects reloaded before import = 0Number of asset objects unloaded after import = 3

========================================================================
Received Import Request.
  Time since last request: 0.000133 seconds.
  path: Assets/topDown_baseTiles_440.asset
  artifactKey: Guid(6cdcc2539ddc74451b7bfeb7ab3e8dfa) Importer(815301076,1909f56bfc062723c751e8b465ee728b)
Start importing Assets/topDown_baseTiles_440.asset using Guid(6cdcc2539ddc74451b7bfeb7ab3e8dfa) Importer(815301076,1909f56bfc062723c751e8b465ee728b) (PreviewImporter) -> (artifact id: '6ed052bfb87dbc2581ead29d25241325') in 0.0034145 seconds
Number of updated asset objects reloaded before import = 0Number of asset objects unloaded after import = 3

========================================================================
Received Import Request.
  Time since last request: 0.000044 seconds.
  path: Assets/topDown_baseTiles_441.asset
  artifactKey: Guid(9cf7cb09f2ca442f78a70bc47fbb85a8) Importer(815301076,1909f56bfc062723c751e8b465ee728b)
Start importing Assets/topDown_baseTiles_441.asset using Guid(9cf7cb09f2ca442f78a70bc47fbb85a8) Importer(815301076,1909f56bfc062723c751e8b465ee728b) (PreviewImporter) -> (artifact id: '3c1a1368d7263acc4a0d87534d9cf9cf') in 0.003384959 seconds
Number of updated asset objects reloaded before import = 0Number of asset objects unloaded after import = 3

========================================================================
Received Import Request.
  Time since last request: 0.000099 seconds.
  path: Assets/topDown_baseTiles_446.asset
  artifactKey: Guid(35699b9fdf3b14f41a0935a65199e320) Importer(815301076,1909f56bfc062723c751e8b465ee728b)
Start importing Assets/topDown_baseTiles_446.asset using Guid(35699b9fdf3b14f41a0935a65199e320) Importer(815301076,1909f56bfc062723c751e8b465ee728b) (PreviewImporter) -> (artifact id: '9638b05e9cfbab21fb4e648a832b0f0d') in 0.00305925 seconds
Number of updated asset objects reloaded before import = 0Number of asset objects unloaded after import = 3

========================================================================
Received Import Request.
  Time since last request: 0.000047 seconds.
  path: Assets/topDown_baseTiles_285.asset
  artifactKey: Guid(9c1b9e5fb79c143f98bfc900e6ac55d1) Importer(815301076,1909f56bfc062723c751e8b465ee728b)
Start importing Assets/topDown_baseTiles_285.asset using Guid(9c1b9e5fb79c143f98bfc900e6ac55d1) Importer(815301076,1909f56bfc062723c751e8b465ee728b) (PreviewImporter) -> (artifact id: '7b56eaf8cd07c5b5fbef3349052dfae8') in 0.002769458 seconds
Number of updated asset objects reloaded before import = 0Number of asset objects unloaded after import = 3

========================================================================
Received Import Request.
  Time since last request: 0.008759 seconds.
  path: Assets/topDown_baseTiles_450.asset
  artifactKey: Guid(8455a8bdfb66845e49fb24c364145d1b) Importer(815301076,1909f56bfc062723c751e8b465ee728b)
Start importing Assets/topDown_baseTiles_450.asset using Guid(8455a8bdfb66845e49fb24c364145d1b) Importer(815301076,1909f56bfc062723c751e8b465ee728b) (PreviewImporter) -> (artifact id: '4a6d3cf36e681820e3f616ba14d27437') in 0.002202208 seconds
Number of updated asset objects reloaded before import = 0Number of asset objects unloaded after import = 3

========================================================================
Received Import Request.
  Time since last request: 0.000050 seconds.
  path: Assets/topDown_baseTiles_453.asset
  artifactKey: Guid(7987a4924e33b4dfabc29cfb0af55ab9) Importer(815301076,1909f56bfc062723c751e8b465ee728b)
Start importing Assets/topDown_baseTiles_453.asset using Guid(7987a4924e33b4dfabc29cfb0af55ab9) Importer(815301076,1909f56bfc062723c751e8b465ee728b) (PreviewImporter) -> (artifact id: 'da9521fe8c846fcd3b81e006f47647ad') in 0.003317083 seconds
Number of updated asset objects reloaded before import = 0Number of asset objects unloaded after import = 3

========================================================================
Received Import Request.
  Time since last request: 0.000039 seconds.
  path: Assets/topDown_baseTiles_458.asset
  artifactKey: Guid(141262f04fb284783a91be942ea4aefd) Importer(815301076,1909f56bfc062723c751e8b465ee728b)
Start importing Assets/topDown_baseTiles_458.asset using Guid(141262f04fb284783a91be942ea4aefd) Importer(815301076,1909f56bfc062723c751e8b465ee728b) (PreviewImporter) -> (artifact id: 'a5a336e2e8f776aac5eae81792eb7090') in 0.002828667 seconds
Number of updated asset objects reloaded before import = 0Number of asset objects unloaded after import = 3

========================================================================
Received Import Request.
  Time since last request: 0.000028 seconds.
  path: Assets/topDown_baseTiles_459.asset
  artifactKey: Guid(ab730d2207fff4d309ffb07a5b1546b5) Importer(815301076,1909f56bfc062723c751e8b465ee728b)
Start importing Assets/topDown_baseTiles_459.asset using Guid(ab730d2207fff4d309ffb07a5b1546b5) Importer(815301076,1909f56bfc062723c751e8b465ee728b) (PreviewImporter) -> (artifact id: '26768339e0870b3e1999fdef6d8c357b') in 0.003396292 seconds
Number of updated asset objects reloaded before import = 0Number of asset objects unloaded after import = 3

========================================================================
Received Import Request.
  Time since last request: 0.000078 seconds.
  path: Assets/topDown_baseTiles_455.asset
  artifactKey: Guid(f0009ff6fd6b24c82b60a39b07718e67) Importer(815301076,1909f56bfc062723c751e8b465ee728b)
Start importing Assets/topDown_baseTiles_455.asset using Guid(f0009ff6fd6b24c82b60a39b07718e67) Importer(815301076,1909f56bfc062723c751e8b465ee728b) (PreviewImporter) -> (artifact id: 'dbac896eebb74c6c891365a1788e680b') in 0.002793208 seconds
Number of updated asset objects reloaded before import = 0Number of asset objects unloaded after import = 3

========================================================================
Received Import Request.
  Time since last request: 0.000029 seconds.
  path: Assets/topDown_baseTiles_451.asset
  artifactKey: Guid(75516f1e3f5c94a77b7c5b9c7f72da82) Importer(815301076,1909f56bfc062723c751e8b465ee728b)
Start importing Assets/topDown_baseTiles_451.asset using Guid(75516f1e3f5c94a77b7c5b9c7f72da82) Importer(815301076,1909f56bfc062723c751e8b465ee728b) (PreviewImporter) -> (artifact id: '80ee1eb519c8599a1d1b035ce145ab67') in 0.002310958 seconds
Number of updated asset objects reloaded before import = 0Number of asset objects unloaded after import = 3

========================================================================
Received Import Request.
  Time since last request: 0.007898 seconds.
  path: Assets/topDown_baseTiles_461.asset
  artifactKey: Guid(50777e2c4d4514892b39805b9a029fe0) Importer(815301076,1909f56bfc062723c751e8b465ee728b)
Start importing Assets/topDown_baseTiles_461.asset using Guid(50777e2c4d4514892b39805b9a029fe0) Importer(815301076,1909f56bfc062723c751e8b465ee728b) (PreviewImporter) -> (artifact id: '3787ff1bf15f7a61cb0097e119ef8ca1') in 0.002919584 seconds
Number of updated asset objects reloaded before import = 0Number of asset objects unloaded after import = 3

========================================================================
Received Import Request.
  Time since last request: 0.000059 seconds.
  path: Assets/topDown_baseTiles_470.asset
  artifactKey: Guid(d6e81ee0be8e24d87951c49e5933d053) Importer(815301076,1909f56bfc062723c751e8b465ee728b)
Start importing Assets/topDown_baseTiles_470.asset using Guid(d6e81ee0be8e24d87951c49e5933d053) Importer(815301076,1909f56bfc062723c751e8b465ee728b) (PreviewImporter) -> (artifact id: '18be3704ef02d8ebd1b63f2cb5624f2a') in 0.002644167 seconds
Number of updated asset objects reloaded before import = 0Number of asset objects unloaded after import = 3

========================================================================
Received Import Request.
  Time since last request: 0.000034 seconds.
  path: Assets/topDown_baseTiles_464.asset
  artifactKey: Guid(ed14a60073d8547fc92534bc5e67d29c) Importer(815301076,1909f56bfc062723c751e8b465ee728b)
Start importing Assets/topDown_baseTiles_464.asset using Guid(ed14a60073d8547fc92534bc5e67d29c) Importer(815301076,1909f56bfc062723c751e8b465ee728b) (PreviewImporter) -> (artifact id: 'bb893c59c3df0b39c6638e62bd968b9f') in 0.002556584 seconds
Number of updated asset objects reloaded before import = 0Number of asset objects unloaded after import = 3

========================================================================
Received Import Request.
  Time since last request: 0.000073 seconds.
  path: Assets/topDown_baseTiles_466.asset
  artifactKey: Guid(395c53fba29314ce18b2d11e95d0bc07) Importer(815301076,1909f56bfc062723c751e8b465ee728b)
Start importing Assets/topDown_baseTiles_466.asset using Guid(395c53fba29314ce18b2d11e95d0bc07) Importer(815301076,1909f56bfc062723c751e8b465ee728b) (PreviewImporter) -> (artifact id: '158af537eba2b23642acf8f39645c593') in 0.002907583 seconds
Number of updated asset objects reloaded before import = 0Number of asset objects unloaded after import = 3

========================================================================
Received Import Request.
  Time since last request: 0.000050 seconds.
  path: Assets/topDown_baseTiles_469.asset
  artifactKey: Guid(15602820a469e4bae8c1c9755a011b5e) Importer(815301076,1909f56bfc062723c751e8b465ee728b)
Start importing Assets/topDown_baseTiles_469.asset using Guid(15602820a469e4bae8c1c9755a011b5e) Importer(815301076,1909f56bfc062723c751e8b465ee728b) (PreviewImporter) -> (artifact id: '8018f8b9a2e607d7e62b678f31e3f37c') in 0.002624458 seconds
Number of updated asset objects reloaded before import = 0Number of asset objects unloaded after import = 3

========================================================================
Received Import Request.
  Time since last request: 0.000095 seconds.
  path: Assets/topDown_baseTiles_465.asset
  artifactKey: Guid(f06a6b1fab2fb4a5883d343d8995699e) Importer(815301076,1909f56bfc062723c751e8b465ee728b)
Start importing Assets/topDown_baseTiles_465.asset using Guid(f06a6b1fab2fb4a5883d343d8995699e) Importer(815301076,1909f56bfc062723c751e8b465ee728b) (PreviewImporter) -> (artifact id: 'f7f18693663254e189fb3e23f6e4acd4') in 0.002130292 seconds
Number of updated asset objects reloaded before import = 0Number of asset objects unloaded after import = 3

========================================================================
Received Import Request.
  Time since last request: 0.026155 seconds.
  path: Assets/topDown_baseTiles_472.asset
  artifactKey: Guid(c6f658371d82648268b43440fda82c32) Importer(815301076,1909f56bfc062723c751e8b465ee728b)
Start importing Assets/topDown_baseTiles_472.asset using Guid(c6f658371d82648268b43440fda82c32) Importer(815301076,1909f56bfc062723c751e8b465ee728b) (PreviewImporter) -> (artifact id: 'c3a6af6363adff168e9b0c5500d40caa') in 0.003232916 seconds
Number of updated asset objects reloaded before import = 0Number of asset objects unloaded after import = 3

========================================================================
Received Import Request.
  Time since last request: 0.000038 seconds.
  path: Assets/topDown_baseTiles_473.asset
  artifactKey: Guid(4c7684f594a8b4d5c95a98af253c7f49) Importer(815301076,1909f56bfc062723c751e8b465ee728b)
Start importing Assets/topDown_baseTiles_473.asset using Guid(4c7684f594a8b4d5c95a98af253c7f49) Importer(815301076,1909f56bfc062723c751e8b465ee728b) (PreviewImporter) -> (artifact id: '100a2df502622d7a4f522140fc6e0bc7') in 0.002589041 seconds
Number of updated asset objects reloaded before import = 0Number of asset objects unloaded after import = 3

========================================================================
Received Import Request.
  Time since last request: 0.000060 seconds.
  path: Assets/topDown_baseTiles_476.asset
  artifactKey: Guid(c597ebbb45f554f2b81831066e3e3f28) Importer(815301076,1909f56bfc062723c751e8b465ee728b)
Start importing Assets/topDown_baseTiles_476.asset using Guid(c597ebbb45f554f2b81831066e3e3f28) Importer(815301076,1909f56bfc062723c751e8b465ee728b) (PreviewImporter) -> (artifact id: 'ce663703b4ad027a1d6f81e5f78066a3') in 0.002795625 seconds
Number of updated asset objects reloaded before import = 0Number of asset objects unloaded after import = 3

========================================================================
Received Import Request.
  Time since last request: 0.000038 seconds.
  path: Assets/topDown_baseTiles_475.asset
  artifactKey: Guid(7d6d956294d25498091a5149cf13fda3) Importer(815301076,1909f56bfc062723c751e8b465ee728b)
Start importing Assets/topDown_baseTiles_475.asset using Guid(7d6d956294d25498091a5149cf13fda3) Importer(815301076,1909f56bfc062723c751e8b465ee728b) (PreviewImporter) -> (artifact id: 'cd6c8de955c1025a7bbb2d5bcd8a1f09') in 0.002649333 seconds
Number of updated asset objects reloaded before import = 0Number of asset objects unloaded after import = 3

========================================================================
Received Import Request.
  Time since last request: 0.000034 seconds.
  path: Assets/topDown_baseTiles_478.asset
  artifactKey: Guid(cbbea1288274c4ec38be8a5fbd89bf13) Importer(815301076,1909f56bfc062723c751e8b465ee728b)
Start importing Assets/topDown_baseTiles_478.asset using Guid(cbbea1288274c4ec38be8a5fbd89bf13) Importer(815301076,1909f56bfc062723c751e8b465ee728b) (PreviewImporter) -> (artifact id: 'ca0ee221f10711c5ea907a54d2fbf861') in 0.002642875 seconds
Number of updated asset objects reloaded before import = 0Number of asset objects unloaded after import = 3

========================================================================
Received Import Request.
  Time since last request: 10.380560 seconds.
  path: Assets/topDown_baseTiles_483.asset
  artifactKey: Guid(f28547efb1eaf47be9b422f014227bb5) Importer(815301076,1909f56bfc062723c751e8b465ee728b)
Start importing Assets/topDown_baseTiles_483.asset using Guid(f28547efb1eaf47be9b422f014227bb5) Importer(815301076,1909f56bfc062723c751e8b465ee728b) (PreviewImporter) -> (artifact id: '66bc36aed6b39e24d023c7fd90f199f4') in 0.005812375 seconds
Number of updated asset objects reloaded before import = 0Number of asset objects unloaded after import = 3

========================================================================
Received Import Request.
  Time since last request: 0.000043 seconds.
  path: Assets/topDown_baseTiles_485.asset
  artifactKey: Guid(71f2e005351c9428f880c0dc59567cb0) Importer(815301076,1909f56bfc062723c751e8b465ee728b)
Start importing Assets/topDown_baseTiles_485.asset using Guid(71f2e005351c9428f880c0dc59567cb0) Importer(815301076,1909f56bfc062723c751e8b465ee728b) (PreviewImporter) -> (artifact id: 'a9be460f6980aa5d774caa5dd2870c82') in 0.002730625 seconds
Number of updated asset objects reloaded before import = 0Number of asset objects unloaded after import = 3

========================================================================
Received Import Request.
  Time since last request: 0.000035 seconds.
  path: Assets/topDown_baseTiles_493.asset
  artifactKey: Guid(db3d6c664f0254bb1aa0e0a3f198fe25) Importer(815301076,1909f56bfc062723c751e8b465ee728b)
Start importing Assets/topDown_baseTiles_493.asset using Guid(db3d6c664f0254bb1aa0e0a3f198fe25) Importer(815301076,1909f56bfc062723c751e8b465ee728b) (PreviewImporter) -> (artifact id: '798a5ed33add66378a0b545f50bcdcfa') in 0.002971416 seconds
Number of updated asset objects reloaded before import = 0Number of asset objects unloaded after import = 3

========================================================================
Received Import Request.
  Time since last request: 0.000028 seconds.
  path: Assets/topDown_baseTiles_489.asset
  artifactKey: Guid(ba2804844dc0945a593eae9f20228fb9) Importer(815301076,1909f56bfc062723c751e8b465ee728b)
Start importing Assets/topDown_baseTiles_489.asset using Guid(ba2804844dc0945a593eae9f20228fb9) Importer(815301076,1909f56bfc062723c751e8b465ee728b) (PreviewImporter) -> (artifact id: '2628e4378ea2de4f13eded9672040245') in 0.00310025 seconds
Number of updated asset objects reloaded before import = 0Number of asset objects unloaded after import = 3

========================================================================
Received Import Request.
  Time since last request: 0.000029 seconds.
  path: Assets/topDown_baseTiles_495.asset
  artifactKey: Guid(4d37a539cdfa84473b7c07985645f87a) Importer(815301076,1909f56bfc062723c751e8b465ee728b)
Start importing Assets/topDown_baseTiles_495.asset using Guid(4d37a539cdfa84473b7c07985645f87a) Importer(815301076,1909f56bfc062723c751e8b465ee728b) (PreviewImporter) -> (artifact id: 'e914721cf15739f8dac123cc0372ef2c') in 0.003012875 seconds
Number of updated asset objects reloaded before import = 0Number of asset objects unloaded after import = 3

========================================================================
Received Import Request.
  Time since last request: 0.000056 seconds.
  path: Assets/topDown_baseTiles_494.asset
  artifactKey: Guid(cf6a76e6946d84087a8ef81fd01b63ea) Importer(815301076,1909f56bfc062723c751e8b465ee728b)
Start importing Assets/topDown_baseTiles_494.asset using Guid(cf6a76e6946d84087a8ef81fd01b63ea) Importer(815301076,1909f56bfc062723c751e8b465ee728b) (PreviewImporter) -> (artifact id: '1d2d5f55b073739fc24a7f77dfcfa494') in 0.003432125 seconds
Number of updated asset objects reloaded before import = 0Number of asset objects unloaded after import = 3

========================================================================
Received Import Request.
  Time since last request: 0.000030 seconds.
  path: Assets/topDown_baseTiles_497.asset
  artifactKey: Guid(888b04713d5e24cd8a40f826185cb4da) Importer(815301076,1909f56bfc062723c751e8b465ee728b)
Start importing Assets/topDown_baseTiles_497.asset using Guid(888b04713d5e24cd8a40f826185cb4da) Importer(815301076,1909f56bfc062723c751e8b465ee728b) (PreviewImporter) -> (artifact id: '1f49cf04479bdc07c1da99ea65949eae') in 0.0027255 seconds
Number of updated asset objects reloaded before import = 0Number of asset objects unloaded after import = 3

========================================================================
Received Import Request.
  Time since last request: 0.000031 seconds.
  path: Assets/topDown_baseTiles_503.asset
  artifactKey: Guid(da245e9e53dff49b7935538697630f8f) Importer(815301076,1909f56bfc062723c751e8b465ee728b)
Start importing Assets/topDown_baseTiles_503.asset using Guid(da245e9e53dff49b7935538697630f8f) Importer(815301076,1909f56bfc062723c751e8b465ee728b) (PreviewImporter) -> (artifact id: '230c8eb2c3ceda5e74d91744cad4fed1') in 0.00290925 seconds
Number of updated asset objects reloaded before import = 0Number of asset objects unloaded after import = 3

========================================================================
Received Import Request.
  Time since last request: 0.000032 seconds.
  path: Assets/topDown_baseTiles_504.asset
  artifactKey: Guid(fa2a5e38244a9410fb1acd45df030b8d) Importer(815301076,1909f56bfc062723c751e8b465ee728b)
Start importing Assets/topDown_baseTiles_504.asset using Guid(fa2a5e38244a9410fb1acd45df030b8d) Importer(815301076,1909f56bfc062723c751e8b465ee728b) (PreviewImporter) -> (artifact id: '68123fe468078f008ad4e521f04550a3') in 0.00265125 seconds
Number of updated asset objects reloaded before import = 0Number of asset objects unloaded after import = 3

========================================================================
Received Import Request.
  Time since last request: 0.000043 seconds.
  path: Assets/topDown_baseTiles_516.asset
  artifactKey: Guid(6749be3103a524dc19d6a43ec7af1264) Importer(815301076,1909f56bfc062723c751e8b465ee728b)
Start importing Assets/topDown_baseTiles_516.asset using Guid(6749be3103a524dc19d6a43ec7af1264) Importer(815301076,1909f56bfc062723c751e8b465ee728b) (PreviewImporter) -> (artifact id: 'f39191c7d461e018b131c5b85251bb30') in 0.002657333 seconds
Number of updated asset objects reloaded before import = 0Number of asset objects unloaded after import = 3

========================================================================
Received Import Request.
  Time since last request: 0.000072 seconds.
  path: Assets/topDown_baseTiles_523.asset
  artifactKey: Guid(0165bc16947c648ab83d2f2bc277f35c) Importer(815301076,1909f56bfc062723c751e8b465ee728b)
Start importing Assets/topDown_baseTiles_523.asset using Guid(0165bc16947c648ab83d2f2bc277f35c) Importer(815301076,1909f56bfc062723c751e8b465ee728b) (PreviewImporter) -> (artifact id: 'a1d28204684594060a4fe70b03a11171') in 0.002949834 seconds
Number of updated asset objects reloaded before import = 0Number of asset objects unloaded after import = 3

========================================================================
Received Import Request.
  Time since last request: 0.000023 seconds.
  path: Assets/topDown_baseTiles_518.asset
  artifactKey: Guid(35446eb4b95ce49b9a600d037a76c60e) Importer(815301076,1909f56bfc062723c751e8b465ee728b)
Start importing Assets/topDown_baseTiles_518.asset using Guid(35446eb4b95ce49b9a600d037a76c60e) Importer(815301076,1909f56bfc062723c751e8b465ee728b) (PreviewImporter) -> (artifact id: 'e9489bc07310fc71a72d2523a3567a74') in 0.002937792 seconds
Number of updated asset objects reloaded before import = 0Number of asset objects unloaded after import = 3

========================================================================
Received Import Request.
  Time since last request: 0.000049 seconds.
  path: Assets/topDown_baseTiles_509.asset
  artifactKey: Guid(197d7b77e6793484bae260a45938b969) Importer(815301076,1909f56bfc062723c751e8b465ee728b)
Start importing Assets/topDown_baseTiles_509.asset using Guid(197d7b77e6793484bae260a45938b969) Importer(815301076,1909f56bfc062723c751e8b465ee728b) (PreviewImporter) -> (artifact id: '60742eed3a86ad83420fadf45b9f5706') in 0.002773959 seconds
Number of updated asset objects reloaded before import = 0Number of asset objects unloaded after import = 3

========================================================================
Received Import Request.
  Time since last request: 0.000075 seconds.
  path: Assets/topDown_baseTiles_526.asset
  artifactKey: Guid(82f76ad1422d14bcb801201b431c670d) Importer(815301076,1909f56bfc062723c751e8b465ee728b)
Start importing Assets/topDown_baseTiles_526.asset using Guid(82f76ad1422d14bcb801201b431c670d) Importer(815301076,1909f56bfc062723c751e8b465ee728b) (PreviewImporter) -> (artifact id: '2357efe61f78c83cbb0da2b7e6132c46') in 0.002649833 seconds
Number of updated asset objects reloaded before import = 0Number of asset objects unloaded after import = 3

========================================================================
Received Import Request.
  Time since last request: 0.000071 seconds.
  path: Assets/topDown_baseTiles_530.asset
  artifactKey: Guid(24de95e84dd814c91900a8c350185268) Importer(815301076,1909f56bfc062723c751e8b465ee728b)
Start importing Assets/topDown_baseTiles_530.asset using Guid(24de95e84dd814c91900a8c350185268) Importer(815301076,1909f56bfc062723c751e8b465ee728b) (PreviewImporter) -> (artifact id: '22966134e9146ff64ff7a0c5bfa1b6e0') in 0.003196541 seconds
Number of updated asset objects reloaded before import = 0Number of asset objects unloaded after import = 3

========================================================================
Received Import Request.
  Time since last request: 0.000084 seconds.
  path: Assets/topDown_baseTiles_546.asset
  artifactKey: Guid(800bd10588e5f47f389fd48af4200fd7) Importer(815301076,1909f56bfc062723c751e8b465ee728b)
Start importing Assets/topDown_baseTiles_546.asset using Guid(800bd10588e5f47f389fd48af4200fd7) Importer(815301076,1909f56bfc062723c751e8b465ee728b) (PreviewImporter) -> (artifact id: '6eda24c7678ca911ce7e7ba804347468') in 0.002427667 seconds
Number of updated asset objects reloaded before import = 0Number of asset objects unloaded after import = 3

========================================================================
Received Import Request.
  Time since last request: 0.000072 seconds.
  path: Assets/topDown_baseTiles_524.asset
  artifactKey: Guid(87f9ea317864843408516ea5ebe12fa7) Importer(815301076,1909f56bfc062723c751e8b465ee728b)
Start importing Assets/topDown_baseTiles_524.asset using Guid(87f9ea317864843408516ea5ebe12fa7) Importer(815301076,1909f56bfc062723c751e8b465ee728b) (PreviewImporter) -> (artifact id: '8d0bc0a06ea9bfa1382e94d4157637c3') in 0.002801458 seconds
Number of updated asset objects reloaded before import = 0Number of asset objects unloaded after import = 3

========================================================================
Received Import Request.
  Time since last request: 0.000030 seconds.
  path: Assets/topDown_baseTiles_536.asset
  artifactKey: Guid(9f45f110925314e01a1fc94498887e5b) Importer(815301076,1909f56bfc062723c751e8b465ee728b)
Start importing Assets/topDown_baseTiles_536.asset using Guid(9f45f110925314e01a1fc94498887e5b) Importer(815301076,1909f56bfc062723c751e8b465ee728b) (PreviewImporter) -> (artifact id: '3c348b0afbc30e7f44ee3a14fa3fb228') in 0.002104333 seconds
Number of updated asset objects reloaded before import = 0Number of asset objects unloaded after import = 3

========================================================================
Received Import Request.
  Time since last request: 0.000036 seconds.
  path: Assets/topDown_baseTiles_512.asset
  artifactKey: Guid(b525991362d59491ca54d641fb641b19) Importer(815301076,1909f56bfc062723c751e8b465ee728b)
Start importing Assets/topDown_baseTiles_512.asset using Guid(b525991362d59491ca54d641fb641b19) Importer(815301076,1909f56bfc062723c751e8b465ee728b) (PreviewImporter) -> (artifact id: '483ee65d68f0a9f960ae2af06852fce6') in 0.0023185 seconds
Number of updated asset objects reloaded before import = 0Number of asset objects unloaded after import = 3

========================================================================
Received Import Request.
  Time since last request: 0.000108 seconds.
  path: Assets/topDown_baseTiles_551.asset
  artifactKey: Guid(142ba47d28e754ab0add129688bb9d07) Importer(815301076,1909f56bfc062723c751e8b465ee728b)
Start importing Assets/topDown_baseTiles_551.asset using Guid(142ba47d28e754ab0add129688bb9d07) Importer(815301076,1909f56bfc062723c751e8b465ee728b) (PreviewImporter) -> (artifact id: '0b36f2cc93dc3b5f4e64ae2128a7d4ba') in 0.002664125 seconds
Number of updated asset objects reloaded before import = 0Number of asset objects unloaded after import = 3

========================================================================
Received Import Request.
  Time since last request: 0.000059 seconds.
  path: Assets/topDown_baseTiles_555.asset
  artifactKey: Guid(21162781d00b746aa9a173b0ecb5b32f) Importer(815301076,1909f56bfc062723c751e8b465ee728b)
Start importing Assets/topDown_baseTiles_555.asset using Guid(21162781d00b746aa9a173b0ecb5b32f) Importer(815301076,1909f56bfc062723c751e8b465ee728b) (PreviewImporter) -> (artifact id: '3e029656f71353456dbc552554422a5c') in 0.002480292 seconds
Number of updated asset objects reloaded before import = 0Number of asset objects unloaded after import = 3

========================================================================
Received Import Request.
  Time since last request: 0.000024 seconds.
  path: Assets/topDown_baseTiles_553.asset
  artifactKey: Guid(8632276911481430dbe20850851dc6c2) Importer(815301076,1909f56bfc062723c751e8b465ee728b)
Start importing Assets/topDown_baseTiles_553.asset using Guid(8632276911481430dbe20850851dc6c2) Importer(815301076,1909f56bfc062723c751e8b465ee728b) (PreviewImporter) -> (artifact id: '60caf37b56a96ae8ead99e18bc86a43d') in 0.003038041 seconds
Number of updated asset objects reloaded before import = 0Number of asset objects unloaded after import = 3

========================================================================
Received Import Request.
  Time since last request: 0.000027 seconds.
  path: Assets/topDown_baseTiles_544.asset
  artifactKey: Guid(1471548883cd041b890ed82f770023b7) Importer(815301076,1909f56bfc062723c751e8b465ee728b)
Start importing Assets/topDown_baseTiles_544.asset using Guid(1471548883cd041b890ed82f770023b7) Importer(815301076,1909f56bfc062723c751e8b465ee728b) (PreviewImporter) -> (artifact id: 'bc69db2b36d886d8b0ce5227b51414d2') in 0.003384667 seconds
Number of updated asset objects reloaded before import = 0Number of asset objects unloaded after import = 3

========================================================================
Received Import Request.
  Time since last request: 0.000047 seconds.
  path: Assets/topDown_baseTiles_563.asset
  artifactKey: Guid(42e5bcce2d3fa4d0caf6e596ac1a9f00) Importer(815301076,1909f56bfc062723c751e8b465ee728b)
Start importing Assets/topDown_baseTiles_563.asset using Guid(42e5bcce2d3fa4d0caf6e596ac1a9f00) Importer(815301076,1909f56bfc062723c751e8b465ee728b) (PreviewImporter) -> (artifact id: '1bdd08af884c25e4ed457bd1fd937ba1') in 0.002380041 seconds
Number of updated asset objects reloaded before import = 0Number of asset objects unloaded after import = 3

========================================================================
Received Import Request.
  Time since last request: 0.000074 seconds.
  path: Assets/topDown_baseTiles_574.asset
  artifactKey: Guid(31f5e4ba6948642359fc7b4860848814) Importer(815301076,1909f56bfc062723c751e8b465ee728b)
Start importing Assets/topDown_baseTiles_574.asset using Guid(31f5e4ba6948642359fc7b4860848814) Importer(815301076,1909f56bfc062723c751e8b465ee728b) (PreviewImporter) -> (artifact id: '7f89b30f459c91317cdeffeb18fae7c1') in 0.003120584 seconds
Number of updated asset objects reloaded before import = 0Number of asset objects unloaded after import = 3

========================================================================
Received Import Request.
  Time since last request: 0.000106 seconds.
  path: Assets/topDown_baseTiles_560.asset
  artifactKey: Guid(58fb439391f41425c84a8ed6c420985d) Importer(815301076,1909f56bfc062723c751e8b465ee728b)
Start importing Assets/topDown_baseTiles_560.asset using Guid(58fb439391f41425c84a8ed6c420985d) Importer(815301076,1909f56bfc062723c751e8b465ee728b) (PreviewImporter) -> (artifact id: '3dc574e50888ece06bf3119c6b46d5c0') in 0.002829041 seconds
Number of updated asset objects reloaded before import = 0Number of asset objects unloaded after import = 3

========================================================================
Received Import Request.
  Time since last request: 0.000039 seconds.
  path: Assets/topDown_baseTiles_521.asset
  artifactKey: Guid(a17a2a9e1984b4a26a18bedd29204515) Importer(815301076,1909f56bfc062723c751e8b465ee728b)
Start importing Assets/topDown_baseTiles_521.asset using Guid(a17a2a9e1984b4a26a18bedd29204515) Importer(815301076,1909f56bfc062723c751e8b465ee728b) (PreviewImporter) -> (artifact id: '674a7f5baca674c6c9cca099a6f00d14') in 0.002719833 seconds
Number of updated asset objects reloaded before import = 0Number of asset objects unloaded after import = 3

========================================================================
Received Import Request.
  Time since last request: 0.000032 seconds.
  path: Assets/topDown_baseTiles_542.asset
  artifactKey: Guid(3ea7737bed6044a949c5bc18445bcf0b) Importer(815301076,1909f56bfc062723c751e8b465ee728b)
Start importing Assets/topDown_baseTiles_542.asset using Guid(3ea7737bed6044a949c5bc18445bcf0b) Importer(815301076,1909f56bfc062723c751e8b465ee728b) (PreviewImporter) -> (artifact id: '30ae1cbf44b005def7610c912d4ee2fa') in 0.002778542 seconds
Number of updated asset objects reloaded before import = 0Number of asset objects unloaded after import = 3

========================================================================
Received Import Request.
  Time since last request: 0.000091 seconds.
  path: Assets/topDown_baseTiles_547.asset
  artifactKey: Guid(e838a10287afc43248985bc85a327318) Importer(815301076,1909f56bfc062723c751e8b465ee728b)
Start importing Assets/topDown_baseTiles_547.asset using Guid(e838a10287afc43248985bc85a327318) Importer(815301076,1909f56bfc062723c751e8b465ee728b) (PreviewImporter) -> (artifact id: '18ceff60018da03f9784fbc9380572d4') in 0.0027205 seconds
Number of updated asset objects reloaded before import = 0Number of asset objects unloaded after import = 3

========================================================================
Received Import Request.
  Time since last request: 0.000049 seconds.
  path: Assets/topDown_baseTiles_575.asset
  artifactKey: Guid(bf6d9ea39174444f5a57a172078f3b43) Importer(815301076,1909f56bfc062723c751e8b465ee728b)
Start importing Assets/topDown_baseTiles_575.asset using Guid(bf6d9ea39174444f5a57a172078f3b43) Importer(815301076,1909f56bfc062723c751e8b465ee728b) (PreviewImporter) -> (artifact id: 'ae8127578cf263b447b2a103f5237cd0') in 0.002775083 seconds
Number of updated asset objects reloaded before import = 0Number of asset objects unloaded after import = 3

========================================================================
Received Import Request.
  Time since last request: 0.000043 seconds.
  path: Assets/topDown_baseTiles_501.asset
  artifactKey: Guid(0fbe4dcb83e2b48b58bcdef06663d66e) Importer(815301076,1909f56bfc062723c751e8b465ee728b)
Start importing Assets/topDown_baseTiles_501.asset using Guid(0fbe4dcb83e2b48b58bcdef06663d66e) Importer(815301076,1909f56bfc062723c751e8b465ee728b) (PreviewImporter) -> (artifact id: '46b462081760c87ec623d2a47fb62715') in 0.003273292 seconds
Number of updated asset objects reloaded before import = 0Number of asset objects unloaded after import = 3

========================================================================
Received Import Request.
  Time since last request: 0.000024 seconds.
  path: Assets/topDown_baseTiles_531.asset
  artifactKey: Guid(30c3e9a671fef4c6f87d319834835bf2) Importer(815301076,1909f56bfc062723c751e8b465ee728b)
Start importing Assets/topDown_baseTiles_531.asset using Guid(30c3e9a671fef4c6f87d319834835bf2) Importer(815301076,1909f56bfc062723c751e8b465ee728b) (PreviewImporter) -> (artifact id: '3ad55b407d763870b3e3fc7c35f29e3e') in 0.003335916 seconds
Number of updated asset objects reloaded before import = 0Number of asset objects unloaded after import = 3

========================================================================
Received Import Request.
  Time since last request: 0.000025 seconds.
  path: Assets/topDown_baseTiles_511.asset
  artifactKey: Guid(852c508ff7f0e46d5bd34bf5de145ec4) Importer(815301076,1909f56bfc062723c751e8b465ee728b)
Start importing Assets/topDown_baseTiles_511.asset using Guid(852c508ff7f0e46d5bd34bf5de145ec4) Importer(815301076,1909f56bfc062723c751e8b465ee728b) (PreviewImporter) -> (artifact id: '470ec55abd7d31843558b8cd1e86b511') in 0.002249208 seconds
Number of updated asset objects reloaded before import = 0Number of asset objects unloaded after import = 3

========================================================================
Received Import Request.
  Time since last request: 0.000090 seconds.
  path: Assets/topDown_baseTiles_517.asset
  artifactKey: Guid(bf87be013aa2448fca3e0899e2960583) Importer(815301076,1909f56bfc062723c751e8b465ee728b)
Start importing Assets/topDown_baseTiles_517.asset using Guid(bf87be013aa2448fca3e0899e2960583) Importer(815301076,1909f56bfc062723c751e8b465ee728b) (PreviewImporter) -> (artifact id: '3f15aeaa9aa26f509d1f2e633198d26c') in 0.002320541 seconds
Number of updated asset objects reloaded before import = 0Number of asset objects unloaded after import = 3

========================================================================
Received Import Request.
  Time since last request: 0.000052 seconds.
  path: Assets/topDown_baseTiles_587.asset
  artifactKey: Guid(aadfd19ffe63a46adaa90687d3df2cb6) Importer(815301076,1909f56bfc062723c751e8b465ee728b)
Start importing Assets/topDown_baseTiles_587.asset using Guid(aadfd19ffe63a46adaa90687d3df2cb6) Importer(815301076,1909f56bfc062723c751e8b465ee728b) (PreviewImporter) -> (artifact id: 'e62c1b86b4eb05af699ecc7c28cee57e') in 0.002898375 seconds
Number of updated asset objects reloaded before import = 0Number of asset objects unloaded after import = 3

========================================================================
Received Import Request.
  Time since last request: 0.000051 seconds.
  path: Assets/topDown_baseTiles_588.asset
  artifactKey: Guid(c66ff312dc5ff4488b51ccc1bc31e7dc) Importer(815301076,1909f56bfc062723c751e8b465ee728b)
Start importing Assets/topDown_baseTiles_588.asset using Guid(c66ff312dc5ff4488b51ccc1bc31e7dc) Importer(815301076,1909f56bfc062723c751e8b465ee728b) (PreviewImporter) -> (artifact id: '8dc3a814dbce0e5faa7f1a54a9b7d871') in 0.002828333 seconds
Number of updated asset objects reloaded before import = 0Number of asset objects unloaded after import = 3

========================================================================
Received Import Request.
  Time since last request: 0.000025 seconds.
  path: Assets/topDown_baseTiles_498.asset
  artifactKey: Guid(f1d3af7d694584591ba2ed9ccb5d96d9) Importer(815301076,1909f56bfc062723c751e8b465ee728b)
Start importing Assets/topDown_baseTiles_498.asset using Guid(f1d3af7d694584591ba2ed9ccb5d96d9) Importer(815301076,1909f56bfc062723c751e8b465ee728b) (PreviewImporter) -> (artifact id: '694778d6c75aee9b26630a092a0530a2') in 0.002675709 seconds
Number of updated asset objects reloaded before import = 0Number of asset objects unloaded after import = 3

========================================================================
Received Import Request.
  Time since last request: 0.000069 seconds.
  path: Assets/topDown_baseTiles_569.asset
  artifactKey: Guid(0c49f18a27063445bb6ceae763531398) Importer(815301076,1909f56bfc062723c751e8b465ee728b)
Start importing Assets/topDown_baseTiles_569.asset using Guid(0c49f18a27063445bb6ceae763531398) Importer(815301076,1909f56bfc062723c751e8b465ee728b) (PreviewImporter) -> (artifact id: '01fbae4ee2c59019d63a99849ef9c0d2') in 0.002443708 seconds
Number of updated asset objects reloaded before import = 0Number of asset objects unloaded after import = 3

========================================================================
Received Import Request.
  Time since last request: 0.000044 seconds.
  path: Assets/topDown_baseTiles_593.asset
  artifactKey: Guid(93ce5bb5e9f6d47e2b1470873ff64ea3) Importer(815301076,1909f56bfc062723c751e8b465ee728b)
Start importing Assets/topDown_baseTiles_593.asset using Guid(93ce5bb5e9f6d47e2b1470873ff64ea3) Importer(815301076,1909f56bfc062723c751e8b465ee728b) (PreviewImporter) -> (artifact id: '148de979c14060c77d6637eae7516e0e') in 0.004299375 seconds
Number of updated asset objects reloaded before import = 0Number of asset objects unloaded after import = 3

========================================================================
Received Import Request.
  Time since last request: 0.000029 seconds.
  path: Assets/topDown_baseTiles_583.asset
  artifactKey: Guid(e949e32cdc3d3428b8bb033228174e75) Importer(815301076,1909f56bfc062723c751e8b465ee728b)
Start importing Assets/topDown_baseTiles_583.asset using Guid(e949e32cdc3d3428b8bb033228174e75) Importer(815301076,1909f56bfc062723c751e8b465ee728b) (PreviewImporter) -> (artifact id: '532b39d978cda3a78aca7a6423b6bb88') in 0.002227292 seconds
Number of updated asset objects reloaded before import = 0Number of asset objects unloaded after import = 3

========================================================================
Received Import Request.
  Time since last request: 0.000027 seconds.
  path: Assets/topDown_baseTiles_554.asset
  artifactKey: Guid(38fcb6c84ff414481a267f2e1bd2c47a) Importer(815301076,1909f56bfc062723c751e8b465ee728b)
Start importing Assets/topDown_baseTiles_554.asset using Guid(38fcb6c84ff414481a267f2e1bd2c47a) Importer(815301076,1909f56bfc062723c751e8b465ee728b) (PreviewImporter) -> (artifact id: '0ec596af2d1e16cf4ff1f08e80a2a7ac') in 0.002432 seconds
Number of updated asset objects reloaded before import = 0Number of asset objects unloaded after import = 3

========================================================================
Received Import Request.
  Time since last request: 0.000036 seconds.
  path: Assets/topDown_baseTiles_565.asset
  artifactKey: Guid(00adf0fb731bf480ba03e6cf96b115b3) Importer(815301076,1909f56bfc062723c751e8b465ee728b)
Start importing Assets/topDown_baseTiles_565.asset using Guid(00adf0fb731bf480ba03e6cf96b115b3) Importer(815301076,1909f56bfc062723c751e8b465ee728b) (PreviewImporter) -> (artifact id: 'eabf8e793d134db27ad503bc7882d8d6') in 0.002124375 seconds
Number of updated asset objects reloaded before import = 0Number of asset objects unloaded after import = 3

========================================================================
Received Import Request.
  Time since last request: 0.000070 seconds.
  path: Assets/topDown_baseTiles_609.asset
  artifactKey: Guid(bf7c8a8e9be0d4d2daf695e12bf0fe6c) Importer(815301076,1909f56bfc062723c751e8b465ee728b)
Start importing Assets/topDown_baseTiles_609.asset using Guid(bf7c8a8e9be0d4d2daf695e12bf0fe6c) Importer(815301076,1909f56bfc062723c751e8b465ee728b) (PreviewImporter) -> (artifact id: '17a45379633742f7e06c9abadbaab305') in 0.002572083 seconds
Number of updated asset objects reloaded before import = 0Number of asset objects unloaded after import = 3

========================================================================
Received Import Request.
  Time since last request: 0.000031 seconds.
  path: Assets/topDown_baseTiles_605.asset
  artifactKey: Guid(ea617e7ac2bb74b9ab865324a4132664) Importer(815301076,1909f56bfc062723c751e8b465ee728b)
Start importing Assets/topDown_baseTiles_605.asset using Guid(ea617e7ac2bb74b9ab865324a4132664) Importer(815301076,1909f56bfc062723c751e8b465ee728b) (PreviewImporter) -> (artifact id: 'fe680cc52599d8f4fff161f8916ed930') in 0.002473041 seconds
Number of updated asset objects reloaded before import = 0Number of asset objects unloaded after import = 3

========================================================================
Received Import Request.
  Time since last request: 0.000026 seconds.
  path: Assets/topDown_baseTiles_610.asset
  artifactKey: Guid(be3f17a8b5ed94ec2b387a8a384a4975) Importer(815301076,1909f56bfc062723c751e8b465ee728b)
Start importing Assets/topDown_baseTiles_610.asset using Guid(be3f17a8b5ed94ec2b387a8a384a4975) Importer(815301076,1909f56bfc062723c751e8b465ee728b) (PreviewImporter) -> (artifact id: '808e58e8e35e0d20aa42ee9db0636cc2') in 0.00335875 seconds
Number of updated asset objects reloaded before import = 0Number of asset objects unloaded after import = 3

========================================================================
Received Import Request.
  Time since last request: 0.000032 seconds.
  path: Assets/topDown_baseTiles_570.asset
  artifactKey: Guid(3de3ba3439c6146b582c9423a7389f67) Importer(815301076,1909f56bfc062723c751e8b465ee728b)
Start importing Assets/topDown_baseTiles_570.asset using Guid(3de3ba3439c6146b582c9423a7389f67) Importer(815301076,1909f56bfc062723c751e8b465ee728b) (PreviewImporter) -> (artifact id: '3f99599476943560606156ab85ced67d') in 0.002549 seconds
Number of updated asset objects reloaded before import = 0Number of asset objects unloaded after import = 3

========================================================================
Received Import Request.
  Time since last request: 0.000066 seconds.
  path: Assets/topDown_baseTiles_543.asset
  artifactKey: Guid(2fa9d7d6c487f496385644ae839b7185) Importer(815301076,1909f56bfc062723c751e8b465ee728b)
Start importing Assets/topDown_baseTiles_543.asset using Guid(2fa9d7d6c487f496385644ae839b7185) Importer(815301076,1909f56bfc062723c751e8b465ee728b) (PreviewImporter) -> (artifact id: '9d9f0a5589f23fc881a81231c2b19ef5') in 0.003252542 seconds
Number of updated asset objects reloaded before import = 0Number of asset objects unloaded after import = 3

========================================================================
Received Import Request.
  Time since last request: 0.000036 seconds.
  path: Assets/topDown_baseTiles_529.asset
  artifactKey: Guid(341624f93256c4b71878f327ef6f96b9) Importer(815301076,1909f56bfc062723c751e8b465ee728b)
Start importing Assets/topDown_baseTiles_529.asset using Guid(341624f93256c4b71878f327ef6f96b9) Importer(815301076,1909f56bfc062723c751e8b465ee728b) (PreviewImporter) -> (artifact id: 'cb888e2e138070943491c0254c5e51af') in 0.003464666 seconds
Number of updated asset objects reloaded before import = 0Number of asset objects unloaded after import = 3

========================================================================
Received Import Request.
  Time since last request: 0.000024 seconds.
  path: Assets/topDown_baseTiles_572.asset
  artifactKey: Guid(be12a2c7b2ef24e208b96f57c24b6c9b) Importer(815301076,1909f56bfc062723c751e8b465ee728b)
Start importing Assets/topDown_baseTiles_572.asset using Guid(be12a2c7b2ef24e208b96f57c24b6c9b) Importer(815301076,1909f56bfc062723c751e8b465ee728b) (PreviewImporter) -> (artifact id: '83613f2ddbd456dfe9e6a602f4ffa204') in 0.003468875 seconds
Number of updated asset objects reloaded before import = 0Number of asset objects unloaded after import = 3

========================================================================
Received Import Request.
  Time since last request: 0.000041 seconds.
  path: Assets/topDown_baseTiles_592.asset
  artifactKey: Guid(106771342ba814194b9939aaeb92e4f8) Importer(815301076,1909f56bfc062723c751e8b465ee728b)
Start importing Assets/topDown_baseTiles_592.asset using Guid(106771342ba814194b9939aaeb92e4f8) Importer(815301076,1909f56bfc062723c751e8b465ee728b) (PreviewImporter) -> (artifact id: '03b52e050e906c5939ae610261afeb0c') in 0.002848083 seconds
Number of updated asset objects reloaded before import = 0Number of asset objects unloaded after import = 3

========================================================================
Received Import Request.
  Time since last request: 0.000026 seconds.
  path: Assets/topDown_baseTiles_537.asset
  artifactKey: Guid(6d1249803e3f54d06b29c13623c84eae) Importer(815301076,1909f56bfc062723c751e8b465ee728b)
Start importing Assets/topDown_baseTiles_537.asset using Guid(6d1249803e3f54d06b29c13623c84eae) Importer(815301076,1909f56bfc062723c751e8b465ee728b) (PreviewImporter) -> (artifact id: '93bd9e5360724d437445c24832180dab') in 0.002741541 seconds
Number of updated asset objects reloaded before import = 0Number of asset objects unloaded after import = 3

========================================================================
Received Import Request.
  Time since last request: 0.000075 seconds.
  path: Assets/topDown_baseTiles_567.asset
  artifactKey: Guid(63c10aa86b0dc4d8282d63c70083deaa) Importer(815301076,1909f56bfc062723c751e8b465ee728b)
Start importing Assets/topDown_baseTiles_567.asset using Guid(63c10aa86b0dc4d8282d63c70083deaa) Importer(815301076,1909f56bfc062723c751e8b465ee728b) (PreviewImporter) -> (artifact id: '3bd0433f955d1da73e805e43ab3ffab1') in 0.003203333 seconds
Number of updated asset objects reloaded before import = 0Number of asset objects unloaded after import = 3

========================================================================
Received Import Request.
  Time since last request: 0.000033 seconds.
  path: Assets/topDown_baseTiles_598.asset
  artifactKey: Guid(703851fecab2644ae912b6fe209fe7a9) Importer(815301076,1909f56bfc062723c751e8b465ee728b)
Start importing Assets/topDown_baseTiles_598.asset using Guid(703851fecab2644ae912b6fe209fe7a9) Importer(815301076,1909f56bfc062723c751e8b465ee728b) (PreviewImporter) -> (artifact id: 'd3c88ce4efccc566893e636edd5fa658') in 0.00291425 seconds
Number of updated asset objects reloaded before import = 0Number of asset objects unloaded after import = 3

========================================================================
Received Import Request.
  Time since last request: 0.000030 seconds.
  path: Assets/topDown_baseTiles_507.asset
  artifactKey: Guid(2dfd172196565405b8cede404ec5cd57) Importer(815301076,1909f56bfc062723c751e8b465ee728b)
Start importing Assets/topDown_baseTiles_507.asset using Guid(2dfd172196565405b8cede404ec5cd57) Importer(815301076,1909f56bfc062723c751e8b465ee728b) (PreviewImporter) -> (artifact id: '5dc10e975c36c02a3badbb052f337268') in 0.002618459 seconds
Number of updated asset objects reloaded before import = 0Number of asset objects unloaded after import = 3

========================================================================
Received Import Request.
  Time since last request: 0.000040 seconds.
  path: Assets/topDown_baseTiles_505.asset
  artifactKey: Guid(86463e63d6abc458bb18b0bf96f67cbb) Importer(815301076,1909f56bfc062723c751e8b465ee728b)
Start importing Assets/topDown_baseTiles_505.asset using Guid(86463e63d6abc458bb18b0bf96f67cbb) Importer(815301076,1909f56bfc062723c751e8b465ee728b) (PreviewImporter) -> (artifact id: '0019e7386c5acc44154b55c96c4655e4') in 0.003748417 seconds
Number of updated asset objects reloaded before import = 0Number of asset objects unloaded after import = 3

========================================================================
Received Import Request.
  Time since last request: 0.000043 seconds.
  path: Assets/topDown_baseTiles_591.asset
  artifactKey: Guid(5eeec53f1ab7a4889947da0f42ac3d52) Importer(815301076,1909f56bfc062723c751e8b465ee728b)
Start importing Assets/topDown_baseTiles_591.asset using Guid(5eeec53f1ab7a4889947da0f42ac3d52) Importer(815301076,1909f56bfc062723c751e8b465ee728b) (PreviewImporter) -> (artifact id: '07b3f3d12e7f5dd21903eb00afc3502a') in 0.002625083 seconds
Number of updated asset objects reloaded before import = 0Number of asset objects unloaded after import = 3

========================================================================
Received Import Request.
  Time since last request: 0.000046 seconds.
  path: Assets/topDown_baseTiles_500.asset
  artifactKey: Guid(c6e98de444739445ba23b41ec427f91c) Importer(815301076,1909f56bfc062723c751e8b465ee728b)
Start importing Assets/topDown_baseTiles_500.asset using Guid(c6e98de444739445ba23b41ec427f91c) Importer(815301076,1909f56bfc062723c751e8b465ee728b) (PreviewImporter) -> (artifact id: 'e591d5392530aed2e6aff6a82aeab2d1') in 0.00383075 seconds
Number of updated asset objects reloaded before import = 0Number of asset objects unloaded after import = 3

========================================================================
Received Import Request.
  Time since last request: 0.000034 seconds.
  path: Assets/topDown_baseTiles_600.asset
  artifactKey: Guid(00780cbc96f1d48d18966ac402e36400) Importer(815301076,1909f56bfc062723c751e8b465ee728b)
Start importing Assets/topDown_baseTiles_600.asset using Guid(00780cbc96f1d48d18966ac402e36400) Importer(815301076,1909f56bfc062723c751e8b465ee728b) (PreviewImporter) -> (artifact id: '10dc1a160a9f3c96c694a184859edb86') in 0.002927167 seconds
Number of updated asset objects reloaded before import = 0Number of asset objects unloaded after import = 3

========================================================================
Received Import Request.
  Time since last request: 0.000085 seconds.
  path: Assets/topDown_baseTiles_502.asset
  artifactKey: Guid(fc3434acf78f44581888c0f1825c6006) Importer(815301076,1909f56bfc062723c751e8b465ee728b)
Start importing Assets/topDown_baseTiles_502.asset using Guid(fc3434acf78f44581888c0f1825c6006) Importer(815301076,1909f56bfc062723c751e8b465ee728b) (PreviewImporter) -> (artifact id: 'f4957efa3a9ca80616f95c439a30b3a7') in 0.002764166 seconds
Number of updated asset objects reloaded before import = 0Number of asset objects unloaded after import = 3

========================================================================
Received Import Request.
  Time since last request: 0.000027 seconds.
  path: Assets/topDown_baseTiles_581.asset
  artifactKey: Guid(906d8e1200b2e437c88b33e286d8af4b) Importer(815301076,1909f56bfc062723c751e8b465ee728b)
Start importing Assets/topDown_baseTiles_581.asset using Guid(906d8e1200b2e437c88b33e286d8af4b) Importer(815301076,1909f56bfc062723c751e8b465ee728b) (PreviewImporter) -> (artifact id: 'bdd25b1e628032aa7b24c465a64ac707') in 0.002704708 seconds
Number of updated asset objects reloaded before import = 0Number of asset objects unloaded after import = 3

========================================================================
Received Import Request.
  Time since last request: 0.000096 seconds.
  path: Assets/topDown_baseTiles_604.asset
  artifactKey: Guid(8cf7a91719ce74585a7551782b83c5b9) Importer(815301076,1909f56bfc062723c751e8b465ee728b)
Start importing Assets/topDown_baseTiles_604.asset using Guid(8cf7a91719ce74585a7551782b83c5b9) Importer(815301076,1909f56bfc062723c751e8b465ee728b) (PreviewImporter) -> (artifact id: 'df9bb1e1a7e935ea1b9afbcb7a26fa9f') in 0.002788875 seconds
Number of updated asset objects reloaded before import = 0Number of asset objects unloaded after import = 3

========================================================================
Received Import Request.
  Time since last request: 0.000034 seconds.
  path: Assets/topDown_baseTiles_556.asset
  artifactKey: Guid(c83c9d8bf8ad0476dbda77e6d47b750f) Importer(815301076,1909f56bfc062723c751e8b465ee728b)
Start importing Assets/topDown_baseTiles_556.asset using Guid(c83c9d8bf8ad0476dbda77e6d47b750f) Importer(815301076,1909f56bfc062723c751e8b465ee728b) (PreviewImporter) -> (artifact id: 'b4148d33c788df4b8e13b9b55e51a322') in 0.003148416 seconds
Number of updated asset objects reloaded before import = 0Number of asset objects unloaded after import = 3

========================================================================
Received Import Request.
  Time since last request: 0.000025 seconds.
  path: Assets/topDown_baseTiles_573.asset
  artifactKey: Guid(d97551f1656b64ebbb707ddf5d2514ca) Importer(815301076,1909f56bfc062723c751e8b465ee728b)
Start importing Assets/topDown_baseTiles_573.asset using Guid(d97551f1656b64ebbb707ddf5d2514ca) Importer(815301076,1909f56bfc062723c751e8b465ee728b) (PreviewImporter) -> (artifact id: '6457b1b3cc80f1bcb9457c85419e1a07') in 0.003060084 seconds
Number of updated asset objects reloaded before import = 0Number of asset objects unloaded after import = 3

========================================================================
Received Import Request.
  Time since last request: 0.000105 seconds.
  path: Assets/topDown_baseTiles_549.asset
  artifactKey: Guid(0c52f63ab9d2241d0997e795c410d1ce) Importer(815301076,1909f56bfc062723c751e8b465ee728b)
Start importing Assets/topDown_baseTiles_549.asset using Guid(0c52f63ab9d2241d0997e795c410d1ce) Importer(815301076,1909f56bfc062723c751e8b465ee728b) (PreviewImporter) -> (artifact id: '6d8a89c697854afd084f4aba35ec4ed6') in 0.003128584 seconds
Number of updated asset objects reloaded before import = 0Number of asset objects unloaded after import = 3

========================================================================
Received Import Request.
  Time since last request: 0.000037 seconds.
  path: Assets/topDown_baseTiles_601.asset
  artifactKey: Guid(2672f8b0f2e344af59d80759830bb1cf) Importer(815301076,1909f56bfc062723c751e8b465ee728b)
Start importing Assets/topDown_baseTiles_601.asset using Guid(2672f8b0f2e344af59d80759830bb1cf) Importer(815301076,1909f56bfc062723c751e8b465ee728b) (PreviewImporter) -> (artifact id: 'dbf4011df39e262fe99fb379ae14c5df') in 0.002433666 seconds
Number of updated asset objects reloaded before import = 0Number of asset objects unloaded after import = 3

========================================================================
Received Import Request.
  Time since last request: 3.311675 seconds.
  path: Assets/House tilemaps/4 Walls, Floor & Doors_0.asset
  artifactKey: Guid(04ec5232c304b439ab375931fbadb935) Importer(815301076,1909f56bfc062723c751e8b465ee728b)
Start importing Assets/House tilemaps/4 Walls, Floor & Doors_0.asset using Guid(04ec5232c304b439ab375931fbadb935) Importer(815301076,1909f56bfc062723c751e8b465ee728b) (PreviewImporter) -> (artifact id: 'fbca5bd35e6203c926bd20edc5f14221') in 0.005527917 seconds
Number of updated asset objects reloaded before import = 0Number of asset objects unloaded after import = 3

========================================================================
Received Import Request.
  Time since last request: 0.000058 seconds.
  path: Assets/House tilemaps/4 Walls, Floor & Doors_8.asset
  artifactKey: Guid(d36be3164ba3547ae914935d7884e5d7) Importer(815301076,1909f56bfc062723c751e8b465ee728b)
Start importing Assets/House tilemaps/4 Walls, Floor & Doors_8.asset using Guid(d36be3164ba3547ae914935d7884e5d7) Importer(815301076,1909f56bfc062723c751e8b465ee728b) (PreviewImporter) -> (artifact id: '28c4f5f37c1c9f5d39918155ecf70a70') in 0.002090041 seconds
Number of updated asset objects reloaded before import = 0Number of asset objects unloaded after import = 3

========================================================================
Received Import Request.
  Time since last request: 0.000077 seconds.
  path: Assets/House tilemaps/4 Walls, Floor & Doors_28.asset
  artifactKey: Guid(56de49eeac3bd4d3b898a683f99a46b4) Importer(815301076,1909f56bfc062723c751e8b465ee728b)
Start importing Assets/House tilemaps/4 Walls, Floor & Doors_28.asset using Guid(56de49eeac3bd4d3b898a683f99a46b4) Importer(815301076,1909f56bfc062723c751e8b465ee728b) (PreviewImporter) -> (artifact id: 'db3814be2c1e710a87775f712ac401f5') in 0.002825709 seconds
Number of updated asset objects reloaded before import = 0Number of asset objects unloaded after import = 3

========================================================================
Received Import Request.
  Time since last request: 0.000079 seconds.
  path: Assets/House tilemaps/4 Walls, Floor & Doors_12.asset
  artifactKey: Guid(26eb99f7a25bd4d6abf0115d997470ec) Importer(815301076,1909f56bfc062723c751e8b465ee728b)
Start importing Assets/House tilemaps/4 Walls, Floor & Doors_12.asset using Guid(26eb99f7a25bd4d6abf0115d997470ec) Importer(815301076,1909f56bfc062723c751e8b465ee728b) (PreviewImporter) -> (artifact id: '2c326baa0ce39dc48c24d1811a31861a') in 0.003335333 seconds
Number of updated asset objects reloaded before import = 0Number of asset objects unloaded after import = 3

========================================================================
Received Import Request.
  Time since last request: 0.000025 seconds.
  path: Assets/House tilemaps/4 Walls, Floor & Doors_13.asset
  artifactKey: Guid(7411215c3e807400d95216e1f44664f8) Importer(815301076,1909f56bfc062723c751e8b465ee728b)
Start importing Assets/House tilemaps/4 Walls, Floor & Doors_13.asset using Guid(7411215c3e807400d95216e1f44664f8) Importer(815301076,1909f56bfc062723c751e8b465ee728b) (PreviewImporter) -> (artifact id: '9ffa5f6d2f500f82efb97b1eee43c6d7') in 0.003109 seconds
Number of updated asset objects reloaded before import = 0Number of asset objects unloaded after import = 3

========================================================================
Received Import Request.
  Time since last request: 0.000032 seconds.
  path: Assets/House tilemaps/4 Walls, Floor & Doors_31.asset
  artifactKey: Guid(ac323e1a774ca422883e980669a7dbc1) Importer(815301076,1909f56bfc062723c751e8b465ee728b)
Start importing Assets/House tilemaps/4 Walls, Floor & Doors_31.asset using Guid(ac323e1a774ca422883e980669a7dbc1) Importer(815301076,1909f56bfc062723c751e8b465ee728b) (PreviewImporter) -> (artifact id: 'f3555964f7262ea16fe4b856830f836f') in 0.004057417 seconds
Number of updated asset objects reloaded before import = 0Number of asset objects unloaded after import = 3

========================================================================
Received Import Request.
  Time since last request: 0.000027 seconds.
  path: Assets/House tilemaps/4 Walls, Floor & Doors_24.asset
  artifactKey: Guid(acaea316bc9e24b16a8dfc64feeaf749) Importer(815301076,1909f56bfc062723c751e8b465ee728b)
Start importing Assets/House tilemaps/4 Walls, Floor & Doors_24.asset using Guid(acaea316bc9e24b16a8dfc64feeaf749) Importer(815301076,1909f56bfc062723c751e8b465ee728b) (PreviewImporter) -> (artifact id: '9bce820422bb3b51fab112e723c85498') in 0.002757875 seconds
Number of updated asset objects reloaded before import = 0Number of asset objects unloaded after import = 3

========================================================================
Received Import Request.
  Time since last request: 0.000027 seconds.
  path: Assets/House tilemaps/4 Walls, Floor & Doors_5.asset
  artifactKey: Guid(a5f9abcd0eb1d43488d2a02472a7423b) Importer(815301076,1909f56bfc062723c751e8b465ee728b)
Start importing Assets/House tilemaps/4 Walls, Floor & Doors_5.asset using Guid(a5f9abcd0eb1d43488d2a02472a7423b) Importer(815301076,1909f56bfc062723c751e8b465ee728b) (PreviewImporter) -> (artifact id: '25102af44cf2e7e0e2531821cd0069a1') in 0.003334917 seconds
Number of updated asset objects reloaded before import = 0Number of asset objects unloaded after import = 3

========================================================================
Received Import Request.
  Time since last request: 0.000092 seconds.
  path: Assets/House tilemaps/4 Walls, Floor & Doors_11.asset
  artifactKey: Guid(d7c777fcb6f384a4cb531b7946b8ebc2) Importer(815301076,1909f56bfc062723c751e8b465ee728b)
Start importing Assets/House tilemaps/4 Walls, Floor & Doors_11.asset using Guid(d7c777fcb6f384a4cb531b7946b8ebc2) Importer(815301076,1909f56bfc062723c751e8b465ee728b) (PreviewImporter) -> (artifact id: '5b37993955287381018a0ebbcaee778c') in 0.002685667 seconds
Number of updated asset objects reloaded before import = 0Number of asset objects unloaded after import = 3

========================================================================
Received Import Request.
  Time since last request: 0.000035 seconds.
  path: Assets/House tilemaps/4 Walls, Floor & Doors_19.asset
  artifactKey: Guid(ad8a159ac697d4b9189b21a614f18c0f) Importer(815301076,1909f56bfc062723c751e8b465ee728b)
Start importing Assets/House tilemaps/4 Walls, Floor & Doors_19.asset using Guid(ad8a159ac697d4b9189b21a614f18c0f) Importer(815301076,1909f56bfc062723c751e8b465ee728b) (PreviewImporter) -> (artifact id: '5df13af3b2781d3b38c6a6ad41339797') in 0.002920709 seconds
Number of updated asset objects reloaded before import = 0Number of asset objects unloaded after import = 3

========================================================================
Received Import Request.
  Time since last request: 0.000042 seconds.
  path: Assets/House tilemaps/4 Walls, Floor & Doors_17.asset
  artifactKey: Guid(419902cc815ca405a921833885e562cf) Importer(815301076,1909f56bfc062723c751e8b465ee728b)
Start importing Assets/House tilemaps/4 Walls, Floor & Doors_17.asset using Guid(419902cc815ca405a921833885e562cf) Importer(815301076,1909f56bfc062723c751e8b465ee728b) (PreviewImporter) -> (artifact id: '4d7bd688b3e11064b03e89667f7df707') in 0.002528875 seconds
Number of updated asset objects reloaded before import = 0Number of asset objects unloaded after import = 3

========================================================================
Received Import Request.
  Time since last request: 0.000066 seconds.
  path: Assets/House tilemaps/4 Walls, Floor & Doors_32.asset
  artifactKey: Guid(e6399b3b38486476ebe4dd41c1037e34) Importer(815301076,1909f56bfc062723c751e8b465ee728b)
Start importing Assets/House tilemaps/4 Walls, Floor & Doors_32.asset using Guid(e6399b3b38486476ebe4dd41c1037e34) Importer(815301076,1909f56bfc062723c751e8b465ee728b) (PreviewImporter) -> (artifact id: '20c00899ea79f924f43360f93c74452b') in 0.00247725 seconds
Number of updated asset objects reloaded before import = 0Number of asset objects unloaded after import = 3

========================================================================
Received Import Request.
  Time since last request: 0.000064 seconds.
  path: Assets/House tilemaps/4 Walls, Floor & Doors_29.asset
  artifactKey: Guid(15ebe4cd036fc4fe38a2ff78c6bcbe39) Importer(815301076,1909f56bfc062723c751e8b465ee728b)
Start importing Assets/House tilemaps/4 Walls, Floor & Doors_29.asset using Guid(15ebe4cd036fc4fe38a2ff78c6bcbe39) Importer(815301076,1909f56bfc062723c751e8b465ee728b) (PreviewImporter) -> (artifact id: '3ae208d958299846209d6168a142c6c3') in 0.002814334 seconds
Number of updated asset objects reloaded before import = 0Number of asset objects unloaded after import = 3

========================================================================
Received Import Request.
  Time since last request: 0.000147 seconds.
  path: Assets/House tilemaps/4 Walls, Floor & Doors_2.asset
  artifactKey: Guid(809e230aa41ad475fb636ea386cc7018) Importer(815301076,1909f56bfc062723c751e8b465ee728b)
Start importing Assets/House tilemaps/4 Walls, Floor & Doors_2.asset using Guid(809e230aa41ad475fb636ea386cc7018) Importer(815301076,1909f56bfc062723c751e8b465ee728b) (PreviewImporter) -> (artifact id: '73fec4438ce2c69602d5049560c2d886') in 0.002565333 seconds
Number of updated asset objects reloaded before import = 0Number of asset objects unloaded after import = 3

========================================================================
Received Import Request.
  Time since last request: 0.000048 seconds.
  path: Assets/House tilemaps/4 Walls, Floor & Doors_6.asset
  artifactKey: Guid(62399e0de212048d783b20cd60d6bc5e) Importer(815301076,1909f56bfc062723c751e8b465ee728b)
Start importing Assets/House tilemaps/4 Walls, Floor & Doors_6.asset using Guid(62399e0de212048d783b20cd60d6bc5e) Importer(815301076,1909f56bfc062723c751e8b465ee728b) (PreviewImporter) -> (artifact id: '2683ded574b4645c5deb223893112a12') in 0.002941708 seconds
Number of updated asset objects reloaded before import = 0Number of asset objects unloaded after import = 3

========================================================================
Received Import Request.
  Time since last request: 0.000143 seconds.
  path: Assets/House tilemaps/4 Walls, Floor & Doors_7.asset
  artifactKey: Guid(7030d4540e89348d68b835e1e2865601) Importer(815301076,1909f56bfc062723c751e8b465ee728b)
Start importing Assets/House tilemaps/4 Walls, Floor & Doors_7.asset using Guid(7030d4540e89348d68b835e1e2865601) Importer(815301076,1909f56bfc062723c751e8b465ee728b) (PreviewImporter) -> (artifact id: '2d8cadb8367d0c43760eb3a4a2481e2f') in 0.0021155 seconds
Number of updated asset objects reloaded before import = 0Number of asset objects unloaded after import = 3

========================================================================
Received Import Request.
  Time since last request: 0.000028 seconds.
  path: Assets/House tilemaps/4 Walls, Floor & Doors_25.asset
  artifactKey: Guid(93a9304678d19442999f5e1e37e513e2) Importer(815301076,1909f56bfc062723c751e8b465ee728b)
Start importing Assets/House tilemaps/4 Walls, Floor & Doors_25.asset using Guid(93a9304678d19442999f5e1e37e513e2) Importer(815301076,1909f56bfc062723c751e8b465ee728b) (PreviewImporter) -> (artifact id: '503fda56bfbf578bd2b49e2f95199828') in 0.002104 seconds
Number of updated asset objects reloaded before import = 0Number of asset objects unloaded after import = 3

========================================================================
Received Import Request.
  Time since last request: 0.000107 seconds.
  path: Assets/House tilemaps/4 Walls, Floor & Doors_14.asset
  artifactKey: Guid(688e7f8048f7347fca09dfefb8545d38) Importer(815301076,1909f56bfc062723c751e8b465ee728b)
Start importing Assets/House tilemaps/4 Walls, Floor & Doors_14.asset using Guid(688e7f8048f7347fca09dfefb8545d38) Importer(815301076,1909f56bfc062723c751e8b465ee728b) (PreviewImporter) -> (artifact id: '67b971735c46a992b0aba10886f59181') in 0.002649958 seconds
Number of updated asset objects reloaded before import = 0Number of asset objects unloaded after import = 3

========================================================================
Received Import Request.
  Time since last request: 0.000175 seconds.
  path: Assets/House tilemaps/4 Walls, Floor & Doors_27.asset
  artifactKey: Guid(659d973b52a1c442f9b6266bf648f4d7) Importer(815301076,1909f56bfc062723c751e8b465ee728b)
Start importing Assets/House tilemaps/4 Walls, Floor & Doors_27.asset using Guid(659d973b52a1c442f9b6266bf648f4d7) Importer(815301076,1909f56bfc062723c751e8b465ee728b) (PreviewImporter) -> (artifact id: '9e9ecdd46cca8054a8fd5010d4979214') in 0.002859333 seconds
Number of updated asset objects reloaded before import = 0Number of asset objects unloaded after import = 3

========================================================================
Received Import Request.
  Time since last request: 0.000074 seconds.
  path: Assets/House tilemaps/4 Walls, Floor & Doors_1.asset
  artifactKey: Guid(0691e55e9a9f74e519af88acb55d8eca) Importer(815301076,1909f56bfc062723c751e8b465ee728b)
Start importing Assets/House tilemaps/4 Walls, Floor & Doors_1.asset using Guid(0691e55e9a9f74e519af88acb55d8eca) Importer(815301076,1909f56bfc062723c751e8b465ee728b) (PreviewImporter) -> (artifact id: 'cc85c184342ec39ec70e74e8df31b8b0') in 0.002936708 seconds
Number of updated asset objects reloaded before import = 0Number of asset objects unloaded after import = 3

========================================================================
Received Import Request.
  Time since last request: 0.000111 seconds.
  path: Assets/House tilemaps/4 Walls, Floor & Doors_20.asset
  artifactKey: Guid(d0ef09b23d6534d2799723e11c4c9187) Importer(815301076,1909f56bfc062723c751e8b465ee728b)
Start importing Assets/House tilemaps/4 Walls, Floor & Doors_20.asset using Guid(d0ef09b23d6534d2799723e11c4c9187) Importer(815301076,1909f56bfc062723c751e8b465ee728b) (PreviewImporter) -> (artifact id: '31de7014b078e8ab690afe8e10bd2389') in 0.002365792 seconds
Number of updated asset objects reloaded before import = 0Number of asset objects unloaded after import = 3

========================================================================
Received Import Request.
  Time since last request: 0.000057 seconds.
  path: Assets/House tilemaps/4 Walls, Floor & Doors_22.asset
  artifactKey: Guid(2a4ef86bdbf894c5ead11bbf76c58da1) Importer(815301076,1909f56bfc062723c751e8b465ee728b)
Start importing Assets/House tilemaps/4 Walls, Floor & Doors_22.asset using Guid(2a4ef86bdbf894c5ead11bbf76c58da1) Importer(815301076,1909f56bfc062723c751e8b465ee728b) (PreviewImporter) -> (artifact id: '7aff3aff1825cd381f65bbf0fdbe4dbc') in 0.003673875 seconds
Number of updated asset objects reloaded before import = 0Number of asset objects unloaded after import = 3

========================================================================
Received Import Request.
  Time since last request: 0.000117 seconds.
  path: Assets/House tilemaps/4 Walls, Floor & Doors_15.asset
  artifactKey: Guid(0924f22f256a64a77aeba1c1e3e33702) Importer(815301076,1909f56bfc062723c751e8b465ee728b)
Start importing Assets/House tilemaps/4 Walls, Floor & Doors_15.asset using Guid(0924f22f256a64a77aeba1c1e3e33702) Importer(815301076,1909f56bfc062723c751e8b465ee728b) (PreviewImporter) -> (artifact id: '78d33eaded19d03d1ce06d89ea323352') in 0.002921291 seconds
Number of updated asset objects reloaded before import = 0Number of asset objects unloaded after import = 3

========================================================================
Received Import Request.
  Time since last request: 0.000071 seconds.
  path: Assets/House tilemaps/4 Walls, Floor & Doors_9.asset
  artifactKey: Guid(ab968104c5c42440d877509bdf00f20f) Importer(815301076,1909f56bfc062723c751e8b465ee728b)
Start importing Assets/House tilemaps/4 Walls, Floor & Doors_9.asset using Guid(ab968104c5c42440d877509bdf00f20f) Importer(815301076,1909f56bfc062723c751e8b465ee728b) (PreviewImporter) -> (artifact id: 'e2678f7774591fc9ad20e20327a0d8b1') in 0.003317958 seconds
Number of updated asset objects reloaded before import = 0Number of asset objects unloaded after import = 3

========================================================================
Received Import Request.
  Time since last request: 0.000057 seconds.
  path: Assets/House tilemaps/4 Walls, Floor & Doors_10.asset
  artifactKey: Guid(901f5d071ce4a46c385d381a7dc4c218) Importer(815301076,1909f56bfc062723c751e8b465ee728b)
Start importing Assets/House tilemaps/4 Walls, Floor & Doors_10.asset using Guid(901f5d071ce4a46c385d381a7dc4c218) Importer(815301076,1909f56bfc062723c751e8b465ee728b) (PreviewImporter) -> (artifact id: '01522d56c86d9f62b22890cc57d4790b') in 0.002720583 seconds
Number of updated asset objects reloaded before import = 0Number of asset objects unloaded after import = 3

========================================================================
Received Import Request.
  Time since last request: 498.546936 seconds.
  path: Assets/_game_/World/Forest/Tile Palettes/Desert.prefab
  artifactKey: Guid(4316dcb4bb98e4510b9f5c584fd925c7) Importer(815301076,1909f56bfc062723c751e8b465ee728b)
Start importing Assets/_game_/World/Forest/Tile Palettes/Desert.prefab using Guid(4316dcb4bb98e4510b9f5c584fd925c7) Importer(815301076,1909f56bfc062723c751e8b465ee728b) (PreviewImporter) -> (artifact id: 'a2aa3e7d3a51b0e32cbacafec467d096') in 0.087626334 seconds
Number of updated asset objects reloaded before import = 0Number of asset objects unloaded after import = 431

========================================================================
Received Import Request.
  Time since last request: 0.000048 seconds.
  path: Assets/_game_/World/Forest/Tile Palettes/Lava.prefab
  artifactKey: Guid(00fba26df71fa422cb9857062bc79a28) Importer(815301076,1909f56bfc062723c751e8b465ee728b)
Start importing Assets/_game_/World/Forest/Tile Palettes/Lava.prefab using Guid(00fba26df71fa422cb9857062bc79a28) Importer(815301076,1909f56bfc062723c751e8b465ee728b) (PreviewImporter) -> (artifact id: 'a76db07e3e465afbecc4c627a5aef429') in 0.125284375 seconds
Number of updated asset objects reloaded before import = 0Number of asset objects unloaded after import = 1333

========================================================================
Received Import Request.
  Time since last request: 0.000024 seconds.
  path: Assets/_game_/World/Forest/Tile Palettes/HouseInterior.prefab
  artifactKey: Guid(9a97995bddbbd4c81b1b21649ceecac5) Importer(815301076,1909f56bfc062723c751e8b465ee728b)
Start importing Assets/_game_/World/Forest/Tile Palettes/HouseInterior.prefab using Guid(9a97995bddbbd4c81b1b21649ceecac5) Importer(815301076,1909f56bfc062723c751e8b465ee728b) (PreviewImporter) -> (artifact id: '8878135d3185c75c4bf48bcc297117f9') in 0.010252417 seconds
Number of updated asset objects reloaded before import = 0Number of asset objects unloaded after import = 77

========================================================================
Received Import Request.
  Time since last request: 47.383713 seconds.
  path: Assets/_game_/World/Forest/Tiles/Standard/DesertTilemap16x16_1.asset
  artifactKey: Guid(06fd22fb3ced0478f865e042fea55187) Importer(815301076,1909f56bfc062723c751e8b465ee728b)
Start importing Assets/_game_/World/Forest/Tiles/Standard/DesertTilemap16x16_1.asset using Guid(06fd22fb3ced0478f865e042fea55187) Importer(815301076,1909f56bfc062723c751e8b465ee728b) (PreviewImporter) -> (artifact id: '801b4b959775a12bb5c5850d171b2c73') in 0.023655667 seconds
Number of updated asset objects reloaded before import = 0Number of asset objects unloaded after import = 3

========================================================================
Received Import Request.
  Time since last request: 0.000103 seconds.
  path: Assets/_game_/World/Forest/Tiles/Standard/DesertTilemap16x16_18.asset
  artifactKey: Guid(e0456436c32964d7dbdedf53aacb992d) Importer(815301076,1909f56bfc062723c751e8b465ee728b)
Start importing Assets/_game_/World/Forest/Tiles/Standard/DesertTilemap16x16_18.asset using Guid(e0456436c32964d7dbdedf53aacb992d) Importer(815301076,1909f56bfc062723c751e8b465ee728b) (PreviewImporter) -> (artifact id: 'c854ea1c9915cf1adbf9bc1f2fbb7705') in 0.004498208 seconds
Number of updated asset objects reloaded before import = 0Number of asset objects unloaded after import = 3

========================================================================
Received Import Request.
  Time since last request: 0.000030 seconds.
  path: Assets/_game_/World/Forest/Tiles/Standard/DesertTilemap16x16_11.asset
  artifactKey: Guid(66f70e54c2adc4b7e9bd08b028a7d40e) Importer(815301076,1909f56bfc062723c751e8b465ee728b)
Start importing Assets/_game_/World/Forest/Tiles/Standard/DesertTilemap16x16_11.asset using Guid(66f70e54c2adc4b7e9bd08b028a7d40e) Importer(815301076,1909f56bfc062723c751e8b465ee728b) (PreviewImporter) -> (artifact id: '257ee3dca91a5be2cd5133eba0ae96a1') in 0.002167333 seconds
Number of updated asset objects reloaded before import = 0Number of asset objects unloaded after import = 3

========================================================================
Received Import Request.
  Time since last request: 0.000126 seconds.
  path: Assets/_game_/World/Forest/Tiles/Standard/DesertTilemap16x16_30.asset
  artifactKey: Guid(ba61a524d0de24967b6613b72acce167) Importer(815301076,1909f56bfc062723c751e8b465ee728b)
Start importing Assets/_game_/World/Forest/Tiles/Standard/DesertTilemap16x16_30.asset using Guid(ba61a524d0de24967b6613b72acce167) Importer(815301076,1909f56bfc062723c751e8b465ee728b) (PreviewImporter) -> (artifact id: '1d48a4f91a1dbc3c6029c8008f814783') in 0.002379125 seconds
Number of updated asset objects reloaded before import = 0Number of asset objects unloaded after import = 3

========================================================================
Received Import Request.
  Time since last request: 0.000055 seconds.
  path: Assets/_game_/World/Forest/Tiles/Standard/DesertTilemap16x16_14.asset
  artifactKey: Guid(1e5906bf86e98426290962bb2fd3618f) Importer(815301076,1909f56bfc062723c751e8b465ee728b)
Start importing Assets/_game_/World/Forest/Tiles/Standard/DesertTilemap16x16_14.asset using Guid(1e5906bf86e98426290962bb2fd3618f) Importer(815301076,1909f56bfc062723c751e8b465ee728b) (PreviewImporter) -> (artifact id: 'eceb85d4a9f45a0f02d1e79bf0ab936e') in 0.0024345 seconds
Number of updated asset objects reloaded before import = 0Number of asset objects unloaded after import = 3

========================================================================
Received Import Request.
  Time since last request: 0.000026 seconds.
  path: Assets/_game_/World/Forest/Tiles/Standard/DesertTilemap16x16_24.asset
  artifactKey: Guid(9da0b5dd852554ff7b6e729609fbb824) Importer(815301076,1909f56bfc062723c751e8b465ee728b)
Start importing Assets/_game_/World/Forest/Tiles/Standard/DesertTilemap16x16_24.asset using Guid(9da0b5dd852554ff7b6e729609fbb824) Importer(815301076,1909f56bfc062723c751e8b465ee728b) (PreviewImporter) -> (artifact id: 'f4c777116ff40b4752fffe6f20480323') in 0.002171833 seconds
Number of updated asset objects reloaded before import = 0Number of asset objects unloaded after import = 3

========================================================================
Received Import Request.
  Time since last request: 0.000043 seconds.
  path: Assets/_game_/World/Forest/Tiles/Standard/DesertTilemap16x16_4.asset
  artifactKey: Guid(d389117edf5594e2a925019a47722b15) Importer(815301076,1909f56bfc062723c751e8b465ee728b)
Start importing Assets/_game_/World/Forest/Tiles/Standard/DesertTilemap16x16_4.asset using Guid(d389117edf5594e2a925019a47722b15) Importer(815301076,1909f56bfc062723c751e8b465ee728b) (PreviewImporter) -> (artifact id: 'ab10a6375d4de3621c8f5d9670f91c19') in 0.002503 seconds
Number of updated asset objects reloaded before import = 0Number of asset objects unloaded after import = 3

========================================================================
Received Import Request.
  Time since last request: 0.000048 seconds.
  path: Assets/_game_/World/Forest/Tiles/Standard/DesertTilemap16x16_17.asset
  artifactKey: Guid(7e4d89d6fe51c473dbc15d1707ff9ff7) Importer(815301076,1909f56bfc062723c751e8b465ee728b)
Start importing Assets/_game_/World/Forest/Tiles/Standard/DesertTilemap16x16_17.asset using Guid(7e4d89d6fe51c473dbc15d1707ff9ff7) Importer(815301076,1909f56bfc062723c751e8b465ee728b) (PreviewImporter) -> (artifact id: 'a589ab542bdd3ae8741ab9b8bb4d4465') in 0.00285375 seconds
Number of updated asset objects reloaded before import = 0Number of asset objects unloaded after import = 3

========================================================================
Received Import Request.
  Time since last request: 0.000043 seconds.
  path: Assets/_game_/World/Forest/Tiles/Standard/DesertTilemap16x16_9.asset
  artifactKey: Guid(f5865629d863042ff911651b9ac05a0b) Importer(815301076,1909f56bfc062723c751e8b465ee728b)
Start importing Assets/_game_/World/Forest/Tiles/Standard/DesertTilemap16x16_9.asset using Guid(f5865629d863042ff911651b9ac05a0b) Importer(815301076,1909f56bfc062723c751e8b465ee728b) (PreviewImporter) -> (artifact id: 'b3a58b493c88095fbb7b9e792c20cead') in 0.002779584 seconds
Number of updated asset objects reloaded before import = 0Number of asset objects unloaded after import = 3

========================================================================
Received Import Request.
  Time since last request: 0.000163 seconds.
  path: Assets/_game_/World/Forest/Tiles/Standard/DesertTilemap16x16_12.asset
  artifactKey: Guid(d17dd6fa5cff54ddf9a57c4c2374a836) Importer(815301076,1909f56bfc062723c751e8b465ee728b)
Start importing Assets/_game_/World/Forest/Tiles/Standard/DesertTilemap16x16_12.asset using Guid(d17dd6fa5cff54ddf9a57c4c2374a836) Importer(815301076,1909f56bfc062723c751e8b465ee728b) (PreviewImporter) -> (artifact id: '8a50e88ca8962cf0bd09b02e93a23861') in 0.002476709 seconds
Number of updated asset objects reloaded before import = 0Number of asset objects unloaded after import = 3

========================================================================
Received Import Request.
  Time since last request: 0.000045 seconds.
  path: Assets/_game_/World/Forest/Tiles/Standard/DesertTilemap16x16_21.asset
  artifactKey: Guid(7fc3a423e373a4799a2ce9ed5deece4d) Importer(815301076,1909f56bfc062723c751e8b465ee728b)
Start importing Assets/_game_/World/Forest/Tiles/Standard/DesertTilemap16x16_21.asset using Guid(7fc3a423e373a4799a2ce9ed5deece4d) Importer(815301076,1909f56bfc062723c751e8b465ee728b) (PreviewImporter) -> (artifact id: '15d53d2608ad992d9e522c022b4d8736') in 0.002983333 seconds
Number of updated asset objects reloaded before import = 0Number of asset objects unloaded after import = 3

========================================================================
Received Import Request.
  Time since last request: 0.000052 seconds.
  path: Assets/_game_/World/Forest/Tiles/Standard/DesertTilemap16x16_10.asset
  artifactKey: Guid(7b3cb62fc0c0744cf8c0a165c69d8f75) Importer(815301076,1909f56bfc062723c751e8b465ee728b)
Start importing Assets/_game_/World/Forest/Tiles/Standard/DesertTilemap16x16_10.asset using Guid(7b3cb62fc0c0744cf8c0a165c69d8f75) Importer(815301076,1909f56bfc062723c751e8b465ee728b) (PreviewImporter) -> (artifact id: 'bbaaa08528c78cc19700c07bcbbca56d') in 0.002774209 seconds
Number of updated asset objects reloaded before import = 0Number of asset objects unloaded after import = 3

========================================================================
Received Import Request.
  Time since last request: 0.000074 seconds.
  path: Assets/_game_/World/Forest/Tiles/Standard/DesertTilemap16x16_7.asset
  artifactKey: Guid(ad189379a04ac48e38dd131e082c26d9) Importer(815301076,1909f56bfc062723c751e8b465ee728b)
Start importing Assets/_game_/World/Forest/Tiles/Standard/DesertTilemap16x16_7.asset using Guid(ad189379a04ac48e38dd131e082c26d9) Importer(815301076,1909f56bfc062723c751e8b465ee728b) (PreviewImporter) -> (artifact id: '3434e8b975b975238f4b81c7207af392') in 0.002329709 seconds
Number of updated asset objects reloaded before import = 0Number of asset objects unloaded after import = 3

========================================================================
Received Import Request.
  Time since last request: 0.000036 seconds.
  path: Assets/_game_/World/Forest/Tiles/Standard/DesertTilemap16x16_8.asset
  artifactKey: Guid(e8436ba673cdf4e56b63d6cb7d41f266) Importer(815301076,1909f56bfc062723c751e8b465ee728b)
Start importing Assets/_game_/World/Forest/Tiles/Standard/DesertTilemap16x16_8.asset using Guid(e8436ba673cdf4e56b63d6cb7d41f266) Importer(815301076,1909f56bfc062723c751e8b465ee728b) (PreviewImporter) -> (artifact id: 'ba3f9aa7e4a8cf7a5a83feb52c446f6b') in 0.002528375 seconds
Number of updated asset objects reloaded before import = 0Number of asset objects unloaded after import = 3

========================================================================
Received Import Request.
  Time since last request: 0.000028 seconds.
  path: Assets/_game_/World/Forest/Tiles/Standard/DesertTilemap16x16_6.asset
  artifactKey: Guid(17d54697381354c8da6671ed6e49057d) Importer(815301076,1909f56bfc062723c751e8b465ee728b)
Start importing Assets/_game_/World/Forest/Tiles/Standard/DesertTilemap16x16_6.asset using Guid(17d54697381354c8da6671ed6e49057d) Importer(815301076,1909f56bfc062723c751e8b465ee728b) (PreviewImporter) -> (artifact id: '69eb772529767a821ecc46b84f7de5a3') in 0.002368417 seconds
Number of updated asset objects reloaded before import = 0Number of asset objects unloaded after import = 3

========================================================================
Received Import Request.
  Time since last request: 0.000045 seconds.
  path: Assets/_game_/World/Forest/Tiles/Standard/DesertTilemap16x16_33.asset
  artifactKey: Guid(7e4e14991643a4b97bd988330de4e4f2) Importer(815301076,1909f56bfc062723c751e8b465ee728b)
Start importing Assets/_game_/World/Forest/Tiles/Standard/DesertTilemap16x16_33.asset using Guid(7e4e14991643a4b97bd988330de4e4f2) Importer(815301076,1909f56bfc062723c751e8b465ee728b) (PreviewImporter) -> (artifact id: '3707b6b408b8dd01a3c7f76a2dff45e9') in 0.002610709 seconds
Number of updated asset objects reloaded before import = 0Number of asset objects unloaded after import = 3

========================================================================
Received Import Request.
  Time since last request: 0.000031 seconds.
  path: Assets/_game_/World/Forest/Tiles/Standard/DesertTilemap16x16_25.asset
  artifactKey: Guid(b53df4e299baf4327ab00c8ef1c62cc1) Importer(815301076,1909f56bfc062723c751e8b465ee728b)
Start importing Assets/_game_/World/Forest/Tiles/Standard/DesertTilemap16x16_25.asset using Guid(b53df4e299baf4327ab00c8ef1c62cc1) Importer(815301076,1909f56bfc062723c751e8b465ee728b) (PreviewImporter) -> (artifact id: '3421d4b0533780b773a097733eac7613') in 0.0025045 seconds
Number of updated asset objects reloaded before import = 0Number of asset objects unloaded after import = 3

========================================================================
Received Import Request.
  Time since last request: 0.920575 seconds.
  path: Assets/_game_/World/Forest/Tiles/Standard/DesertTilemap16x16_35.asset
  artifactKey: Guid(994c7b0ae358d4ae98a75b3ab28d41e3) Importer(815301076,1909f56bfc062723c751e8b465ee728b)
Start importing Assets/_game_/World/Forest/Tiles/Standard/DesertTilemap16x16_35.asset using Guid(994c7b0ae358d4ae98a75b3ab28d41e3) Importer(815301076,1909f56bfc062723c751e8b465ee728b) (PreviewImporter) -> (artifact id: 'c0c212eede12cfc9894584bc33b7fa02') in 0.002396666 seconds
Number of updated asset objects reloaded before import = 0Number of asset objects unloaded after import = 3

========================================================================
Received Import Request.
  Time since last request: 0.000038 seconds.
  path: Assets/_game_/World/Forest/Tiles/Standard/DesertTilemap16x16_36.asset
  artifactKey: Guid(e01fae1d997f840248af713725898ac8) Importer(815301076,1909f56bfc062723c751e8b465ee728b)
Start importing Assets/_game_/World/Forest/Tiles/Standard/DesertTilemap16x16_36.asset using Guid(e01fae1d997f840248af713725898ac8) Importer(815301076,1909f56bfc062723c751e8b465ee728b) (PreviewImporter) -> (artifact id: '60eaadeeaa33b203ff82db08a445b6f0') in 0.002296125 seconds
Number of updated asset objects reloaded before import = 0Number of asset objects unloaded after import = 3

========================================================================
Received Import Request.
  Time since last request: 0.000071 seconds.
  path: Assets/_game_/World/Forest/Tiles/Standard/DesertTilemap16x16_41.asset
  artifactKey: Guid(567e294f168b34368991acd7f33f4d44) Importer(815301076,1909f56bfc062723c751e8b465ee728b)
Start importing Assets/_game_/World/Forest/Tiles/Standard/DesertTilemap16x16_41.asset using Guid(567e294f168b34368991acd7f33f4d44) Importer(815301076,1909f56bfc062723c751e8b465ee728b) (PreviewImporter) -> (artifact id: '6bc14c44c5725329e8af6623040ed011') in 0.002069334 seconds
Number of updated asset objects reloaded before import = 0Number of asset objects unloaded after import = 3

========================================================================
Received Import Request.
  Time since last request: 0.000129 seconds.
  path: Assets/_game_/World/Forest/Tiles/Standard/DesertTilemap16x16_44.asset
  artifactKey: Guid(994a1130b65c54bf7b47f60756eff46a) Importer(815301076,1909f56bfc062723c751e8b465ee728b)
Start importing Assets/_game_/World/Forest/Tiles/Standard/DesertTilemap16x16_44.asset using Guid(994a1130b65c54bf7b47f60756eff46a) Importer(815301076,1909f56bfc062723c751e8b465ee728b) (PreviewImporter) -> (artifact id: '4035a9c0fa8a866f14679f618e93dffc') in 0.002506917 seconds
Number of updated asset objects reloaded before import = 0Number of asset objects unloaded after import = 3

========================================================================
Received Import Request.
  Time since last request: 0.000025 seconds.
  path: Assets/_game_/World/Forest/Tiles/Standard/DesertTilemap16x16_40.asset
  artifactKey: Guid(849abaff5ca454159aa51cbf46093074) Importer(815301076,1909f56bfc062723c751e8b465ee728b)
Start importing Assets/_game_/World/Forest/Tiles/Standard/DesertTilemap16x16_40.asset using Guid(849abaff5ca454159aa51cbf46093074) Importer(815301076,1909f56bfc062723c751e8b465ee728b) (PreviewImporter) -> (artifact id: '1516e825fb9119aeef753e3176b7d51f') in 0.002439583 seconds
Number of updated asset objects reloaded before import = 0Number of asset objects unloaded after import = 3

========================================================================
Received Import Request.
  Time since last request: 0.000164 seconds.
  path: Assets/_game_/World/Forest/Tiles/Standard/DesertTilemap16x16_39.asset
  artifactKey: Guid(71218356586f748f3829061734a7f2b4) Importer(815301076,1909f56bfc062723c751e8b465ee728b)
Start importing Assets/_game_/World/Forest/Tiles/Standard/DesertTilemap16x16_39.asset using Guid(71218356586f748f3829061734a7f2b4) Importer(815301076,1909f56bfc062723c751e8b465ee728b) (PreviewImporter) -> (artifact id: '97a3646795e3bceb8d16d59464843c39') in 0.002512708 seconds
Number of updated asset objects reloaded before import = 0Number of asset objects unloaded after import = 3

========================================================================
Received Import Request.
  Time since last request: 0.046403 seconds.
  path: Assets/_game_/World/Forest/Tiles/Standard/DesertTilemap16x16_46.asset
  artifactKey: Guid(18b9628351af74b27a0ec586ab188953) Importer(815301076,1909f56bfc062723c751e8b465ee728b)
Start importing Assets/_game_/World/Forest/Tiles/Standard/DesertTilemap16x16_46.asset using Guid(18b9628351af74b27a0ec586ab188953) Importer(815301076,1909f56bfc062723c751e8b465ee728b) (PreviewImporter) -> (artifact id: 'e35a8db438908e761785a56aaee19d10') in 0.003326209 seconds
Number of updated asset objects reloaded before import = 0Number of asset objects unloaded after import = 3

========================================================================
Received Import Request.
  Time since last request: 0.000050 seconds.
  path: Assets/_game_/World/Forest/Tiles/Standard/DesertTilemap16x16_48.asset
  artifactKey: Guid(82c296094ef494ea7920adbc7acda5b0) Importer(815301076,1909f56bfc062723c751e8b465ee728b)
Start importing Assets/_game_/World/Forest/Tiles/Standard/DesertTilemap16x16_48.asset using Guid(82c296094ef494ea7920adbc7acda5b0) Importer(815301076,1909f56bfc062723c751e8b465ee728b) (PreviewImporter) -> (artifact id: '448c01902cc6acb20aefa1def140a45e') in 0.003029542 seconds
Number of updated asset objects reloaded before import = 0Number of asset objects unloaded after import = 3

========================================================================
Received Import Request.
  Time since last request: 0.000188 seconds.
  path: Assets/_game_/World/Forest/Tiles/Standard/DesertTilemap16x16_52.asset
  artifactKey: Guid(304dffe2c751440d395495c93459b7c0) Importer(815301076,1909f56bfc062723c751e8b465ee728b)
Start importing Assets/_game_/World/Forest/Tiles/Standard/DesertTilemap16x16_52.asset using Guid(304dffe2c751440d395495c93459b7c0) Importer(815301076,1909f56bfc062723c751e8b465ee728b) (PreviewImporter) -> (artifact id: 'cde7bdc9bd1a7f31520819fcef568225') in 0.002474083 seconds
Number of updated asset objects reloaded before import = 0Number of asset objects unloaded after import = 3

========================================================================
Received Import Request.
  Time since last request: 0.000029 seconds.
  path: Assets/_game_/World/Forest/Tiles/Standard/DesertTilemap16x16_50.asset
  artifactKey: Guid(78ce2653f3cd347e3ae49099dcb18444) Importer(815301076,1909f56bfc062723c751e8b465ee728b)
Start importing Assets/_game_/World/Forest/Tiles/Standard/DesertTilemap16x16_50.asset using Guid(78ce2653f3cd347e3ae49099dcb18444) Importer(815301076,1909f56bfc062723c751e8b465ee728b) (PreviewImporter) -> (artifact id: 'd29dfcd93fb8876a8137b50506fb364e') in 0.002286416 seconds
Number of updated asset objects reloaded before import = 0Number of asset objects unloaded after import = 3

========================================================================
Received Import Request.
  Time since last request: 0.000082 seconds.
  path: Assets/_game_/World/Forest/Tiles/Standard/DesertTilemap16x16_51.asset
  artifactKey: Guid(d3d3cf58c94364c279b4c97c80849eed) Importer(815301076,1909f56bfc062723c751e8b465ee728b)
Start importing Assets/_game_/World/Forest/Tiles/Standard/DesertTilemap16x16_51.asset using Guid(d3d3cf58c94364c279b4c97c80849eed) Importer(815301076,1909f56bfc062723c751e8b465ee728b) (PreviewImporter) -> (artifact id: '583a0ce6dd0821b1c395d558b750b966') in 0.002903375 seconds
Number of updated asset objects reloaded before import = 0Number of asset objects unloaded after import = 3

========================================================================
Received Import Request.
  Time since last request: 0.000085 seconds.
  path: Assets/_game_/World/Forest/Tiles/Standard/DesertTilemap16x16_49.asset
  artifactKey: Guid(7f8b75dd561914f5591846d773ed14df) Importer(815301076,1909f56bfc062723c751e8b465ee728b)
Start importing Assets/_game_/World/Forest/Tiles/Standard/DesertTilemap16x16_49.asset using Guid(7f8b75dd561914f5591846d773ed14df) Importer(815301076,1909f56bfc062723c751e8b465ee728b) (PreviewImporter) -> (artifact id: '6343cffaac36ba46fbf5ccf2ca100caa') in 0.0023615 seconds
Number of updated asset objects reloaded before import = 0Number of asset objects unloaded after import = 3

========================================================================
Received Import Request.
  Time since last request: 0.030104 seconds.
  path: Assets/_game_/World/Forest/Tiles/Standard/DesertTilemap16x16_57.asset
  artifactKey: Guid(db1e51e3b96ba44549c95f294c125173) Importer(815301076,1909f56bfc062723c751e8b465ee728b)
Start importing Assets/_game_/World/Forest/Tiles/Standard/DesertTilemap16x16_57.asset using Guid(db1e51e3b96ba44549c95f294c125173) Importer(815301076,1909f56bfc062723c751e8b465ee728b) (PreviewImporter) -> (artifact id: 'd9306a1c92774ccea4bdc95709bf6693') in 0.003069667 seconds
Number of updated asset objects reloaded before import = 0Number of asset objects unloaded after import = 3

========================================================================
Received Import Request.
  Time since last request: 0.000096 seconds.
  path: Assets/_game_/World/Forest/Tiles/Standard/DesertTilemap16x16_66.asset
  artifactKey: Guid(4222609e2e48b40fb999f450ceed776b) Importer(815301076,1909f56bfc062723c751e8b465ee728b)
Start importing Assets/_game_/World/Forest/Tiles/Standard/DesertTilemap16x16_66.asset using Guid(4222609e2e48b40fb999f450ceed776b) Importer(815301076,1909f56bfc062723c751e8b465ee728b) (PreviewImporter) -> (artifact id: '0a37fea87200660d878fd21664d3d437') in 0.002050167 seconds
Number of updated asset objects reloaded before import = 0Number of asset objects unloaded after import = 3

========================================================================
Received Import Request.
  Time since last request: 0.000089 seconds.
  path: Assets/_game_/World/Forest/Tiles/Standard/DesertTilemap16x16_63.asset
  artifactKey: Guid(e0c349f54e2a64b7091533a4a5f5ac67) Importer(815301076,1909f56bfc062723c751e8b465ee728b)
Start importing Assets/_game_/World/Forest/Tiles/Standard/DesertTilemap16x16_63.asset using Guid(e0c349f54e2a64b7091533a4a5f5ac67) Importer(815301076,1909f56bfc062723c751e8b465ee728b) (PreviewImporter) -> (artifact id: 'c23cc6910a1fd8047fcf897c8be98413') in 0.002665584 seconds
Number of updated asset objects reloaded before import = 0Number of asset objects unloaded after import = 3

========================================================================
Received Import Request.
  Time since last request: 0.000028 seconds.
  path: Assets/_game_/World/Forest/Tiles/Standard/DesertTilemap16x16_58.asset
  artifactKey: Guid(c0469b2934b1d48f5a6385f56b3e95e8) Importer(815301076,1909f56bfc062723c751e8b465ee728b)
Start importing Assets/_game_/World/Forest/Tiles/Standard/DesertTilemap16x16_58.asset using Guid(c0469b2934b1d48f5a6385f56b3e95e8) Importer(815301076,1909f56bfc062723c751e8b465ee728b) (PreviewImporter) -> (artifact id: '53d1d1ca9ff4cbc9e2f0b00fad4ad610') in 0.002352375 seconds
Number of updated asset objects reloaded before import = 0Number of asset objects unloaded after import = 3

========================================================================
Received Import Request.
  Time since last request: 0.000041 seconds.
  path: Assets/_game_/World/Forest/Tiles/Standard/DesertTilemap16x16_61.asset
  artifactKey: Guid(c30ef9d8d85a148e7b5b169a67db922e) Importer(815301076,1909f56bfc062723c751e8b465ee728b)
Start importing Assets/_game_/World/Forest/Tiles/Standard/DesertTilemap16x16_61.asset using Guid(c30ef9d8d85a148e7b5b169a67db922e) Importer(815301076,1909f56bfc062723c751e8b465ee728b) (PreviewImporter) -> (artifact id: '2f715c38e4a33d4cd54bba4481ec35f8') in 0.002219417 seconds
Number of updated asset objects reloaded before import = 0Number of asset objects unloaded after import = 3

========================================================================
Received Import Request.
  Time since last request: 0.018923 seconds.
  path: Assets/_game_/World/Forest/Tiles/Standard/DesertTilemap16x16_68.asset
  artifactKey: Guid(62afc2de1022040ac89f330c2a127156) Importer(815301076,1909f56bfc062723c751e8b465ee728b)
Start importing Assets/_game_/World/Forest/Tiles/Standard/DesertTilemap16x16_68.asset using Guid(62afc2de1022040ac89f330c2a127156) Importer(815301076,1909f56bfc062723c751e8b465ee728b) (PreviewImporter) -> (artifact id: 'e6ec36a522cb65839456debd064ed2cd') in 0.002615 seconds
Number of updated asset objects reloaded before import = 0Number of asset objects unloaded after import = 3

========================================================================
Received Import Request.
  Time since last request: 0.000175 seconds.
  path: Assets/_game_/World/Forest/Tiles/Standard/DesertTilemap16x16_70.asset
  artifactKey: Guid(946a8e70cda6246de9ac704644c10b11) Importer(815301076,1909f56bfc062723c751e8b465ee728b)
Start importing Assets/_game_/World/Forest/Tiles/Standard/DesertTilemap16x16_70.asset using Guid(946a8e70cda6246de9ac704644c10b11) Importer(815301076,1909f56bfc062723c751e8b465ee728b) (PreviewImporter) -> (artifact id: '172291481b719b0d8e60c3de197c24fb') in 0.002709292 seconds
Number of updated asset objects reloaded before import = 0Number of asset objects unloaded after import = 3

========================================================================
Received Import Request.
  Time since last request: 0.000026 seconds.
  path: Assets/_game_/World/Forest/Tiles/Standard/DesertTilemap16x16_71.asset
  artifactKey: Guid(307d89e2c39524325ac752d0fe2ed1f4) Importer(815301076,1909f56bfc062723c751e8b465ee728b)
Start importing Assets/_game_/World/Forest/Tiles/Standard/DesertTilemap16x16_71.asset using Guid(307d89e2c39524325ac752d0fe2ed1f4) Importer(815301076,1909f56bfc062723c751e8b465ee728b) (PreviewImporter) -> (artifact id: 'b0a98828d00c79f24dead867e84bb15b') in 0.002415 seconds
Number of updated asset objects reloaded before import = 0Number of asset objects unloaded after import = 3

========================================================================
Received Import Request.
  Time since last request: 0.000040 seconds.
  path: Assets/_game_/World/Forest/Tiles/Standard/DesertTilemap16x16_76.asset
  artifactKey: Guid(d3f04da8aa3ae4675a70eb515dad16fb) Importer(815301076,1909f56bfc062723c751e8b465ee728b)
Start importing Assets/_game_/World/Forest/Tiles/Standard/DesertTilemap16x16_76.asset using Guid(d3f04da8aa3ae4675a70eb515dad16fb) Importer(815301076,1909f56bfc062723c751e8b465ee728b) (PreviewImporter) -> (artifact id: '4c183a3634d708350c38ca2bb07fcaf1') in 0.002799375 seconds
Number of updated asset objects reloaded before import = 0Number of asset objects unloaded after import = 3

========================================================================
Received Import Request.
  Time since last request: 0.000042 seconds.
  path: Assets/_game_/World/Forest/Tiles/Standard/DesertTilemap16x16_73.asset
  artifactKey: Guid(6a6f1d44ad93b4832bade083328c359c) Importer(815301076,1909f56bfc062723c751e8b465ee728b)
Start importing Assets/_game_/World/Forest/Tiles/Standard/DesertTilemap16x16_73.asset using Guid(6a6f1d44ad93b4832bade083328c359c) Importer(815301076,1909f56bfc062723c751e8b465ee728b) (PreviewImporter) -> (artifact id: 'c8f0f10b6fa277ec5e68ffd5fa0d01f5') in 0.002577667 seconds
Number of updated asset objects reloaded before import = 0Number of asset objects unloaded after import = 3

========================================================================
Received Import Request.
  Time since last request: 0.000054 seconds.
  path: Assets/_game_/World/Forest/Tiles/Standard/DesertTilemap16x16_74.asset
  artifactKey: Guid(f14fd50c3b7da4aceac01885edef56cb) Importer(815301076,1909f56bfc062723c751e8b465ee728b)
Start importing Assets/_game_/World/Forest/Tiles/Standard/DesertTilemap16x16_74.asset using Guid(f14fd50c3b7da4aceac01885edef56cb) Importer(815301076,1909f56bfc062723c751e8b465ee728b) (PreviewImporter) -> (artifact id: 'c14f41dbb31a2108e751d83de5739460') in 0.002581584 seconds
Number of updated asset objects reloaded before import = 0Number of asset objects unloaded after import = 3

========================================================================
Received Import Request.
  Time since last request: 0.033033 seconds.
  path: Assets/_game_/World/Forest/Tiles/Standard/DesertTilemap16x16_79.asset
  artifactKey: Guid(49c58ab63dba74aeabd6d845d1fb0e53) Importer(815301076,1909f56bfc062723c751e8b465ee728b)
Start importing Assets/_game_/World/Forest/Tiles/Standard/DesertTilemap16x16_79.asset using Guid(49c58ab63dba74aeabd6d845d1fb0e53) Importer(815301076,1909f56bfc062723c751e8b465ee728b) (PreviewImporter) -> (artifact id: 'b4cea66e9ae7e3105d8f725e8929db7a') in 0.002333375 seconds
Number of updated asset objects reloaded before import = 0Number of asset objects unloaded after import = 3

========================================================================
Received Import Request.
  Time since last request: 0.000046 seconds.
  path: Assets/_game_/World/Forest/Tiles/Standard/DesertTilemap16x16_85.asset
  artifactKey: Guid(aaf762140caf64f269514d7d3836c204) Importer(815301076,1909f56bfc062723c751e8b465ee728b)
Start importing Assets/_game_/World/Forest/Tiles/Standard/DesertTilemap16x16_85.asset using Guid(aaf762140caf64f269514d7d3836c204) Importer(815301076,1909f56bfc062723c751e8b465ee728b) (PreviewImporter) -> (artifact id: 'd0179e4f01a3a4508b6691fcadea5019') in 0.002768375 seconds
Number of updated asset objects reloaded before import = 0Number of asset objects unloaded after import = 3

========================================================================
Received Import Request.
  Time since last request: 0.000074 seconds.
  path: Assets/_game_/World/Forest/Tiles/Standard/DesertTilemap16x16_81.asset
  artifactKey: Guid(f83efcc6f99e8410a92ebaffba8e7d5b) Importer(815301076,1909f56bfc062723c751e8b465ee728b)
Start importing Assets/_game_/World/Forest/Tiles/Standard/DesertTilemap16x16_81.asset using Guid(f83efcc6f99e8410a92ebaffba8e7d5b) Importer(815301076,1909f56bfc062723c751e8b465ee728b) (PreviewImporter) -> (artifact id: '0fa1715a426ce366fd59d4cc1776ac14') in 0.002437542 seconds
Number of updated asset objects reloaded before import = 0Number of asset objects unloaded after import = 3

========================================================================
Received Import Request.
  Time since last request: 0.000059 seconds.
  path: Assets/_game_/World/Forest/Tiles/Standard/DesertTilemap16x16_84.asset
  artifactKey: Guid(a8d3b76eec8ab423d94ce465652575c4) Importer(815301076,1909f56bfc062723c751e8b465ee728b)
Start importing Assets/_game_/World/Forest/Tiles/Standard/DesertTilemap16x16_84.asset using Guid(a8d3b76eec8ab423d94ce465652575c4) Importer(815301076,1909f56bfc062723c751e8b465ee728b) (PreviewImporter) -> (artifact id: 'b71e3b310fb0ab3fe9cf8118c3ff67a6') in 0.002559375 seconds
Number of updated asset objects reloaded before import = 0Number of asset objects unloaded after import = 3

========================================================================
Received Import Request.
  Time since last request: 0.000041 seconds.
  path: Assets/_game_/World/Forest/Tiles/Standard/DesertTilemap16x16_86.asset
  artifactKey: Guid(e63deff43b9d54b88ba4c460aa5dd0ad) Importer(815301076,1909f56bfc062723c751e8b465ee728b)
Start importing Assets/_game_/World/Forest/Tiles/Standard/DesertTilemap16x16_86.asset using Guid(e63deff43b9d54b88ba4c460aa5dd0ad) Importer(815301076,1909f56bfc062723c751e8b465ee728b) (PreviewImporter) -> (artifact id: '2a9b5b20faa0a95b8d7cb730ac8d29c0') in 0.002648083 seconds
Number of updated asset objects reloaded before import = 0Number of asset objects unloaded after import = 3

========================================================================
Received Import Request.
  Time since last request: 0.034342 seconds.
  path: Assets/_game_/World/Forest/Tiles/Standard/DesertTilemap16x16_90.asset
  artifactKey: Guid(df003d1b869d24a6fad576d305e632c9) Importer(815301076,1909f56bfc062723c751e8b465ee728b)
Start importing Assets/_game_/World/Forest/Tiles/Standard/DesertTilemap16x16_90.asset using Guid(df003d1b869d24a6fad576d305e632c9) Importer(815301076,1909f56bfc062723c751e8b465ee728b) (PreviewImporter) -> (artifact id: 'ab6be09e4a904b88394be5a22c5089ac') in 0.002472875 seconds
Number of updated asset objects reloaded before import = 0Number of asset objects unloaded after import = 3

========================================================================
Received Import Request.
  Time since last request: 0.000089 seconds.
  path: Assets/_game_/World/Forest/Tiles/Standard/DesertTilemap16x16_92.asset
  artifactKey: Guid(f3097804a2a0f44af9d7c1575a668c0b) Importer(815301076,1909f56bfc062723c751e8b465ee728b)
Start importing Assets/_game_/World/Forest/Tiles/Standard/DesertTilemap16x16_92.asset using Guid(f3097804a2a0f44af9d7c1575a668c0b) Importer(815301076,1909f56bfc062723c751e8b465ee728b) (PreviewImporter) -> (artifact id: '3fed5b59066eae6bc51c08de8cea7844') in 0.002388583 seconds
Number of updated asset objects reloaded before import = 0Number of asset objects unloaded after import = 3

========================================================================
Received Import Request.
  Time since last request: 0.000031 seconds.
  path: Assets/_game_/World/Forest/Tiles/Standard/DesertTilemap16x16_97.asset
  artifactKey: Guid(4a4015a84424841afb0dbf1ec6f2f634) Importer(815301076,1909f56bfc062723c751e8b465ee728b)
Start importing Assets/_game_/World/Forest/Tiles/Standard/DesertTilemap16x16_97.asset using Guid(4a4015a84424841afb0dbf1ec6f2f634) Importer(815301076,1909f56bfc062723c751e8b465ee728b) (PreviewImporter) -> (artifact id: '223bb5fda056a91f0a53f244fc0ad2ec') in 0.002465167 seconds
Number of updated asset objects reloaded before import = 0Number of asset objects unloaded after import = 3

========================================================================
Received Import Request.
  Time since last request: 0.000072 seconds.
  path: Assets/_game_/World/Forest/Tiles/Standard/DesertTilemap16x16_95.asset
  artifactKey: Guid(405c0dc8f287542c5aa39eff38042254) Importer(815301076,1909f56bfc062723c751e8b465ee728b)
Start importing Assets/_game_/World/Forest/Tiles/Standard/DesertTilemap16x16_95.asset using Guid(405c0dc8f287542c5aa39eff38042254) Importer(815301076,1909f56bfc062723c751e8b465ee728b) (PreviewImporter) -> (artifact id: '8d62257f773b86b57d26fc2a899bf465') in 0.002558417 seconds
Number of updated asset objects reloaded before import = 0Number of asset objects unloaded after import = 3

========================================================================
Received Import Request.
  Time since last request: 0.000040 seconds.
  path: Assets/_game_/World/Forest/Tiles/Standard/DesertTilemap16x16_96.asset
  artifactKey: Guid(6d8f566708c9f45538db8b5c1dd11907) Importer(815301076,1909f56bfc062723c751e8b465ee728b)
Start importing Assets/_game_/World/Forest/Tiles/Standard/DesertTilemap16x16_96.asset using Guid(6d8f566708c9f45538db8b5c1dd11907) Importer(815301076,1909f56bfc062723c751e8b465ee728b) (PreviewImporter) -> (artifact id: '0d674c13e11686b168633060a87cdb65') in 0.002942375 seconds
Number of updated asset objects reloaded before import = 0Number of asset objects unloaded after import = 3

========================================================================
Received Import Request.
  Time since last request: 0.067831 seconds.
  path: Assets/_game_/World/Forest/Tiles/Standard/DesertTilemap16x16_101.asset
  artifactKey: Guid(3097e5478a74b4d05b057b1773e072fa) Importer(815301076,1909f56bfc062723c751e8b465ee728b)
Start importing Assets/_game_/World/Forest/Tiles/Standard/DesertTilemap16x16_101.asset using Guid(3097e5478a74b4d05b057b1773e072fa) Importer(815301076,1909f56bfc062723c751e8b465ee728b) (PreviewImporter) -> (artifact id: '0392f90b16364a6106aa645b7732e6ba') in 0.002157667 seconds
Number of updated asset objects reloaded before import = 0Number of asset objects unloaded after import = 3

========================================================================
Received Import Request.
  Time since last request: 0.000071 seconds.
  path: Assets/_game_/World/Forest/Tiles/Standard/DesertTilemap16x16_103.asset
  artifactKey: Guid(5ae8a7ca3aa9e4383bdad93e55b96322) Importer(815301076,1909f56bfc062723c751e8b465ee728b)
Start importing Assets/_game_/World/Forest/Tiles/Standard/DesertTilemap16x16_103.asset using Guid(5ae8a7ca3aa9e4383bdad93e55b96322) Importer(815301076,1909f56bfc062723c751e8b465ee728b) (PreviewImporter) -> (artifact id: '3099e2ec3ca16e0d0c89e1ecab8c031a') in 0.002490125 seconds
Number of updated asset objects reloaded before import = 0Number of asset objects unloaded after import = 3

========================================================================
Received Import Request.
  Time since last request: 0.000031 seconds.
  path: Assets/_game_/World/Forest/Tiles/Standard/DesertTilemap16x16_110.asset
  artifactKey: Guid(75623ec24c0594df580ff6f8cf7c62ca) Importer(815301076,1909f56bfc062723c751e8b465ee728b)
Start importing Assets/_game_/World/Forest/Tiles/Standard/DesertTilemap16x16_110.asset using Guid(75623ec24c0594df580ff6f8cf7c62ca) Importer(815301076,1909f56bfc062723c751e8b465ee728b) (PreviewImporter) -> (artifact id: 'd11aa958bc9dcd545dde5baeaca47571') in 0.002344542 seconds
Number of updated asset objects reloaded before import = 0Number of asset objects unloaded after import = 3

========================================================================
Received Import Request.
  Time since last request: 0.000040 seconds.
  path: Assets/_game_/World/Forest/Tiles/Standard/DesertTilemap16x16_104.asset
  artifactKey: Guid(df7f8523a2019411ab8f3e32c2b92662) Importer(815301076,1909f56bfc062723c751e8b465ee728b)
Start importing Assets/_game_/World/Forest/Tiles/Standard/DesertTilemap16x16_104.asset using Guid(df7f8523a2019411ab8f3e32c2b92662) Importer(815301076,1909f56bfc062723c751e8b465ee728b) (PreviewImporter) -> (artifact id: '61617523ab3e232ad1d3fd78151d0675') in 0.00241975 seconds
Number of updated asset objects reloaded before import = 0Number of asset objects unloaded after import = 3

========================================================================
Received Import Request.
  Time since last request: 0.000025 seconds.
  path: Assets/_game_/World/Forest/Tiles/Standard/DesertTilemap16x16_105.asset
  artifactKey: Guid(97081e41fd9dc414e92d3b382b62fdf7) Importer(815301076,1909f56bfc062723c751e8b465ee728b)
Start importing Assets/_game_/World/Forest/Tiles/Standard/DesertTilemap16x16_105.asset using Guid(97081e41fd9dc414e92d3b382b62fdf7) Importer(815301076,1909f56bfc062723c751e8b465ee728b) (PreviewImporter) -> (artifact id: '7ddcdc3ce3d08424a74086872738eac5') in 0.002331959 seconds
Number of updated asset objects reloaded before import = 0Number of asset objects unloaded after import = 3

========================================================================
Received Prepare
Begin MonoManager ReloadAssembly
Thread 0x3213df000 may have been prematurely finalized
- Loaded All Assemblies, in  0.257 seconds
Refreshing native plugins compatible for Editor in 0.05 ms, found 0 plugins.
Native extension for OSXStandalone target not found
Native extension for WebGL target not found
Mono: successfully reloaded assembly
- Finished resetting the current domain, in  0.175 seconds
Domain Reload Profiling: 434ms
	BeginReloadAssembly (140ms)
		ExecutionOrderSort (0ms)
		DisableScriptedObjects (13ms)
		BackupInstance (0ms)
		ReleaseScriptingObjects (0ms)
		CreateAndSetChildDomain (59ms)
	RebuildCommonClasses (24ms)
	RebuildNativeTypeToScriptingClass (8ms)
	initialDomainReloadingComplete (13ms)
	LoadAllAssembliesAndSetupDomain (73ms)
		LoadAssemblies (100ms)
		RebuildTransferFunctionScriptingTraits (0ms)
		AnalyzeDomain (13ms)
			TypeCache.Refresh (8ms)
				TypeCache.ScanAssembly (1ms)
			BuildScriptInfoCaches (4ms)
			ResolveRequiredComponents (0ms)
	FinalizeReload (175ms)
		ReleaseScriptCaches (0ms)
		RebuildScriptCaches (0ms)
		SetupLoadedEditorAssemblies (128ms)
			LogAssemblyErrors (0ms)
			InitializePlatformSupportModulesInManaged (2ms)
			SetLoadedEditorAssemblies (2ms)
			BeforeProcessingInitializeOnLoad (51ms)
			ProcessInitializeOnLoadAttributes (62ms)
			ProcessInitializeOnLoadMethodAttributes (11ms)
			AfterProcessingInitializeOnLoad (0ms)
			EditorAssembliesLoaded (0ms)
		ExecutionOrderSort2 (0ms)
		AwakeInstancesAfterBackupRestoration (2ms)
Refreshing native plugins compatible for Editor in 0.04 ms, found 0 plugins.
Preloading 0 native plugins for Editor in 0.00 ms.
Unloading 0 Unused Serialized files (Serialized files now loaded: 0)
Unloading 62 unused Assets / (1.0 KB). Loaded Objects now: 585.
Memory consumption went from 88.6 MB to 88.6 MB.
Total: 2.836875 ms (FindLiveObjects: 0.019667 ms CreateObjectMapping: 0.003583 ms MarkObjects: 2.794375 ms  DeleteObjects: 0.018917 ms)

Prepare: number of updated asset objects reloaded= 1
AssetImportWorkerClient::OnTransportError - code=2 error=End of file
